case,model,order,version,n,time_sec
1,2,2,1,20,3.0982333379797637
1,2,2,1,30,0.034433410968631506
1,2,2,1,40,0.046207101084291935
1,2,2,1,50,0.05748193617910147
1,2,2,1,60,0.06941894488409162
1,2,2,1,70,0.08020731713622808
1,2,2,1,80,0.09153102105483413
1,2,2,1,90,0.10339278494939208
1,2,2,1,100,0.11490134941413999
1,2,2,1,110,0.12675177166238427
1,2,2,1,120,0.13728863699361682
1,2,2,1,130,0.14815301960334182
1,2,2,1,140,0.16066393116489053
1,2,2,1,150,0.17176718404516578
1,2,2,1,160,0.18395444378256798
1,2,2,1,170,0.1946759377606213
1,2,2,1,180,0.2061119619756937
1,2,2,1,190,0.21703463699668646
1,2,2,1,200,0.22957651130855083
1,2,2,1,210,0.24060362810268998
1,2,2,1,220,0.25259988009929657
1,2,2,1,230,0.2637793938629329
1,2,2,1,240,0.2742298888042569
1,2,2,1,250,0.2866172669455409
1,2,2,1,260,0.29937182320281863
1,2,2,1,270,0.3100333269685507
1,2,2,1,280,0.3209147248417139
1,2,2,1,290,0.3324506292119622
1,2,2,1,300,0.34056985937058926
1,2,2,1,310,0.3530668490566313
1,2,2,1,320,0.36548931105062366
1,2,2,1,330,0.37665437720716
1,2,2,1,340,0.3878404702991247
1,2,2,1,350,0.39923061477020383
1,2,2,1,360,0.40992168383672833
1,2,2,1,370,0.42229969101026654
1,2,2,1,380,0.43345809495076537
1,2,2,1,390,0.4434074107557535
1,2,2,1,400,0.4551000497303903
1,2,2,1,410,0.4670064621604979
1,2,2,1,420,0.4771597399376333
1,2,2,1,430,0.48932731710374355
1,2,2,1,440,0.501538182143122
1,2,2,1,450,0.5123060988262296
1,2,2,1,460,0.5242634392343462
1,2,2,1,470,0.5342401028610766
1,2,2,1,480,0.5443296381272376
1,2,2,1,490,0.5550071489997208
1,2,2,1,500,0.5703664501197636
1,2,2,1,510,0.5795581829734147
1,2,2,1,520,0.5928602642379701
1,2,2,1,530,0.603611241094768
1,2,2,1,540,0.6145094293169677
1,2,2,1,550,0.6258914829231799
1,2,2,1,560,0.6385100176557899
1,2,2,1,570,0.6500393198803067
1,2,2,1,580,0.6589685389772058
1,2,2,1,590,0.6723764170892537
1,2,2,2,20,0.022801275830715895
1,2,2,2,30,0.0343812657520175
1,2,2,2,40,0.0458544441498816
1,2,2,2,50,0.057430803775787354
1,2,2,2,60,0.06846538139507174
1,2,2,2,70,0.08005631295964122
1,2,2,2,80,0.09249278903007507
1,2,2,2,90,0.10288139106705785
1,2,2,2,100,0.11364517081528902
1,2,2,2,110,0.12534866016358137
1,2,2,2,120,0.13667703000828624
1,2,2,2,130,0.14819612819701433
1,2,2,2,140,0.15994424000382423
1,2,2,2,150,0.1714049419388175
1,2,2,2,160,0.18324117315933108
1,2,2,2,170,0.19363828608766198
1,2,2,2,180,0.20538991875946522
1,2,2,2,190,0.21691635204479098
1,2,2,2,200,0.22912974515929818
1,2,2,2,210,0.2405352732166648
1,2,2,2,220,0.25092129595577717
1,2,2,2,230,0.2617979939095676
1,2,2,2,240,0.27397679910063744
1,2,2,2,250,0.2884876145981252
1,2,2,2,260,0.29508598102256656
1,2,2,2,270,0.30875092186033726
1,2,2,2,280,0.32347566122189164
1,2,2,2,290,0.3290678379125893
1,2,2,2,300,0.3390818117186427
1,2,2,2,310,0.35241053299978375
1,2,2,2,320,0.36284638196229935
1,2,2,2,330,0.37619807571172714
1,2,2,2,340,0.3871384742669761
1,2,2,2,350,0.39810720924288034
1,2,2,2,360,0.40977936005219817
1,2,2,2,370,0.4214888969436288
1,2,2,2,380,0.43271547090262175
1,2,2,2,390,0.4444811940193176
1,2,2,2,400,0.45585000002756715
1,2,2,2,410,0.466370299924165
1,2,2,2,420,0.47888814890757203
1,2,2,2,430,0.49023464880883694
1,2,2,2,440,0.5012567560188472
1,2,2,2,450,0.512007855810225
1,2,2,2,460,0.5235975300893188
1,2,2,2,470,0.5352368368767202
1,2,2,2,480,0.5464265299960971
1,2,2,2,490,0.5568483802489936
1,2,2,2,500,0.5717317969538271
1,2,2,2,510,0.5803070100955665
1,2,2,2,520,0.5921579850837588
1,2,2,2,530,0.6036283690482378
1,2,2,2,540,0.6154148038476706
1,2,2,2,550,0.6252713240683079
1,2,2,2,560,0.6369241271167994
1,2,2,2,570,0.6493596942164004
1,2,2,2,580,0.6604903759434819
1,2,2,2,590,0.6727165710180998
1,2,4,1,20,0.02275263797491789
1,2,4,1,30,0.034383781254291534
1,2,4,1,40,0.04557806206867099
1,2,4,1,50,0.05722479894757271
1,2,4,1,60,0.06834355695173144
1,2,4,1,70,0.07994541106745601
1,2,4,1,80,0.09146350109949708
1,2,4,1,90,0.10281662316992879
1,2,4,1,100,0.11392383836209774
1,2,4,1,110,0.12526530819013715
1,2,4,1,120,0.13685384206473827
1,2,4,1,130,0.14865741226822138
1,2,4,1,140,0.15962150786072016
1,2,4,1,150,0.1714127277955413
1,2,4,1,160,0.182944028172642
1,2,4,1,170,0.19357916433364153
1,2,4,1,180,0.205095618031919
1,2,4,1,190,0.21691898489370942
1,2,4,1,200,0.22782456316053867
1,2,4,1,210,0.24056093767285347
1,2,4,1,220,0.25049317022785544
1,2,4,1,230,0.2628721562214196
1,2,4,1,240,0.27356133982539177
1,2,4,1,250,0.28516743099316955
1,2,4,1,260,0.29522357787936926
1,2,4,1,270,0.30605726409703493
1,2,4,1,280,0.31860380014404655
1,2,4,1,290,0.33013218035921454
1,2,4,1,300,0.3413678309880197
1,2,4,1,310,0.3521378831937909
1,2,4,1,320,0.3629669710062444
1,2,4,1,330,0.37535283202305436
1,2,4,1,340,0.3862788868136704
1,2,4,1,350,0.397283932659775
1,2,4,1,360,0.4086807956919074
1,2,4,1,370,0.42101400112733245
1,2,4,1,380,0.4322555479593575
1,2,4,1,390,0.4449145537801087
1,2,4,1,400,0.4541223240084946
1,2,4,1,410,0.4666611151769757
1,2,4,1,420,0.47809013025835156
1,2,4,1,430,0.48875208012759686
1,2,4,1,440,0.5011686021462083
1,2,4,1,450,0.511158986017108
1,2,4,1,460,0.520790726877749
1,2,4,1,470,0.5343759590759873
1,2,4,1,480,0.5462280712090433
1,2,4,1,490,0.5584660521708429
1,2,4,1,500,0.5702532799914479
1,2,4,1,510,0.5799440601840615
1,2,4,1,520,0.5897579030133784
1,2,4,1,530,0.6034049806185067
1,2,4,1,540,0.6141037908382714
1,2,4,1,550,0.6281375759281218
1,2,4,1,560,0.6369634550064802
1,2,4,1,570,0.6492269998416305
1,2,4,1,580,0.6589397620409727
1,2,4,1,590,0.6729662911966443
1,2,4,2,20,0.022815913893282413
1,2,4,2,30,0.03417664021253586
1,2,4,2,40,0.045390269719064236
1,2,4,2,50,0.05707903206348419
1,2,4,2,60,0.06844187807291746
1,2,4,2,70,0.07965945731848478
1,2,4,2,80,0.09074695315212011
1,2,4,2,90,0.10218458203598857
1,2,4,2,100,0.11353464936837554
1,2,4,2,110,0.12550146970897913
1,2,4,2,120,0.1367482589557767
1,2,4,2,130,0.14820963284000754
1,2,4,2,140,0.15946277882903814
1,2,4,2,150,0.17123581795021892
1,2,4,2,160,0.1821477939374745
1,2,4,2,170,0.19410806382074952
1,2,4,2,180,0.20525709073990583
1,2,4,2,190,0.21771302679553628
1,2,4,2,200,0.228223558049649
1,2,4,2,210,0.23986013466492295
1,2,4,2,220,0.250581132248044
1,2,4,2,230,0.2612629709765315
1,2,4,2,240,0.2727439240552485
1,2,4,2,250,0.2849138341844082
1,2,4,2,260,0.29570335103198886
1,2,4,2,270,0.30813012598082423
1,2,4,2,280,0.31890692096203566
1,2,4,2,290,0.3306673429906368
1,2,4,2,300,0.34087949385866523
1,2,4,2,310,0.35259298980236053
1,2,4,2,320,0.3636928517371416
1,2,4,2,330,0.37552366917952895
1,2,4,2,340,0.3857680819928646
1,2,4,2,350,0.39801015378907323
1,2,4,2,360,0.4095733221620321
1,2,4,2,370,0.4208962400443852
1,2,4,2,380,0.4314904771745205
1,2,4,2,390,0.44362946692854166
1,2,4,2,400,0.45531365694478154
1,2,4,2,410,0.46688775392249227
1,2,4,2,420,0.4784860387444496
1,2,4,2,430,0.4894817676395178
1,2,4,2,440,0.5014646193012595
1,2,4,2,450,0.5130209210328758
1,2,4,2,460,0.5231611039489508
1,2,4,2,470,0.5347644677385688
1,2,4,2,480,0.5470090880990028
1,2,4,2,490,0.5584673080593348
1,2,4,2,500,0.5693485802039504
1,2,4,2,510,0.5811256263405085
1,2,4,2,520,0.5904991957359016
1,2,4,2,530,0.6024402040056884
1,2,4,2,540,0.6121568330563605
1,2,4,2,550,0.6250319052487612
1,2,4,2,560,0.6353536532260478
1,2,4,2,570,0.6467868448235095
1,2,4,2,580,0.6595521359704435
1,2,4,2,590,0.6711068931035697
1,2,6,1,20,0.02275737887248397
1,2,6,1,30,0.03417437803000212
1,2,6,1,40,0.04554393794387579
1,2,6,1,50,0.05711315758526325
1,2,6,1,60,0.0682042702101171
1,2,6,1,70,0.07999339187517762
1,2,6,1,80,0.09092034585773945
1,2,6,1,90,0.102824074216187
1,2,6,1,100,0.11362406797707081
1,2,6,1,110,0.12558830808848143
1,2,6,1,120,0.1365847922861576
1,2,6,1,130,0.14750812575221062
1,2,6,1,140,0.1592840449884534
1,2,6,1,150,0.17154662497341633
1,2,6,1,160,0.18250798899680376
1,2,6,1,170,0.19425636716187
1,2,6,1,180,0.2053201226517558
1,2,6,1,190,0.2164995656348765
1,2,6,1,200,0.22773067373782396
1,2,6,1,210,0.23901126207783818
1,2,6,1,220,0.2511679087765515
1,2,6,1,230,0.2628454430960119
1,2,6,1,240,0.27305422630161047
1,2,6,1,250,0.2857999852858484
1,2,6,1,260,0.2965971198864281
1,2,6,1,270,0.30907135596498847
1,2,6,1,280,0.31884166691452265
1,2,6,1,290,0.33186381915584207
1,2,6,1,300,0.34160025930032134
1,2,6,1,310,0.3529483759775758
1,2,6,1,320,0.36481967894360423
1,2,6,1,330,0.37544233864173293
1,2,6,1,340,0.3883576071821153
1,2,6,1,350,0.3986439141444862
1,2,6,1,360,0.41008931305259466
1,2,6,1,370,0.4215824971906841
1,2,6,1,380,0.4317505662329495
1,2,6,1,390,0.44428460439667106
1,2,6,1,400,0.45460112718865275
1,2,6,1,410,0.46699377009645104
1,2,6,1,420,0.48342696810141206
1,2,6,1,430,0.5002123978920281
1,2,6,1,440,0.5025075660087168
1,2,6,1,450,0.5148361786268651
1,2,6,1,460,0.523514071945101
1,2,6,1,470,0.5370524059981108
1,2,6,1,480,0.5480640651658177
1,2,6,1,490,0.5605902778916061
1,2,6,1,500,0.5715971877798438
1,2,6,1,510,0.5832254122942686
1,2,6,1,520,0.5932335080578923
1,2,6,1,530,0.6054021860472858
1,2,6,1,540,0.6161114629358053
1,2,6,1,550,0.6281576231122017
1,2,6,1,560,0.6383621618151665
1,2,6,1,570,0.6496356171555817
1,2,6,1,580,0.6595949176698923
1,2,6,1,590,0.6706994562409818
1,2,6,2,20,0.022797048091888428
1,2,6,2,30,0.03410456422716379
1,2,6,2,40,0.04528796626254916
1,2,6,2,50,0.056942971888929605
1,2,6,2,60,0.06834507314488292
1,2,6,2,70,0.07997139496728778
1,2,6,2,80,0.09093553386628628
1,2,6,2,90,0.10258719976991415
1,2,6,2,100,0.11349460389465094
1,2,6,2,110,0.1257533491589129
1,2,6,2,120,0.1362767582759261
1,2,6,2,130,0.14807525696232915
1,2,6,2,140,0.15963077917695045
1,2,6,2,150,0.17145720589905977
1,2,6,2,160,0.18221949692815542
1,2,6,2,170,0.19399465201422572
1,2,6,2,180,0.2059338833205402
1,2,6,2,190,0.21661906316876411
1,2,6,2,200,0.22802002681419253
1,2,6,2,210,0.23981814878061414
1,2,6,2,220,0.24997331015765667
1,2,6,2,230,0.26283930987119675
1,2,6,2,240,0.27723987912759185
1,2,6,2,250,0.28652148600667715
1,2,6,2,260,0.29993397276848555
1,2,6,2,270,0.31176903704181314
1,2,6,2,280,0.32216867012903094
1,2,6,2,290,0.33074654499068856
1,2,6,2,300,0.3419879130087793
1,2,6,2,310,0.35383225232362747
1,2,6,2,320,0.3639186732470989
1,2,6,2,330,0.375784067902714
1,2,6,2,340,0.3863640669733286
1,2,6,2,350,0.3986101350747049
1,2,6,2,360,0.4088102728128433
1,2,6,2,370,0.421348097268492
1,2,6,2,380,0.4315514019690454
1,2,6,2,390,0.4441613629460335
1,2,6,2,400,0.454453753773123
1,2,6,2,410,0.46785393776372075
1,2,6,2,420,0.4775721626356244
1,2,6,2,430,0.4905718374066055
1,2,6,2,440,0.5002221739850938
1,2,6,2,450,0.512941800057888
1,2,6,2,460,0.5226996140554547
1,2,6,2,470,0.5360127720050514
1,2,6,2,480,0.548098610714078
1,2,6,2,490,0.563309061806649
1,2,6,2,500,0.5681818248704076
1,2,6,2,510,0.5796168469823897
1,2,6,2,520,0.5930361528880894
1,2,6,2,530,0.6032636752352118
1,2,6,2,540,0.6172179351560771
1,2,6,2,550,0.6291187577880919
1,2,6,2,560,0.6379359969869256
1,2,6,2,570,0.649732762016356
1,2,6,2,580,0.6621975302696228
1,2,6,2,590,0.6721655777655542
1,2,8,1,20,0.022780741099268198
1,2,8,1,30,0.03434925293549895
1,2,8,1,40,0.045745315961539745
1,2,8,1,50,0.05695777805522084
1,2,8,1,60,0.06861610477790236
1,2,8,1,70,0.07997661689296365
1,2,8,1,80,0.09138938970863819
1,2,8,1,90,0.10367964301258326
1,2,8,1,100,0.11411200696602464
1,2,8,1,110,0.12574465479701757
1,2,8,1,120,0.1370143899694085
1,2,8,1,130,0.1488096108660102
1,2,8,1,140,0.1596501311287284
1,2,8,1,150,0.17074837302789092
1,2,8,1,160,0.18299307394772768
1,2,8,1,170,0.1942227417603135
1,2,8,1,180,0.20541032403707504
1,2,8,1,190,0.21651992201805115
1,2,8,1,200,0.22745796386152506
1,2,8,1,210,0.23981912387534976
1,2,8,1,220,0.25029123574495316
1,2,8,1,230,0.2652784427627921
1,2,8,1,240,0.2796321250498295
1,2,8,1,250,0.2845850088633597
1,2,8,1,260,0.2935021109879017
1,2,8,1,270,0.3072640160098672
1,2,8,1,280,0.3175453250296414
1,2,8,1,290,0.33049874380230904
1,2,8,1,300,0.3417162629775703
1,2,8,1,310,0.3537188661284745
1,2,8,1,320,0.36470362870022655
1,2,8,1,330,0.3773170015774667
1,2,8,1,340,0.3865651162341237
1,2,8,1,350,0.39876948203891516
1,2,8,1,360,0.4106127079576254
1,2,8,1,370,0.4223381970077753
1,2,8,1,380,0.43394073424860835
1,2,8,1,390,0.44527680426836014
1,2,8,1,400,0.45498586911708117
1,2,8,1,410,0.46724811382591724
1,2,8,1,420,0.4780087932012975
1,2,8,1,430,0.49048947310075164
1,2,8,1,440,0.5009374031797051
1,2,8,1,450,0.5121015883050859
1,2,8,1,460,0.5237875930033624
1,2,8,1,470,0.5364289390854537
1,2,8,1,480,0.548266967292875
1,2,8,1,490,0.5590166659094393
1,2,8,1,500,0.570032806135714
1,2,8,1,510,0.5815726770088077
1,2,8,1,520,0.5928979460150003
1,2,8,1,530,0.6048036501742899
1,2,8,1,540,0.614766662940383
1,2,8,1,550,0.6266459641046822
1,2,8,1,560,0.6376798138953745
1,2,8,1,570,0.6481863320805132
1,2,8,1,580,0.6613009930588305
1,2,8,1,590,0.6743391351774335
1,2,8,2,20,0.02273754682391882
1,2,8,2,30,0.03430081997066736
1,2,8,2,40,0.04554661177098751
1,2,8,2,50,0.0571709843352437
1,2,8,2,60,0.06840032013133168
1,2,8,2,70,0.0800776588730514
1,2,8,2,80,0.09171129204332829
1,2,8,2,90,0.10321762319654226
1,2,8,2,100,0.11423469008877873
1,2,8,2,110,0.12549218302592635
1,2,8,2,120,0.1375034092925489
1,2,8,2,130,0.14895945694297552
1,2,8,2,140,0.15969759318977594
1,2,8,2,150,0.17125426838174462
1,2,8,2,160,0.1828467957675457
1,2,8,2,170,0.1939465757459402
1,2,8,2,180,0.2049333518370986
1,2,8,2,190,0.21708366181701422
1,2,8,2,200,0.22761683212593198
1,2,8,2,210,0.23953877482563257
1,2,8,2,220,0.253585119266063
1,2,8,2,230,0.26447110204026103
1,2,8,2,240,0.27455446869134903
1,2,8,2,250,0.28628046391531825
1,2,8,2,260,0.2981959260068834
1,2,8,2,270,0.3100592182017863
1,2,8,2,280,0.32196089904755354
1,2,8,2,290,0.33250118559226394
1,2,8,2,300,0.3440456362441182
1,2,8,2,310,0.3561684680171311
1,2,8,2,320,0.3676335532218218
1,2,8,2,330,0.3782266741618514
1,2,8,2,340,0.38898916728794575
1,2,8,2,350,0.40052558900788426
1,2,8,2,360,0.41323353722691536
1,2,8,2,370,0.42337704123929143
1,2,8,2,380,0.4348613051697612
1,2,8,2,390,0.44702963810414076
1,2,8,2,400,0.4584647589363158
1,2,8,2,410,0.46973287081345916
1,2,8,2,420,0.4828047319315374
1,2,8,2,430,0.4934513601474464
1,2,8,2,440,0.5032472661696374
1,2,8,2,450,0.5178710566833615
1,2,8,2,460,0.526273266877979
1,2,8,2,470,0.5386971803382039
1,2,8,2,480,0.5504937651567161
1,2,8,2,490,0.5647311098873615
1,2,8,2,500,0.5731399287469685
1,2,8,2,510,0.5867074192501605
1,2,8,2,520,0.5966192032210529
1,2,8,2,530,0.6089892187155783
1,2,8,2,540,0.6198651590384543
1,2,8,2,550,0.6308647380210459
1,2,8,2,560,0.6424718438647687
1,2,8,2,570,0.6533425832167268
1,2,8,2,580,0.6640396011061966
1,2,8,2,590,0.6778187602758408
1,2,10,1,20,0.023073596879839897
1,2,10,1,30,0.03478658013045788
1,2,10,1,40,0.04597538569942117
1,2,10,1,50,0.05765123385936022
1,2,10,1,60,0.0689224828965962
1,2,10,1,70,0.080919133964926
1,2,10,1,80,0.09230661811307073
1,2,10,1,90,0.10384475719183683
1,2,10,1,100,0.11493046302348375
1,2,10,1,110,0.12738509895280004
1,2,10,1,120,0.13848955975845456
1,2,10,1,130,0.1498400908894837
1,2,10,1,140,0.16089592594653368
1,2,10,1,150,0.17283328576013446
1,2,10,1,160,0.18422313267365098
1,2,10,1,170,0.1962601700797677
1,2,10,1,180,0.20681568700820208
1,2,10,1,190,0.21920866705477238
1,2,10,1,200,0.23037244891747832
1,2,10,1,210,0.24180313711985946
1,2,10,1,220,0.25342669803649187
1,2,10,1,230,0.264673157595098
1,2,10,1,240,0.27569471299648285
1,2,10,1,250,0.2886999249458313
1,2,10,1,260,0.30033437069505453
1,2,10,1,270,0.3107967749238014
1,2,10,1,280,0.3225745898671448
1,2,10,1,290,0.3335836618207395
1,2,10,1,300,0.34359396575018764
1,2,10,1,310,0.35587840573862195
1,2,10,1,320,0.36843473091721535
1,2,10,1,330,0.3798979688435793
1,2,10,1,340,0.39219080889597535
1,2,10,1,350,0.4045889191329479
1,2,10,1,360,0.4133490421809256
1,2,10,1,370,0.4260737271979451
1,2,10,1,380,0.43695349991321564
1,2,10,1,390,0.45012935902923346
1,2,10,1,400,0.46015638625249267
1,2,10,1,410,0.47109101014211774
1,2,10,1,420,0.483239168766886
1,2,10,1,430,0.492697455920279
1,2,10,1,440,0.5035737338475883
1,2,10,1,450,0.5153915090486407
1,2,10,1,460,0.5253441138193011
1,2,10,1,470,0.5367177189327776
1,2,10,1,480,0.5490090274251997
1,2,10,1,490,0.560323272831738
1,2,10,1,500,0.5706592542119324
1,2,10,1,510,0.5845880904234946
1,2,10,1,520,0.5939721968024969
1,2,10,1,530,0.6097287987358868
1,2,10,1,540,0.6175121166743338
1,2,10,1,550,0.6296404688619077
1,2,10,1,560,0.6405339147895575
1,2,10,1,570,0.6534399259835482
1,2,10,1,580,0.6639645779505372
1,2,10,1,590,0.6756131718866527
1,2,10,2,20,0.022898572962731123
1,2,10,2,30,0.0343072316609323
1,2,10,2,40,0.045623513869941235
1,2,10,2,50,0.057074448093771935
1,2,10,2,60,0.06808434100821614
1,2,10,2,70,0.07971702795475721
1,2,10,2,80,0.09117566328495741
1,2,10,2,90,0.10265745827928185
1,2,10,2,100,0.11508922092616558
1,2,10,2,110,0.12626385409384966
1,2,10,2,120,0.1377522349357605
1,2,10,2,130,0.14912549126893282
1,2,10,2,140,0.16024140501394868
1,2,10,2,150,0.17176444781944156
1,2,10,2,160,0.18318102369084954
1,2,10,2,170,0.19595805881544948
1,2,10,2,180,0.20642083697021008
1,2,10,2,190,0.21808364195749164
1,2,10,2,200,0.22944115987047553
1,2,10,2,210,0.24100048234686255
1,2,10,2,220,0.251441340893507
1,2,10,2,230,0.2634366168640554
1,2,10,2,240,0.2744408021681011
1,2,10,2,250,0.2865332877263427
1,2,10,2,260,0.29869126388803124
1,2,10,2,270,0.3100423291325569
1,2,10,2,280,0.3203019560314715
1,2,10,2,290,0.33259462285786867
1,2,10,2,300,0.3432179670780897
1,2,10,2,310,0.3547464031726122
1,2,10,2,320,0.366205669939518
1,2,10,2,330,0.3785458179190755
1,2,10,2,340,0.3897179560735822
1,2,10,2,350,0.4008044982329011
1,2,10,2,360,0.41293203830718994
1,2,10,2,370,0.4249280169606209
1,2,10,2,380,0.43668137304484844
1,2,10,2,390,0.44775118585675955
1,2,10,2,400,0.4597365092486143
1,2,10,2,410,0.47053237399086356
1,2,10,2,420,0.4816559413447976
1,2,10,2,430,0.4924929551780224
1,2,10,2,440,0.5043683182448149
1,2,10,2,450,0.5160052496939898
1,2,10,2,460,0.5277435090392828
1,2,10,2,470,0.5390955619513988
1,2,10,2,480,0.5495291133411229
1,2,10,2,490,0.560036419890821
1,2,10,2,500,0.571402600966394
1,2,10,2,510,0.5832353308796883
1,2,10,2,520,0.5941580790095031
1,2,10,2,530,0.6063747359439731
1,2,10,2,540,0.6179833631031215
1,2,10,2,550,0.62998176086694
1,2,10,2,560,0.64072942500934
1,2,10,2,570,0.6520425099879503
1,2,10,2,580,0.6638372368179262
1,2,10,2,590,0.6778551726602018
1,2,12,1,20,0.023182726930826902
1,2,12,1,30,0.03468066081404686
1,2,12,1,40,0.0461457627825439
1,2,12,1,50,0.05763917788863182
1,2,12,1,60,0.06902075279504061
1,2,12,1,70,0.08041682420298457
1,2,12,1,80,0.0920482468791306
1,2,12,1,90,0.1039462760090828
1,2,12,1,100,0.1150737521238625
1,2,12,1,110,0.12718331906944513
1,2,12,1,120,0.13839028403162956
1,2,12,1,130,0.15028397226706147
1,2,12,1,140,0.16150860209017992
1,2,12,1,150,0.17303366400301456
1,2,12,1,160,0.18494991585612297
1,2,12,1,170,0.19629097497090697
1,2,12,1,180,0.20787819754332304
1,2,12,1,190,0.22010005731135607
1,2,12,1,200,0.23084215028211474
1,2,12,1,210,0.2427981118671596
1,2,12,1,220,0.2541900626383722
1,2,12,1,230,0.2659083758480847
1,2,12,1,240,0.2774385139346123
1,2,12,1,250,0.288518728222698
1,2,12,1,260,0.30089101288467646
1,2,12,1,270,0.31237693689763546
1,2,12,1,280,0.3234167159534991
1,2,12,1,290,0.3355612657032907
1,2,12,1,300,0.3466679151169956
1,2,12,1,310,0.35786089999601245
1,2,12,1,320,0.36921332497149706
1,2,12,1,330,0.3814584147185087
1,2,12,1,340,0.39289295487105846
1,2,12,1,350,0.40433761896565557
1,2,12,1,360,0.415765558835119
1,2,12,1,370,0.42772835213690996
1,2,12,1,380,0.4393883249722421
1,2,12,1,390,0.4508937317878008
1,2,12,1,400,0.4630344263277948
1,2,12,1,410,0.47459241282194853
1,2,12,1,420,0.48453771183267236
1,2,12,1,430,0.49702849285677075
1,2,12,1,440,0.5077502378262579
1,2,12,1,450,0.5187568101100624
1,2,12,1,460,0.5298335589468479
1,2,12,1,470,0.543939096853137
1,2,12,1,480,0.5549847362563014
1,2,12,1,490,0.5681418441236019
1,2,12,1,500,0.5783092533238232
1,2,12,1,510,0.5889964592643082
1,2,12,1,520,0.6000618599355221
1,2,12,1,530,0.6124968812800944
1,2,12,1,540,0.6218623830936849
1,2,12,1,550,0.6358395097777247
1,2,12,1,560,0.6468912470154464
1,2,12,1,570,0.6596833546645939
1,2,12,1,580,0.6711776959709823
1,2,12,1,590,0.6804253752343357
1,2,12,2,20,0.02295922115445137
1,2,12,2,30,0.0346163148060441
1,2,12,2,40,0.04610075429081917
1,2,12,2,50,0.05772189004346728
1,2,12,2,60,0.06890638684853911
1,2,12,2,70,0.08071235381066799
1,2,12,2,80,0.09185554878786206
1,2,12,2,90,0.1041254960000515
1,2,12,2,100,0.11620044382289052
1,2,12,2,110,0.12751926388591528
1,2,12,2,120,0.13868133118376136
1,2,12,2,130,0.15054607391357422
1,2,12,2,140,0.16233465680852532
1,2,12,2,150,0.17359912488609552
1,2,12,2,160,0.184924169909209
1,2,12,2,170,0.19711788091808558
1,2,12,2,180,0.20877092611044645
1,2,12,2,190,0.2195368423126638
1,2,12,2,200,0.23054609913378954
1,2,12,2,210,0.24150559026747942
1,2,12,2,220,0.25417008763179183
1,2,12,2,230,0.26530075492337346
1,2,12,2,240,0.2764339284040034
1,2,12,2,250,0.2893377086147666
1,2,12,2,260,0.3002473348751664
1,2,12,2,270,0.3126156236976385
1,2,12,2,280,0.3233454991132021
1,2,12,2,290,0.33507666271179914
1,2,12,2,300,0.34667598688974977
1,2,12,2,310,0.35983267799019814
1,2,12,2,320,0.36957552563399076
1,2,12,2,330,0.38160528102889657
1,2,12,2,340,0.3919452312402427
1,2,12,2,350,0.4051932138390839
1,2,12,2,360,0.41552588203921914
1,2,12,2,370,0.42638518242165446
1,2,12,2,380,0.4382845787331462
1,2,12,2,390,0.4511180380359292
1,2,12,2,400,0.4633543281815946
1,2,12,2,410,0.4747797050513327
1,2,12,2,420,0.4852037620730698
1,2,12,2,430,0.49687707982957363
1,2,12,2,440,0.5086852232925594
1,2,12,2,450,0.5201961928978562
1,2,12,2,460,0.5314966877922416
1,2,12,2,470,0.543864456936717
1,2,12,2,480,0.5545406462624669
1,2,12,2,490,0.5661088121123612
1,2,12,2,500,0.5795776001177728
1,2,12,2,510,0.5894947024062276
1,2,12,2,520,0.6006934582255781
1,2,12,2,530,0.6154753109440207
1,2,12,2,540,0.6249077459797263
1,2,12,2,550,0.6354555529542267
1,2,12,2,560,0.6469265292398632
1,2,12,2,570,0.6607647077180445
1,2,12,2,580,0.6690709730610251
1,2,12,2,590,0.6831308552064002
1,3,2,1,20,0.02279834635555744
1,3,2,1,30,0.03424335177987814
1,3,2,1,40,0.0455925683490932
1,3,2,1,50,0.057141690980643034
1,3,2,1,60,0.06824820395559072
1,3,2,1,70,0.07973804976791143
1,3,2,1,80,0.09093893505632877
1,3,2,1,90,0.10256982874125242
1,3,2,1,100,0.11391174420714378
1,3,2,1,110,0.1250181021168828
1,3,2,1,120,0.13665914302691817
1,3,2,1,130,0.14806102588772774
1,3,2,1,140,0.15917934896424413
1,3,2,1,150,0.170942191965878
1,3,2,1,160,0.18227201281115413
1,3,2,1,170,0.19380541611462831
1,3,2,1,180,0.20452420599758625
1,3,2,1,190,0.21598599990829825
1,3,2,1,200,0.22791959112510085
1,3,2,1,210,0.23882112000137568
1,3,2,1,220,0.24970182916149497
1,3,2,1,230,0.2623433619737625
1,3,2,1,240,0.2733738860115409
1,3,2,1,250,0.2848949832841754
1,3,2,1,260,0.2958658142015338
1,3,2,1,270,0.3072266289964318
1,3,2,1,280,0.3188483011908829
1,3,2,1,290,0.3300407840870321
1,3,2,1,300,0.34144913498312235
1,3,2,1,310,0.3529358231462538
1,3,2,1,320,0.36305373534560204
1,3,2,1,330,0.3749745097011328
1,3,2,1,340,0.38653845619410276
1,3,2,1,350,0.3965254072099924
1,3,2,1,360,0.4075864451006055
1,3,2,1,370,0.41770369466394186
1,3,2,1,380,0.43188296630978584
1,3,2,1,390,0.4422268602065742
1,3,2,1,400,0.45455031702294946
1,3,2,1,410,0.46566490177065134
1,3,2,1,420,0.4756019269116223
1,3,2,1,430,0.48778828838840127
1,3,2,1,440,0.5000738040544093
1,3,2,1,450,0.510875326115638
1,3,2,1,460,0.5208982191979885
1,3,2,1,470,0.5331324432045221
1,3,2,1,480,0.5468664732761681
1,3,2,1,490,0.5587980849668384
1,3,2,1,500,0.5695300768129528
1,3,2,1,510,0.5810122727416456
1,3,2,1,520,0.5928069492802024
1,3,2,1,530,0.6026081331074238
1,3,2,1,540,0.6142468508332968
1,3,2,1,550,0.6252056770026684
1,3,2,1,560,0.6384538980200887
1,3,2,1,570,0.649065688252449
1,3,2,1,580,0.6608516830019653
1,3,2,1,590,0.6713522500358522
1,3,2,2,20,0.02277476992458105
1,3,2,2,30,0.034070901572704315
1,3,2,2,40,0.045467537362128496
1,3,2,2,50,0.05680062109604478
1,3,2,2,60,0.068196936044842
1,3,2,2,70,0.07982042990624905
1,3,2,2,80,0.09115438535809517
1,3,2,2,90,0.10229634679853916
1,3,2,2,100,0.11415301915258169
1,3,2,2,110,0.12548508681356907
1,3,2,2,120,0.13656642194837332
1,3,2,2,130,0.14845702331513166
1,3,2,2,140,0.15956680988892913
1,3,2,2,150,0.1712675611488521
1,3,2,2,160,0.18191116815432906
1,3,2,2,170,0.19290758622810245
1,3,2,2,180,0.20441392716020346
1,3,2,2,190,0.21669721603393555
1,3,2,2,200,0.22773778904229403
1,3,2,2,210,0.23875099513679743
1,3,2,2,220,0.250554489903152
1,3,2,2,230,0.26157427905127406
1,3,2,2,240,0.2735126600600779
1,3,2,2,250,0.2848555948585272
1,3,2,2,260,0.29555167723447084
1,3,2,2,270,0.30691898381337523
1,3,2,2,280,0.3182924776338041
1,3,2,2,290,0.32997431699186563
1,3,2,2,300,0.34110619872808456
1,3,2,2,310,0.3516115499660373
1,3,2,2,320,0.3628294188529253
1,3,2,2,330,0.37546269688755274
1,3,2,2,340,0.38729631109163165
1,3,2,2,350,0.3981384518556297
1,3,2,2,360,0.40934430714696646
1,3,2,2,370,0.4214283898472786
1,3,2,2,380,0.43306213105097413
1,3,2,2,390,0.4437322770245373
1,3,2,2,400,0.45513663068413734
1,3,2,2,410,0.46726231137290597
1,3,2,2,420,0.47685336600989103
1,3,2,2,430,0.48927692929282784
1,3,2,2,440,0.5011639129370451
1,3,2,2,450,0.5149805811233819
1,3,2,2,460,0.5230696778744459
1,3,2,2,470,0.5347040570341051
1,3,2,2,480,0.5451430911198258
1,3,2,2,490,0.5581645481288433
1,3,2,2,500,0.5677690538577735
1,3,2,2,510,0.581617253832519
1,3,2,2,520,0.5911948052234948
1,3,2,2,530,0.6042723287828267
1,3,2,2,540,0.61491829296574
1,3,2,2,550,0.6266002249903977
1,3,2,2,560,0.6383305629715323
1,3,2,2,570,0.6503347218967974
1,3,2,2,580,0.6601536041125655
1,3,2,2,590,0.6736958287656307
1,3,4,1,20,0.022830253932625055
1,3,4,1,30,0.03427714388817549
1,3,4,1,40,0.045502816792577505
1,3,4,1,50,0.05680064810439944
1,3,4,1,60,0.06829681992530823
1,3,4,1,70,0.08010515617206693
1,3,4,1,80,0.09094107383862138
1,3,4,1,90,0.10262235440313816
1,3,4,1,100,0.11378082120791078
1,3,4,1,110,0.12551029492169619
1,3,4,1,120,0.13629674026742578
1,3,4,1,130,0.14804701507091522
1,3,4,1,140,0.16000529611483216
1,3,4,1,150,0.17081651464104652
1,3,4,1,160,0.18167578615248203
1,3,4,1,170,0.19327241089195013
1,3,4,1,180,0.20460441103205085
1,3,4,1,190,0.21649255603551865
1,3,4,1,200,0.2269966690801084
1,3,4,1,210,0.2393778688274324
1,3,4,1,220,0.25029219780117273
1,3,4,1,230,0.26229757023975253
1,3,4,1,240,0.27375379810109735
1,3,4,1,250,0.2842194982804358
1,3,4,1,260,0.29524222388863564
1,3,4,1,270,0.3075041752308607
1,3,4,1,280,0.318391433916986
1,3,4,1,290,0.33002045191824436
1,3,4,1,300,0.3406823519617319
1,3,4,1,310,0.3513700580224395
1,3,4,1,320,0.3628764911554754
1,3,4,1,330,0.3748421771451831
1,3,4,1,340,0.3865153309889138
1,3,4,1,350,0.39695012383162975
1,3,4,1,360,0.40799857769161463
1,3,4,1,370,0.4194847899489105
1,3,4,1,380,0.4299781830050051
1,3,4,1,390,0.44229476107284427
1,3,4,1,400,0.4534527366049588
1,3,4,1,410,0.4652919117361307
1,3,4,1,420,0.47568526584655046
1,3,4,1,430,0.4891221858561039
1,3,4,1,440,0.49939688527956605
1,3,4,1,450,0.5116978771984577
1,3,4,1,460,0.5211036307737231
1,3,4,1,470,0.5343479937873781
1,3,4,1,480,0.542440028861165
1,3,4,1,490,0.5573189286515117
1,3,4,1,500,0.5680657047778368
1,3,4,1,510,0.579465989023447
1,3,4,1,520,0.5908443853259087
1,3,4,1,530,0.6022332240827382
1,3,4,1,540,0.6140865520574152
1,3,4,1,550,0.6257324758917093
1,3,4,1,560,0.6355751948431134
1,3,4,1,570,0.6471840064041317
1,3,4,1,580,0.6575421197339892
1,3,4,1,590,0.6693490189500153
1,3,4,2,20,0.022635058965533972
1,3,4,2,30,0.034125507809221745
1,3,4,2,40,0.045367192942649126
1,3,4,2,50,0.05682045686990023
1,3,4,2,60,0.06823806185275316
1,3,4,2,70,0.07962362188845873
1,3,4,2,80,0.09088595630601048
1,3,4,2,90,0.10251082759350538
1,3,4,2,100,0.11369941988959908
1,3,4,2,110,0.125238339882344
1,3,4,2,120,0.1358446292579174
1,3,4,2,130,0.14771444769576192
1,3,4,2,140,0.15912190079689026
1,3,4,2,150,0.17041745921596885
1,3,4,2,160,0.18153646308928728
1,3,4,2,170,0.1932451673783362
1,3,4,2,180,0.2037534574046731
1,3,4,2,190,0.21597302006557584
1,3,4,2,200,0.22736731078475714
1,3,4,2,210,0.23755663121119142
1,3,4,2,220,0.25002901488915086
1,3,4,2,230,0.2617559148930013
1,3,4,2,240,0.27219796692952514
1,3,4,2,250,0.2838247581385076
1,3,4,2,260,0.29523704666644335
1,3,4,2,270,0.3067959970794618
1,3,4,2,280,0.3178602010011673
1,3,4,2,290,0.32918149093165994
1,3,4,2,300,0.3405967182479799
1,3,4,2,310,0.3524564150720835
1,3,4,2,320,0.362712848931551
1,3,4,2,330,0.37487206188961864
1,3,4,2,340,0.3862410089932382
1,3,4,2,350,0.3981539378874004
1,3,4,2,360,0.40779538732022047
1,3,4,2,370,0.4191521271131933
1,3,4,2,380,0.43179171811789274
1,3,4,2,390,0.44279597187414765
1,3,4,2,400,0.45430327113717794
1,3,4,2,410,0.46574210887774825
1,3,4,2,420,0.4763056840747595
1,3,4,2,430,0.48882196797057986
1,3,4,2,440,0.4990720651112497
1,3,4,2,450,0.5091066397726536
1,3,4,2,460,0.5224504237994552
1,3,4,2,470,0.5338306040503085
1,3,4,2,480,0.5440085572190583
1,3,4,2,490,0.5564149138517678
1,3,4,2,500,0.5653738109394908
1,3,4,2,510,0.5798941613174975
1,3,4,2,520,0.5914108050055802
1,3,4,2,530,0.6035113232210279
1,3,4,2,540,0.6134314169175923
1,3,4,2,550,0.6256728400476277
1,3,4,2,560,0.6359766190871596
1,3,4,2,570,0.6465493212454021
1,3,4,2,580,0.6589537588879466
1,3,4,2,590,0.6680794847197831
1,3,6,1,20,0.022929216269403696
1,3,6,1,30,0.03427374782040715
1,3,6,1,40,0.045354150235652924
1,3,6,1,50,0.056849196087569
1,3,6,1,60,0.06799622718244791
1,3,6,1,70,0.07934750523418188
1,3,6,1,80,0.09087742865085602
1,3,6,1,90,0.10233695385977626
1,3,6,1,100,0.11374929081648588
1,3,6,1,110,0.12453769892454147
1,3,6,1,120,0.136045565828681
1,3,6,1,130,0.14740337198600173
1,3,6,1,140,0.15898811724036932
1,3,6,1,150,0.1710296501405537
1,3,6,1,160,0.18208610080182552
1,3,6,1,170,0.1935657332651317
1,3,6,1,180,0.2048254981637001
1,3,6,1,190,0.21563151571899652
1,3,6,1,200,0.22678094916045666
1,3,6,1,210,0.23947349516674876
1,3,6,1,220,0.2496657120063901
1,3,6,1,230,0.2613394670188427
1,3,6,1,240,0.2731755538843572
1,3,6,1,250,0.28450594702735543
1,3,6,1,260,0.296115311793983
1,3,6,1,270,0.3069555922411382
1,3,6,1,280,0.31745015969499946
1,3,6,1,290,0.329149064142257
1,3,6,1,300,0.34039042983204126
1,3,6,1,310,0.35108775179833174
1,3,6,1,320,0.3630291549488902
1,3,6,1,330,0.37468396313488483
1,3,6,1,340,0.3857735791243613
1,3,6,1,350,0.39751225197687745
1,3,6,1,360,0.40854366309940815
1,3,6,1,370,0.41962523898109794
1,3,6,1,380,0.43108211318030953
1,3,6,1,390,0.44337363401427865
1,3,6,1,400,0.45443825609982014
1,3,6,1,410,0.46639121090993285
1,3,6,1,420,0.47772802505642176
1,3,6,1,430,0.49016230227425694
1,3,6,1,440,0.5016583339311182
1,3,6,1,450,0.5131822652183473
1,3,6,1,460,0.5278212260454893
1,3,6,1,470,0.5341192502528429
1,3,6,1,480,0.5439934278838336
1,3,6,1,490,0.5561310779303312
1,3,6,1,500,0.5670397519133985
1,3,6,1,510,0.5792179978452623
1,3,6,1,520,0.5886652958579361
1,3,6,1,530,0.6024512439034879
1,3,6,1,540,0.6130970688536763
1,3,6,1,550,0.6246702270582318
1,3,6,1,560,0.6355002438649535
1,3,6,1,570,0.6489936239086092
1,3,6,1,580,0.658500730060041
1,3,6,1,590,0.670453071128577
1,3,6,2,20,0.022760959342122078
1,3,6,2,30,0.03420109627768397
1,3,6,2,40,0.045490844175219536
1,3,6,2,50,0.05652999086305499
1,3,6,2,60,0.0677116559818387
1,3,6,2,70,0.07969909813255072
1,3,6,2,80,0.09075413178652525
1,3,6,2,90,0.1024216809310019
1,3,6,2,100,0.11350820865482092
1,3,6,2,110,0.12507728533819318
1,3,6,2,120,0.13594307890161872
1,3,6,2,130,0.1480050035752356
1,3,6,2,140,0.1583680883049965
1,3,6,2,150,0.17058158526197076
1,3,6,2,160,0.18211930012330413
1,3,6,2,170,0.19256604788824916
1,3,6,2,180,0.20447151269763708
1,3,6,2,190,0.2156783021055162
1,3,6,2,200,0.2269766260869801
1,3,6,2,210,0.23846518201753497
1,3,6,2,220,0.2502894811332226
1,3,6,2,230,0.2617891109548509
1,3,6,2,240,0.27213704492896795
1,3,6,2,250,0.28312149085104465
1,3,6,2,260,0.2958218199200928
1,3,6,2,270,0.30681184493005276
1,3,6,2,280,0.31704270420596004
1,3,6,2,290,0.32944722892716527
1,3,6,2,300,0.3401474109850824
1,3,6,2,310,0.3518838193267584
1,3,6,2,320,0.36403171671554446
1,3,6,2,330,0.37376800924539566
1,3,6,2,340,0.3839142778888345
1,3,6,2,350,0.39783400809392333
1,3,6,2,360,0.40809165919199586
1,3,6,2,370,0.4199698828160763
1,3,6,2,380,0.431266943924129
1,3,6,2,390,0.4439367880113423
1,3,6,2,400,0.45447929203510284
1,3,6,2,410,0.466046794783324
1,3,6,2,420,0.4833690468221903
1,3,6,2,430,0.4892309634014964
1,3,6,2,440,0.49987910175696015
1,3,6,2,450,0.5106894811615348
1,3,6,2,460,0.5220825993455946
1,3,6,2,470,0.5346013302914798
1,3,6,2,480,0.5447878572158515
1,3,6,2,490,0.5571834091097116
1,3,6,2,500,0.5653819423168898
1,3,6,2,510,0.5795426391996443
1,3,6,2,520,0.5900199757888913
1,3,6,2,530,0.6029332471080124
1,3,6,2,540,0.6142035159282386
1,3,6,2,550,0.6232045576907694
1,3,6,2,560,0.6360765011049807
1,3,6,2,570,0.6458518672734499
1,3,6,2,580,0.6576117021031678
1,3,6,2,590,0.6711694952100515
1,3,8,1,20,0.022702881135046482
1,3,8,1,30,0.034227738622576
1,3,8,1,40,0.04571593878790736
1,3,8,1,50,0.05685756681486964
1,3,8,1,60,0.06831332203000784
1,3,8,1,70,0.07946713315322995
1,3,8,1,80,0.09133326169103384
1,3,8,1,90,0.10194855695590377
1,3,8,1,100,0.11362476693466306
1,3,8,1,110,0.124995824880898
1,3,8,1,120,0.1365939388051629
1,3,8,1,130,0.14729780238121748
1,3,8,1,140,0.15887560695409775
1,3,8,1,150,0.16975446697324514
1,3,8,1,160,0.18215495813637972
1,3,8,1,170,0.19381978688761592
1,3,8,1,180,0.2047583651728928
1,3,8,1,190,0.21616016887128353
1,3,8,1,200,0.22614293871447444
1,3,8,1,210,0.23761886591091752
1,3,8,1,220,0.24897209787741303
1,3,8,1,230,0.2609497020021081
1,3,8,1,240,0.2713549239560962
1,3,8,1,250,0.2835606331937015
1,3,8,1,260,0.2956563667394221
1,3,8,1,270,0.30595723539590836
1,3,8,1,280,0.31691761733964086
1,3,8,1,290,0.3283170289359987
1,3,8,1,300,0.3402762380428612
1,3,8,1,310,0.352505364920944
1,3,8,1,320,0.3630206473171711
1,3,8,1,330,0.37502988101914525
1,3,8,1,340,0.38650156185030937
1,3,8,1,350,0.39944548066705465
1,3,8,1,360,0.40839350409805775
1,3,8,1,370,0.421127752866596
1,3,8,1,380,0.4313081097789109
1,3,8,1,390,0.44354378804564476
1,3,8,1,400,0.4544863160699606
1,3,8,1,410,0.46603546291589737
1,3,8,1,420,0.475812962744385
1,3,8,1,430,0.48771518701687455
1,3,8,1,440,0.5004282929003239
1,3,8,1,450,0.5105174449272454
1,3,8,1,460,0.5218013180419803
1,3,8,1,470,0.5357933500781655
1,3,8,1,480,0.5445790789090097
1,3,8,1,490,0.5573368486948311
1,3,8,1,500,0.5677892989479005
1,3,8,1,510,0.5812503071501851
1,3,8,1,520,0.5906617678701878
1,3,8,1,530,0.6057001370936632
1,3,8,1,540,0.6150885988026857
1,3,8,1,550,0.6272424906492233
1,3,8,1,560,0.6354437540285289
1,3,8,1,570,0.6504429993219674
1,3,8,1,580,0.6587733291089535
1,3,8,1,590,0.6721337870694697
1,3,8,2,20,0.02275419794023037
1,3,8,2,30,0.0341020249761641
1,3,8,2,40,0.04536596825346351
1,3,8,2,50,0.05703203892335296
1,3,8,2,60,0.06855654809623957
1,3,8,2,70,0.07969382731243968
1,3,8,2,80,0.09101379988715053
1,3,8,2,90,0.10272126318886876
1,3,8,2,100,0.11389577994123101
1,3,8,2,110,0.1251344890333712
1,3,8,2,120,0.13621385488659143
1,3,8,2,130,0.14745363406836987
1,3,8,2,140,0.15900675766170025
1,3,8,2,150,0.17013150407001376
1,3,8,2,160,0.1819667899981141
1,3,8,2,170,0.19393404480069876
1,3,8,2,180,0.20478979405015707
1,3,8,2,190,0.21651309402659535
1,3,8,2,200,0.22756124194711447
1,3,8,2,210,0.2390161333605647
1,3,8,2,220,0.2507098987698555
1,3,8,2,230,0.26186330895870924
1,3,8,2,240,0.2728700009174645
1,3,8,2,250,0.2840176532045007
1,3,8,2,260,0.29490389535203576
1,3,8,2,270,0.30712380819022655
1,3,8,2,280,0.31790628796443343
1,3,8,2,290,0.3303464357741177
1,3,8,2,300,0.3400576412677765
1,3,8,2,310,0.35273257410153747
1,3,8,2,320,0.36404168605804443
1,3,8,2,330,0.3762979921884835
1,3,8,2,340,0.38702678587287664
1,3,8,2,350,0.39921922609210014
1,3,8,2,360,0.40984804509207606
1,3,8,2,370,0.42034240113571286
1,3,8,2,380,0.43108574813231826
1,3,8,2,390,0.4425920629873872
1,3,8,2,400,0.45316999685019255
1,3,8,2,410,0.4660750483162701
1,3,8,2,420,0.47659093607217073
1,3,8,2,430,0.48819279903545976
1,3,8,2,440,0.49932852387428284
1,3,8,2,450,0.5112684392370284
1,3,8,2,460,0.5208329358138144
1,3,8,2,470,0.5323655046522617
1,3,8,2,480,0.5437472178600729
1,3,8,2,490,0.554846643935889
1,3,8,2,500,0.5647203628905118
1,3,8,2,510,0.5773136122152209
1,3,8,2,520,0.5889050019904971
1,3,8,2,530,0.6006503500975668
1,3,8,2,540,0.6119687012396753
1,3,8,2,550,0.6235895687714219
1,3,8,2,560,0.6328897192142904
1,3,8,2,570,0.6472581108100712
1,3,8,2,580,0.6558860200457275
1,3,8,2,590,0.6684066080488265
1,3,10,1,20,0.02266665594652295
1,3,10,1,30,0.03406504960730672
1,3,10,1,40,0.04530835011973977
1,3,10,1,50,0.05668261181563139
1,3,10,1,60,0.06802135286852717
1,3,10,1,70,0.07953385636210442
1,3,10,1,80,0.09083197172731161
1,3,10,1,90,0.10217595286667347
1,3,10,1,100,0.11358566489070654
1,3,10,1,110,0.12499300390481949
1,3,10,1,120,0.13611753704026341
1,3,10,1,130,0.1479117157869041
1,3,10,1,140,0.15914137288928032
1,3,10,1,150,0.1706019821576774
1,3,10,1,160,0.1811727718450129
1,3,10,1,170,0.1936357170343399
1,3,10,1,180,0.2051576618105173
1,3,10,1,190,0.21644440200179815
1,3,10,1,200,0.22743643913418055
1,3,10,1,210,0.24003309104591608
1,3,10,1,220,0.25036994740366936
1,3,10,1,230,0.26226061303168535
1,3,10,1,240,0.2731736749410629
1,3,10,1,250,0.28524542320519686
1,3,10,1,260,0.29663946107029915
1,3,10,1,270,0.30801259307190776
1,3,10,1,280,0.3189249080605805
1,3,10,1,290,0.3303928077220917
1,3,10,1,300,0.3418217287398875
1,3,10,1,310,0.35326916677877307
1,3,10,1,320,0.36417560279369354
1,3,10,1,330,0.37569066090509295
1,3,10,1,340,0.3871983359567821
1,3,10,1,350,0.39907959615811706
1,3,10,1,360,0.4091312848031521
1,3,10,1,370,0.42180717503651977
1,3,10,1,380,0.4319597608409822
1,3,10,1,390,0.4452062570489943
1,3,10,1,400,0.4551820158958435
1,3,10,1,410,0.46774107590317726
1,3,10,1,420,0.4768995838239789
1,3,10,1,430,0.4894864088855684
1,3,10,1,440,0.49928193306550384
1,3,10,1,450,0.5139209600165486
1,3,10,1,460,0.5233524679206312
1,3,10,1,470,0.53430734295398
1,3,10,1,480,0.5456532607786357
1,3,10,1,490,0.5565707040950656
1,3,10,1,500,0.569593467283994
1,3,10,1,510,0.580642546992749
1,3,10,1,520,0.5922051649540663
1,3,10,1,530,0.6045381431467831
1,3,10,1,540,0.6164663280360401
1,3,10,1,550,0.6293085170909762
1,3,10,1,560,0.637978894636035
1,3,10,1,570,0.6505811782553792
1,3,10,1,580,0.6601284798234701
1,3,10,1,590,0.6730892532505095
1,3,10,2,20,0.022693803068250418
1,3,10,2,30,0.03403916163370013
1,3,10,2,40,0.04544483311474323
1,3,10,2,50,0.056873118970543146
1,3,10,2,60,0.06777866696938872
1,3,10,2,70,0.07960545178502798
1,3,10,2,80,0.09114033309742808
1,3,10,2,90,0.10241365293040872
1,3,10,2,100,0.11361290793865919
1,3,10,2,110,0.12565061124041677
1,3,10,2,120,0.1366707170382142
1,3,10,2,130,0.1484597590751946
1,3,10,2,140,0.1601333157159388
1,3,10,2,150,0.17114744102582335
1,3,10,2,160,0.1819526320323348
1,3,10,2,170,0.1935057551600039
1,3,10,2,180,0.2049887957982719
1,3,10,2,190,0.21682920772582293
1,3,10,2,200,0.22784544108435512
1,3,10,2,210,0.2395974979735911
1,3,10,2,220,0.25124326068907976
1,3,10,2,230,0.26313942624256015
1,3,10,2,240,0.274175520054996
1,3,10,2,250,0.28592913085594773
1,3,10,2,260,0.29708725633099675
1,3,10,2,270,0.30852628918364644
1,3,10,2,280,0.31884563621133566
1,3,10,2,290,0.3312767460010946
1,3,10,2,300,0.3429871737025678
1,3,10,2,310,0.3548998930491507
1,3,10,2,320,0.3646928402595222
1,3,10,2,330,0.37689135083928704
1,3,10,2,340,0.386645020917058
1,3,10,2,350,0.3995513627305627
1,3,10,2,360,0.4098913366906345
1,3,10,2,370,0.4223221964202821
1,3,10,2,380,0.43219102500006557
1,3,10,2,390,0.4450391042046249
1,3,10,2,400,0.4554317598231137
1,3,10,2,410,0.46710626082494855
1,3,10,2,420,0.4783270047046244
1,3,10,2,430,0.4902282669208944
1,3,10,2,440,0.5008553806692362
1,3,10,2,450,0.5142535530030727
1,3,10,2,460,0.5233038421720266
1,3,10,2,470,0.5364118088036776
1,3,10,2,480,0.5474131531082094
1,3,10,2,490,0.5589720671996474
1,3,10,2,500,0.5707640880718827
1,3,10,2,510,0.5816066362895072
1,3,10,2,520,0.5956189469434321
1,3,10,2,530,0.6074391361325979
1,3,10,2,540,0.6190230851061642
1,3,10,2,550,0.626981251873076
1,3,10,2,560,0.6343526099808514
1,3,10,2,570,0.6470936420373619
1,3,10,2,580,0.6570238340646029
1,3,10,2,590,0.6706714909523726
1,3,12,1,20,0.023046754766255617
1,3,12,1,30,0.03460728423669934
1,3,12,1,40,0.046006163116544485
1,3,12,1,50,0.05728101497516036
1,3,12,1,60,0.06871891021728516
1,3,12,1,70,0.08010597713291645
1,3,12,1,80,0.09169833781197667
1,3,12,1,90,0.10353917581960559
1,3,12,1,100,0.11477257078513503
1,3,12,1,110,0.12628485076129436
1,3,12,1,120,0.1382570220157504
1,3,12,1,130,0.1501818741671741
1,3,12,1,140,0.16091949678957462
1,3,12,1,150,0.17310784617438912
1,3,12,1,160,0.18376333126798272
1,3,12,1,170,0.1962565709836781
1,3,12,1,180,0.20767226396128535
1,3,12,1,190,0.2188262129202485
1,3,12,1,200,0.23062574909999967
1,3,12,1,210,0.243339735083282
1,3,12,1,220,0.25396236684173346
1,3,12,1,230,0.26572920801118016
1,3,12,1,240,0.27703323727473617
1,3,12,1,250,0.28928458876907825
1,3,12,1,260,0.29945968789979815
1,3,12,1,270,0.3117017848417163
1,3,12,1,280,0.32347294595092535
1,3,12,1,290,0.33515510708093643
1,3,12,1,300,0.34682132583111525
1,3,12,1,310,0.3589687841013074
1,3,12,1,320,0.3700543427839875
1,3,12,1,330,0.3821174083277583
1,3,12,1,340,0.39355566818267107
1,3,12,1,350,0.4044041489250958
1,3,12,1,360,0.41536351991817355
1,3,12,1,370,0.42767220828682184
1,3,12,1,380,0.43823724472895265
1,3,12,1,390,0.4511890788562596
1,3,12,1,400,0.46202284609898925
1,3,12,1,410,0.4723007050342858
1,3,12,1,420,0.4853401128202677
1,3,12,1,430,0.49734320491552353
1,3,12,1,440,0.5074747670441866
1,3,12,1,450,0.5200015539303422
1,3,12,1,460,0.5296578258275986
1,3,12,1,470,0.5421138452365994
1,3,12,1,480,0.5534982546232641
1,3,12,1,490,0.565093481913209
1,3,12,1,500,0.5763866491615772
1,3,12,1,510,0.5890431958250701
1,3,12,1,520,0.6005567209795117
1,3,12,1,530,0.612250073812902
1,3,12,1,540,0.6231952090747654
1,3,12,1,550,0.6334778247401118
1,3,12,1,560,0.6447301940061152
1,3,12,1,570,0.6575633459724486
1,3,12,1,580,0.6676867231726646
1,3,12,1,590,0.6821735547855496
1,3,12,2,20,0.02311866171658039
1,3,12,2,30,0.034652266185730696
1,3,12,2,40,0.045767522882670164
1,3,12,2,50,0.057535529136657715
1,3,12,2,60,0.068802819121629
1,3,12,2,70,0.08018842898309231
1,3,12,2,80,0.09163824003189802
1,3,12,2,90,0.10374156618490815
1,3,12,2,100,0.11575316963717341
1,3,12,2,110,0.12777501298114657
1,3,12,2,120,0.13865307997912169
1,3,12,2,130,0.15061356406658888
1,3,12,2,140,0.1621516370214522
1,3,12,2,150,0.17364162113517523
1,3,12,2,160,0.18475068965926766
1,3,12,2,170,0.19663253985345364
1,3,12,2,180,0.20866937469691038
1,3,12,2,190,0.22075942996889353
1,3,12,2,200,0.2306475299410522
1,3,12,2,210,0.24230896960943937
1,3,12,2,220,0.2535818279720843
1,3,12,2,230,0.26609343383461237
1,3,12,2,240,0.2768351067788899
1,3,12,2,250,0.2889272281900048
1,3,12,2,260,0.29942082008346915
1,3,12,2,270,0.3117904169484973
1,3,12,2,280,0.3229010459035635
1,3,12,2,290,0.3347264057956636
1,3,12,2,300,0.34486904414370656
1,3,12,2,310,0.35748308384791017
1,3,12,2,320,0.3681735871359706
1,3,12,2,330,0.3800864699296653
1,3,12,2,340,0.39169946126639843
1,3,12,2,350,0.4044511211104691
1,3,12,2,360,0.4147934992797673
1,3,12,2,370,0.42680303286761045
1,3,12,2,380,0.4382818229496479
1,3,12,2,390,0.4496646341867745
1,3,12,2,400,0.4601921522989869
1,3,12,2,410,0.47210760740563273
1,3,12,2,420,0.48354359483346343
1,3,12,2,430,0.49590648896992207
1,3,12,2,440,0.5063682231120765
1,3,12,2,450,0.5177466440945864
1,3,12,2,460,0.5296955588273704
1,3,12,2,470,0.541665795724839
1,3,12,2,480,0.5529811438173056
1,3,12,2,490,0.5644322577863932
1,3,12,2,500,0.574406994972378
1,3,12,2,510,0.5862130229361355
1,3,12,2,520,0.5972215267829597
1,3,12,2,530,0.6095413989387453
1,3,12,2,540,0.6202327110804617
1,3,12,2,550,0.6351464306935668
1,3,12,2,560,0.6442495342344046
1,3,12,2,570,0.6583028747700155
1,3,12,2,580,0.667148828972131
1,3,12,2,590,0.6800549770705402
1,4,2,1,20,0.02273914311081171
1,4,2,1,30,0.033926847856491804
1,4,2,1,40,0.045472811441868544
1,4,2,1,50,0.056886300910264254
1,4,2,1,60,0.06834079511463642
1,4,2,1,70,0.07993916422128677
1,4,2,1,80,0.09083500364795327
1,4,2,1,90,0.102150390855968
1,4,2,1,100,0.11376352608203888
1,4,2,1,110,0.12542255083099008
1,4,2,1,120,0.13628848223015666
1,4,2,1,130,0.1476299106143415
1,4,2,1,140,0.15895661897957325
1,4,2,1,150,0.17074188822880387
1,4,2,1,160,0.18176167691126466
1,4,2,1,170,0.1932070297189057
1,4,2,1,180,0.20410621305927634
1,4,2,1,190,0.2158292280510068
1,4,2,1,200,0.22722585313022137
1,4,2,1,210,0.23808217188343406
1,4,2,1,220,0.25002492079511285
1,4,2,1,230,0.26092975167557597
1,4,2,1,240,0.27256342489272356
1,4,2,1,250,0.28393447818234563
1,4,2,1,260,0.29502136912196875
1,4,2,1,270,0.30673295399174094
1,4,2,1,280,0.31719189789146185
1,4,2,1,290,0.3295154091902077
1,4,2,1,300,0.34094970021396875
1,4,2,1,310,0.35318755684420466
1,4,2,1,320,0.3632610160857439
1,4,2,1,330,0.37605387018993497
1,4,2,1,340,0.38804818969219923
1,4,2,1,350,0.39791569113731384
1,4,2,1,360,0.4102021651342511
1,4,2,1,370,0.42123347241431475
1,4,2,1,380,0.43246253905817866
1,4,2,1,390,0.44394332729279995
1,4,2,1,400,0.45527424197643995
1,4,2,1,410,0.46666388865560293
1,4,2,1,420,0.47552348813042045
1,4,2,1,430,0.4891754500567913
1,4,2,1,440,0.49958348041400313
1,4,2,1,450,0.5114699918776751
1,4,2,1,460,0.5231811362318695
1,4,2,1,470,0.5348332468420267
1,4,2,1,480,0.5450515910051763
1,4,2,1,490,0.5583276669494808
1,4,2,1,500,0.5692089973017573
1,4,2,1,510,0.5809440379962325
1,4,2,1,520,0.5907478388398886
1,4,2,1,530,0.6035104808397591
1,4,2,1,540,0.6142004891298711
1,4,2,1,550,0.6243360349908471
1,4,2,1,560,0.6364517309702933
1,4,2,1,570,0.6490034502930939
1,4,2,1,580,0.6597250578925014
1,4,2,1,590,0.6716038640588522
1,4,2,2,20,0.022720451932400465
1,4,2,2,30,0.0339746312238276
1,4,2,2,40,0.045556815341115
1,4,2,2,50,0.05701523320749402
1,4,2,2,60,0.0682331076823175
1,4,2,2,70,0.07961347373202443
1,4,2,2,80,0.09060608828440309
1,4,2,2,90,0.1021001199260354
1,4,2,2,100,0.11348570976406336
1,4,2,2,110,0.12539907032623887
1,4,2,2,120,0.1360352043993771
1,4,2,2,130,0.1474588313139975
1,4,2,2,140,0.15893199807032943
1,4,2,2,150,0.17103696707636118
1,4,2,2,160,0.18130322406068444
1,4,2,2,170,0.19349319487810135
1,4,2,2,180,0.20411800360307097
1,4,2,2,190,0.21641048602759838
1,4,2,2,200,0.22752523003146052
1,4,2,2,210,0.2393348990008235
1,4,2,2,220,0.24931816197931767
1,4,2,2,230,0.2612482188269496
1,4,2,2,240,0.2727218372747302
1,4,2,2,250,0.2837666589766741
1,4,2,2,260,0.29532017512246966
1,4,2,2,270,0.3068337910808623
1,4,2,2,280,0.31750795105472207
1,4,2,2,290,0.32980357808992267
1,4,2,2,300,0.3408721946179867
1,4,2,2,310,0.35241816518828273
1,4,2,2,320,0.36215455969795585
1,4,2,2,330,0.37432024581357837
1,4,2,2,340,0.3855560733936727
1,4,2,2,350,0.39813317311927676
1,4,2,2,360,0.4083549720235169
1,4,2,2,370,0.4195893541909754
1,4,2,2,380,0.43100401712581515
1,4,2,2,390,0.44337032176554203
1,4,2,2,400,0.45355319883674383
1,4,2,2,410,0.46557870926335454
1,4,2,2,420,0.4762638481333852
1,4,2,2,430,0.48714404879137874
1,4,2,2,440,0.49792190873995423
1,4,2,2,450,0.5100381169468164
1,4,2,2,460,0.5213863789103925
1,4,2,2,470,0.5334694008342922
1,4,2,2,480,0.5410800157114863
1,4,2,2,490,0.5558506678789854
1,4,2,2,500,0.566141271032393
1,4,2,2,510,0.5765987168997526
1,4,2,2,520,0.588763034902513
1,4,2,2,530,0.6003431370481849
1,4,2,2,540,0.6114247408695519
1,4,2,2,550,0.6233640327118337
1,4,2,2,560,0.6348416949622333
1,4,2,2,570,0.6452863607555628
1,4,2,2,580,0.6574390786699951
1,4,2,2,590,0.6694517601281404
1,4,4,1,20,0.022749427240341902
1,4,4,1,30,0.03408786514773965
1,4,4,1,40,0.04546305537223816
1,4,4,1,50,0.0568463783711195
1,4,4,1,60,0.06822589412331581
1,4,4,1,70,0.07954266713932157
1,4,4,1,80,0.09089973429217935
1,4,4,1,90,0.10231898538768291
1,4,4,1,100,0.11324054608121514
1,4,4,1,110,0.12493436597287655
1,4,4,1,120,0.13643545703962445
1,4,4,1,130,0.14768937090411782
1,4,4,1,140,0.1592043680138886
1,4,4,1,150,0.17112608533352613
1,4,4,1,160,0.18186037614941597
1,4,4,1,170,0.19391650473698974
1,4,4,1,180,0.20502189733088017
1,4,4,1,190,0.2162558389827609
1,4,4,1,200,0.22804751805961132
1,4,4,1,210,0.2390539450570941
1,4,4,1,220,0.24967770837247372
1,4,4,1,230,0.2613768922165036
1,4,4,1,240,0.2724246089346707
1,4,4,1,250,0.2838882929645479
1,4,4,1,260,0.2951728901825845
1,4,4,1,270,0.3069461868144572
1,4,4,1,280,0.3181461840867996
1,4,4,1,290,0.32980534294620156
1,4,4,1,300,0.34154164604842663
1,4,4,1,310,0.35264998115599155
1,4,4,1,320,0.363203939050436
1,4,4,1,330,0.3765786928124726
1,4,4,1,340,0.3876291308552027
1,4,4,1,350,0.3990394868887961
1,4,4,1,360,0.4100746978074312
1,4,4,1,370,0.4217201475985348
1,4,4,1,380,0.43293249793350697
1,4,4,1,390,0.44610701501369476
1,4,4,1,400,0.45618143398314714
1,4,4,1,410,0.46756867319345474
1,4,4,1,420,0.4796431283466518
1,4,4,1,430,0.48957386100664735
1,4,4,1,440,0.50083725200966
1,4,4,1,450,0.5127483131363988
1,4,4,1,460,0.5250126700848341
1,4,4,1,470,0.535286764614284
1,4,4,1,480,0.5473123560659587
1,4,4,1,490,0.5602455949410796
1,4,4,1,500,0.5705051966942847
1,4,4,1,510,0.5839153919368982
1,4,4,1,520,0.5940371747128665
1,4,4,1,530,0.6063591581769288
1,4,4,1,540,0.6179424179717898
1,4,4,1,550,0.6286720870994031
1,4,4,1,560,0.6391517701558769
1,4,4,1,570,0.6513106352649629
1,4,4,1,580,0.659229644574225
1,4,4,1,590,0.6737569118849933
1,4,4,2,20,0.022797473706305027
1,4,4,2,30,0.03431206429377198
1,4,4,2,40,0.04555306304246187
1,4,4,2,50,0.057120040990412235
1,4,4,2,60,0.06835525389760733
1,4,4,2,70,0.07948147179558873
1,4,4,2,80,0.09139455389231443
1,4,4,2,90,0.102591497823596
1,4,4,2,100,0.1139834919013083
1,4,4,2,110,0.1256762850098312
1,4,4,2,120,0.1363459089770913
1,4,4,2,130,0.1485598599538207
1,4,4,2,140,0.15888324612751603
1,4,4,2,150,0.17072838125750422
1,4,4,2,160,0.18154031224548817
1,4,4,2,170,0.19280395936220884
1,4,4,2,180,0.20383454486727715
1,4,4,2,190,0.2152751819230616
1,4,4,2,200,0.22716569108888507
1,4,4,2,210,0.23903627693653107
1,4,4,2,220,0.24993797671049833
1,4,4,2,230,0.26183945778757334
1,4,4,2,240,0.2732860427349806
1,4,4,2,250,0.2850073673762381
1,4,4,2,260,0.295537615660578
1,4,4,2,270,0.30872416822239757
1,4,4,2,280,0.31874247593805194
1,4,4,2,290,0.3305373201146722
1,4,4,2,300,0.34241423290222883
1,4,4,2,310,0.3537625758908689
1,4,4,2,320,0.36608888674527407
1,4,4,2,330,0.37553529627621174
1,4,4,2,340,0.38752053026109934
1,4,4,2,350,0.3982947478070855
1,4,4,2,360,0.4098794157616794
1,4,4,2,370,0.4220002922229469
1,4,4,2,380,0.4318603090941906
1,4,4,2,390,0.4430064680054784
1,4,4,2,400,0.4550294457003474
1,4,4,2,410,0.46676341025158763
1,4,4,2,420,0.4777558450587094
1,4,4,2,430,0.49128488497808576
1,4,4,2,440,0.5001778909936547
1,4,4,2,450,0.5134517569094896
1,4,4,2,460,0.5229347888380289
1,4,4,2,470,0.5349002862349153
1,4,4,2,480,0.5463230321183801
1,4,4,2,490,0.5600088629871607
1,4,4,2,500,0.5689291032031178
1,4,4,2,510,0.5810480690561235
1,4,4,2,520,0.5916120642796159
1,4,4,2,530,0.6045375028625131
1,4,4,2,540,0.6158892088569701
1,4,4,2,550,0.6274748351424932
1,4,4,2,560,0.6365670617669821
1,4,4,2,570,0.6497090659104288
1,4,4,2,580,0.661370811983943
1,4,4,2,590,0.671612064819783
1,4,6,1,20,0.02297981409355998
1,4,6,1,30,0.03446552995592356
1,4,6,1,40,0.04585169767960906
1,4,6,1,50,0.057494089007377625
1,4,6,1,60,0.06890731304883957
1,4,6,1,70,0.08043361594900489
1,4,6,1,80,0.09179888386279345
1,4,6,1,90,0.10341189661994576
1,4,6,1,100,0.11478838417679071
1,4,6,1,110,0.12572201900184155
1,4,6,1,120,0.13761752983555198
1,4,6,1,130,0.14898983389139175
1,4,6,1,140,0.16056925803422928
1,4,6,1,150,0.17204752331599593
1,4,6,1,160,0.18279822682961822
1,4,6,1,170,0.19622771395370364
1,4,6,1,180,0.20578048005700111
1,4,6,1,190,0.2171505969017744
1,4,6,1,200,0.22896339604631066
1,4,6,1,210,0.24067191686481237
1,4,6,1,220,0.25173585722222924
1,4,6,1,230,0.2635924657806754
1,4,6,1,240,0.2739523369818926
1,4,6,1,250,0.2861116281710565
1,4,6,1,260,0.2990239220671356
1,4,6,1,270,0.30923588993027806
1,4,6,1,280,0.3200955525971949
1,4,6,1,290,0.3322986508719623
1,4,6,1,300,0.34241384780034423
1,4,6,1,310,0.3555254489183426
1,4,6,1,320,0.36579472478479147
1,4,6,1,330,0.37810380663722754
1,4,6,1,340,0.389507032930851
1,4,6,1,350,0.40279058227315545
1,4,6,1,360,0.4128933632746339
1,4,6,1,370,0.4257846591062844
1,4,6,1,380,0.43697907915338874
1,4,6,1,390,0.4466133499518037
1,4,6,1,400,0.45900529716163874
1,4,6,1,410,0.47198078501969576
1,4,6,1,420,0.48129806481301785
1,4,6,1,430,0.49248023703694344
1,4,6,1,440,0.5051365490071476
1,4,6,1,450,0.5164273246191442
1,4,6,1,460,0.5268066693097353
1,4,6,1,470,0.5394286089576781
1,4,6,1,480,0.5479848487302661
1,4,6,1,490,0.562080723233521
1,4,6,1,500,0.572999537922442
1,4,6,1,510,0.5869962922297418
1,4,6,1,520,0.5939278742298484
1,4,6,1,530,0.6089638448320329
1,4,6,1,540,0.6183876539580524
1,4,6,1,550,0.6297840531915426
1,4,6,1,560,0.6411313079297543
1,4,6,1,570,0.6513735842891037
1,4,6,1,580,0.6615683720447123
1,4,6,1,590,0.6759628360159695
1,4,6,2,20,0.022864748258143663
1,4,6,2,30,0.03429401898756623
1,4,6,2,40,0.04559190524742007
1,4,6,2,50,0.0569537109695375
1,4,6,2,60,0.0683739990927279
1,4,6,2,70,0.07976679410785437
1,4,6,2,80,0.09109624475240707
1,4,6,2,90,0.10306324530392885
1,4,6,2,100,0.11437094304710627
1,4,6,2,110,0.1252194158732891
1,4,6,2,120,0.13711796002462506
1,4,6,2,130,0.14825192978605628
1,4,6,2,140,0.159976527094841
1,4,6,2,150,0.1717741647735238
1,4,6,2,160,0.18303511198610067
1,4,6,2,170,0.19464526418596506
1,4,6,2,180,0.20560004701837897
1,4,6,2,190,0.2174909533932805
1,4,6,2,200,0.2276730197481811
1,4,6,2,210,0.2397938589565456
1,4,6,2,220,0.25018094619736075
1,4,6,2,230,0.2634110441431403
1,4,6,2,240,0.27408022806048393
1,4,6,2,250,0.28581857727840543
1,4,6,2,260,0.2965233400464058
1,4,6,2,270,0.30767942406237125
1,4,6,2,280,0.3199376929551363
1,4,6,2,290,0.3305844170972705
1,4,6,2,300,0.3418445219285786
1,4,6,2,310,0.3541222703643143
1,4,6,2,320,0.3634674740023911
1,4,6,2,330,0.376865915954113
1,4,6,2,340,0.38738432014361024
1,4,6,2,350,0.3999159359373152
1,4,6,2,360,0.4092858601361513
1,4,6,2,370,0.4219384272582829
1,4,6,2,380,0.43247698387131095
1,4,6,2,390,0.44520458159968257
1,4,6,2,400,0.45753376791253686
1,4,6,2,410,0.4686065590940416
1,4,6,2,420,0.4796072272583842
1,4,6,2,430,0.4898305800743401
1,4,6,2,440,0.5003690309822559
1,4,6,2,450,0.5149361146613955
1,4,6,2,460,0.5219961400143802
1,4,6,2,470,0.5350139071233571
1,4,6,2,480,0.5444110217504203
1,4,6,2,490,0.5579418088309467
1,4,6,2,500,0.5698683853261173
1,4,6,2,510,0.5817567808553576
1,4,6,2,520,0.5912032988853753
1,4,6,2,530,0.6063434099778533
1,4,6,2,540,0.6158033437095582
1,4,6,2,550,0.62816624622792
1,4,6,2,560,0.6378992819227278
1,4,6,2,570,0.6513298400677741
1,4,6,2,580,0.6608199486508965
1,4,6,2,590,0.673592803068459
1,4,8,1,20,0.023149255197495222
1,4,8,1,30,0.03505166992545128
1,4,8,1,40,0.046644424088299274
1,4,8,1,50,0.05833394872024655
1,4,8,1,60,0.07009335700422525
1,4,8,1,70,0.08175717294216156
1,4,8,1,80,0.09372689807787538
1,4,8,1,90,0.1048548361286521
1,4,8,1,100,0.1166762369684875
1,4,8,1,110,0.1284748800098896
1,4,8,1,120,0.13984671095386147
1,4,8,1,130,0.15171805396676064
1,4,8,1,140,0.16325136087834835
1,4,8,1,150,0.17511174688115716
1,4,8,1,160,0.18653596891090274
1,4,8,1,170,0.1985074421390891
1,4,8,1,180,0.20944730890914798
1,4,8,1,190,0.2214499549008906
1,4,8,1,200,0.2328344453126192
1,4,8,1,210,0.24568176083266735
1,4,8,1,220,0.2557523148134351
1,4,8,1,230,0.2677927166223526
1,4,8,1,240,0.27941444516181946
1,4,8,1,250,0.2905845562927425
1,4,8,1,260,0.3029916537925601
1,4,8,1,270,0.3147375048138201
1,4,8,1,280,0.32526953192427754
1,4,8,1,290,0.33825975796207786
1,4,8,1,300,0.34825081238523126
1,4,8,1,310,0.36086470913141966
1,4,8,1,320,0.37136466475203633
1,4,8,1,330,0.383834530133754
1,4,8,1,340,0.39536976302042603
1,4,8,1,350,0.4084077598527074
1,4,8,1,360,0.4186253254301846
1,4,8,1,370,0.4315416757017374
1,4,8,1,380,0.44016604498028755
1,4,8,1,390,0.45335970679298043
1,4,8,1,400,0.4635137291625142
1,4,8,1,410,0.47625771071761847
1,4,8,1,420,0.4870445248670876
1,4,8,1,430,0.49944532196968794
1,4,8,1,440,0.5108119826763868
1,4,8,1,450,0.5236439500004053
1,4,8,1,460,0.5339691308327019
1,4,8,1,470,0.5452414574101567
1,4,8,1,480,0.5559348347596824
1,4,8,1,490,0.5692142928019166
1,4,8,1,500,0.580785471946001
1,4,8,1,510,0.5929719088599086
1,4,8,1,520,0.6038105729967356
1,4,8,1,530,0.6165120368823409
1,4,8,1,540,0.6273526200093329
1,4,8,1,550,0.6383613240905106
1,4,8,1,560,0.6501613296568394
1,4,8,1,570,0.6632261327467859
1,4,8,1,580,0.6742072002962232
1,4,8,1,590,0.6873752949759364
1,4,8,2,20,0.022914526984095573
1,4,8,2,30,0.034403566271066666
1,4,8,2,40,0.045776108745485544
1,4,8,2,50,0.05740955891087651
1,4,8,2,60,0.06914072157815099
1,4,8,2,70,0.08096580998972058
1,4,8,2,80,0.09231113502755761
1,4,8,2,90,0.10413082921877503
1,4,8,2,100,0.11596372025087476
1,4,8,2,110,0.1273950170725584
1,4,8,2,120,0.13816808396950364
1,4,8,2,130,0.15061282413080335
1,4,8,2,140,0.16196041135117412
1,4,8,2,150,0.17344985017552972
1,4,8,2,160,0.18512066826224327
1,4,8,2,170,0.19673680374398828
1,4,8,2,180,0.20710387779399753
1,4,8,2,190,0.21918347897008061
1,4,8,2,200,0.2309345407411456
1,4,8,2,210,0.24251292692497373
1,4,8,2,220,0.2538824090734124
1,4,8,2,230,0.26534461602568626
1,4,8,2,240,0.27716076001524925
1,4,8,2,250,0.28945606481283903
1,4,8,2,260,0.3006713977083564
1,4,8,2,270,0.3121943869628012
1,4,8,2,280,0.3243709518574178
1,4,8,2,290,0.3412230503745377
1,4,8,2,300,0.34444527281448245
1,4,8,2,310,0.3577716867439449
1,4,8,2,320,0.3679244709201157
1,4,8,2,330,0.3801534310914576
1,4,8,2,340,0.39049115777015686
1,4,8,2,350,0.4021126748993993
1,4,8,2,360,0.41410644724965096
1,4,8,2,370,0.42588228499516845
1,4,8,2,380,0.43578180810436606
1,4,8,2,390,0.44825375312939286
1,4,8,2,400,0.45968218008056283
1,4,8,2,410,0.4722528802230954
1,4,8,2,420,0.48204648587852716
1,4,8,2,430,0.4959979788400233
1,4,8,2,440,0.5029936828650534
1,4,8,2,450,0.5196521859616041
1,4,8,2,460,0.5270016668364406
1,4,8,2,470,0.5411192192696035
1,4,8,2,480,0.5517376586794853
1,4,8,2,490,0.562827411107719
1,4,8,2,500,0.5766961136832833
1,4,8,2,510,0.5880387490615249
1,4,8,2,520,0.5982283367775381
1,4,8,2,530,0.6114380760118365
1,4,8,2,540,0.6216989662498236
1,4,8,2,550,0.6347439792007208
1,4,8,2,560,0.6461577638983727
1,4,8,2,570,0.6559708141721785
1,4,8,2,580,0.6660257112234831
1,4,8,2,590,0.6781524317339063
1,4,10,1,20,0.02455140370875597
1,4,10,1,30,0.03675287635996938
1,4,10,1,40,0.048834241926670074
1,4,10,1,50,0.06095629883930087
1,4,10,1,60,0.07287913700565696
1,4,10,1,70,0.08547616377472878
1,4,10,1,80,0.0973994298838079
1,4,10,1,90,0.110083332285285
1,4,10,1,100,0.12158641498535872
1,4,10,1,110,0.13416411308571696
1,4,10,1,120,0.146142543759197
1,4,10,1,130,0.15846176305785775
1,4,10,1,140,0.1702618352137506
1,4,10,1,150,0.18240591837093234
1,4,10,1,160,0.1940889209508896
1,4,10,1,170,0.20650062011554837
1,4,10,1,180,0.21830929722636938
1,4,10,1,190,0.23123319679871202
1,4,10,1,200,0.24261990282684565
1,4,10,1,210,0.2548032468184829
1,4,10,1,220,0.26621750835329294
1,4,10,1,230,0.28082467475906014
1,4,10,1,240,0.2917249002493918
1,4,10,1,250,0.3026100089773536
1,4,10,1,260,0.31480600172653794
1,4,10,1,270,0.3268270958214998
1,4,10,1,280,0.33946744818240404
1,4,10,1,290,0.3505055750720203
1,4,10,1,300,0.36268707923591137
1,4,10,1,310,0.3757865568622947
1,4,10,1,320,0.3871238911524415
1,4,10,1,330,0.3994933092035353
1,4,10,1,340,0.4104933268390596
1,4,10,1,350,0.4230913701467216
1,4,10,1,360,0.4337926912121475
1,4,10,1,370,0.44706566585227847
1,4,10,1,380,0.4591663093306124
1,4,10,1,390,0.4720049509778619
1,4,10,1,400,0.4825592148117721
1,4,10,1,410,0.4948036130517721
1,4,10,1,420,0.5055466881021857
1,4,10,1,430,0.5207997607067227
1,4,10,1,440,0.5303639690391719
1,4,10,1,450,0.5431989370845258
1,4,10,1,460,0.5538981040008366
1,4,10,1,470,0.5675922157242894
1,4,10,1,480,0.5791738820262253
1,4,10,1,490,0.5919957142323256
1,4,10,1,500,0.6027475311420858
1,4,10,1,510,0.6188342510722578
1,4,10,1,520,0.6269776970148087
1,4,10,1,530,0.6416577943600714
1,4,10,1,540,0.6499072900041938
1,4,10,1,550,0.6656466107815504
1,4,10,1,560,0.677843923214823
1,4,10,1,570,0.6940659577958286
1,4,10,1,580,0.6983642219565809
1,4,10,1,590,0.7108658161014318
1,4,10,2,20,0.023689785972237587
1,4,10,2,30,0.035420041996985674
1,4,10,2,40,0.047378175891935825
1,4,10,2,50,0.058963330928236246
1,4,10,2,60,0.07081760978326201
1,4,10,2,70,0.0827405177988112
1,4,10,2,80,0.094634965993464
1,4,10,2,90,0.10636872285977006
1,4,10,2,100,0.11793692084029317
1,4,10,2,110,0.12969253538176417
1,4,10,2,120,0.14107219316065311
1,4,10,2,130,0.15339059056714177
1,4,10,2,140,0.16493268916383386
1,4,10,2,150,0.17711643828079104
1,4,10,2,160,0.1878716880455613
1,4,10,2,170,0.20035719592124224
1,4,10,2,180,0.211291017010808
1,4,10,2,190,0.22408650815486908
1,4,10,2,200,0.2347696628421545
1,4,10,2,210,0.24707051273435354
1,4,10,2,220,0.25807489175349474
1,4,10,2,230,0.2707467246800661
1,4,10,2,240,0.2816945412196219
1,4,10,2,250,0.2938975798897445
1,4,10,2,260,0.3045393079519272
1,4,10,2,270,0.31710235122591257
1,4,10,2,280,0.32869614800438285
1,4,10,2,290,0.3403862430714071
1,4,10,2,300,0.35128648905083537
1,4,10,2,310,0.36361377825960517
1,4,10,2,320,0.37443631375208497
1,4,10,2,330,0.3876499030739069
1,4,10,2,340,0.3998302398249507
1,4,10,2,350,0.4118894641287625
1,4,10,2,360,0.4219171409495175
1,4,10,2,370,0.43483179109171033
1,4,10,2,380,0.4468944719992578
1,4,10,2,390,0.4576150611974299
1,4,10,2,400,0.4688057126477361
1,4,10,2,410,0.48003766871988773
1,4,10,2,420,0.4921810911037028
1,4,10,2,430,0.5066541749984026
1,4,10,2,440,0.5165623207576573
1,4,10,2,450,0.5270734541118145
1,4,10,2,460,0.5380067038349807
1,4,10,2,470,0.5518135540187359
1,4,10,2,480,0.5633855229243636
1,4,10,2,490,0.5749066541902721
1,4,10,2,500,0.5874924007803202
1,4,10,2,510,0.5988885289989412
1,4,10,2,520,0.6102364892140031
1,4,10,2,530,0.6208892641589046
1,4,10,2,540,0.6314826440066099
1,4,10,2,550,0.6424640426412225
1,4,10,2,560,0.655906890053302
1,4,10,2,570,0.6688651531003416
1,4,10,2,580,0.6783016361296177
1,4,10,2,590,0.6908955336548388
1,4,12,1,20,0.027417938224971294
1,4,12,1,30,0.04088968597352505
1,4,12,1,40,0.05445639090612531
1,4,12,1,50,0.06804567901417613
1,4,12,1,60,0.08172026555985212
1,4,12,1,70,0.09528753021731973
1,4,12,1,80,0.10851748893037438
1,4,12,1,90,0.12260258104652166
1,4,12,1,100,0.13550404366105795
1,4,12,1,110,0.149456855840981
1,4,12,1,120,0.16303480695933104
1,4,12,1,130,0.1760978428646922
1,4,12,1,140,0.18913825694471598
1,4,12,1,150,0.20359848020598292
1,4,12,1,160,0.2162655689753592
1,4,12,1,170,0.22997641004621983
1,4,12,1,180,0.24335057567805052
1,4,12,1,190,0.2571048862300813
1,4,12,1,200,0.27068426413461566
1,4,12,1,210,0.2838089889846742
1,4,12,1,220,0.29736364213749766
1,4,12,1,230,0.31061210110783577
1,4,12,1,240,0.32395542319864035
1,4,12,1,250,0.33678664825856686
1,4,12,1,260,0.3494336539879441
1,4,12,1,270,0.3633923130109906
1,4,12,1,280,0.3762124856002629
1,4,12,1,290,0.3902904987335205
1,4,12,1,300,0.4035936379805207
1,4,12,1,310,0.41705720592290163
1,4,12,1,320,0.43036542274057865
1,4,12,1,330,0.444562129676342
1,4,12,1,340,0.4571318468078971
1,4,12,1,350,0.4710907358676195
1,4,12,1,360,0.48420901596546173
1,4,12,1,370,0.49771537026390433
1,4,12,1,380,0.5104314712807536
1,4,12,1,390,0.5244403667747974
1,4,12,1,400,0.5376688810065389
1,4,12,1,410,0.5519785941578448
1,4,12,1,420,0.563689636066556
1,4,12,1,430,0.5779542839154601
1,4,12,1,440,0.5905058048665524
1,4,12,1,450,0.6055082636885345
1,4,12,1,460,0.6161438087001443
1,4,12,1,470,0.6321763801388443
1,4,12,1,480,0.6439103772863746
1,4,12,1,490,0.6587261771783233
1,4,12,1,500,0.6716916933655739
1,4,12,1,510,0.6848006090149283
1,4,12,1,520,0.6979289390146732
1,4,12,1,530,0.7123297029174864
1,4,12,1,540,0.7236608671955764
1,4,12,1,550,0.7396706319414079
1,4,12,1,560,0.7524256580509245
1,4,12,1,570,0.7655923971906304
1,4,12,1,580,0.7773291100747883
1,4,12,1,590,0.7936546350829303
1,4,12,2,20,0.02519496576860547
1,4,12,2,30,0.03773521212860942
1,4,12,2,40,0.05006429832428694
1,4,12,2,50,0.06258969428017735
1,4,12,2,60,0.07541353302076459
1,4,12,2,70,0.08792186994105577
1,4,12,2,80,0.1000953740440309
1,4,12,2,90,0.11310068191960454
1,4,12,2,100,0.12554671289399266
1,4,12,2,110,0.13841793779283762
1,4,12,2,120,0.1501140738837421
1,4,12,2,130,0.16301311273127794
1,4,12,2,140,0.17516976920887828
1,4,12,2,150,0.18770234612748027
1,4,12,2,160,0.2004004828631878
1,4,12,2,170,0.21333456179127097
1,4,12,2,180,0.22525236243382096
1,4,12,2,190,0.2376848328858614
1,4,12,2,200,0.2504614321514964
1,4,12,2,210,0.2630618396215141
1,4,12,2,220,0.2747631841339171
1,4,12,2,230,0.2880082642659545
1,4,12,2,240,0.300118291284889
1,4,12,2,250,0.3123581390827894
1,4,12,2,260,0.3236138909123838
1,4,12,2,270,0.3371413638815284
1,4,12,2,280,0.3489630548283458
1,4,12,2,290,0.362129895016551
1,4,12,2,300,0.37333436077460647
1,4,12,2,310,0.38665503170341253
1,4,12,2,320,0.3985862280242145
1,4,12,2,330,0.41090088384225965
1,4,12,2,340,0.42315489519387484
1,4,12,2,350,0.43665752513334155
1,4,12,2,360,0.4480612622573972
1,4,12,2,370,0.461155503988266
1,4,12,2,380,0.47314313566312194
1,4,12,2,390,0.48669647984206676
1,4,12,2,400,0.49706407729536295
1,4,12,2,410,0.5107373828068376
1,4,12,2,420,0.5218249238096178
1,4,12,2,430,0.5340687641873956
1,4,12,2,440,0.5460268617607653
1,4,12,2,450,0.5571560729295015
1,4,12,2,460,0.5696092997677624
1,4,12,2,470,0.5817693918943405
1,4,12,2,480,0.5938204429112375
1,4,12,2,490,0.6074189920909703
1,4,12,2,500,0.6192597411572933
1,4,12,2,510,0.6335502001456916
1,4,12,2,520,0.6436329167336226
1,4,12,2,530,0.6579160690307617
1,4,12,2,540,0.6690108329057693
1,4,12,2,550,0.6822345810942352
1,4,12,2,560,0.6936466037295759
1,4,12,2,570,0.7056948048993945
1,4,12,2,580,0.7173863174393773
1,4,12,2,590,0.7321407929994166
2,2,2,1,20,0.022620889823883772
2,2,2,1,30,0.0338884349912405
2,2,2,1,40,0.04523014696314931
2,2,2,1,50,0.056666646152734756
2,2,2,1,60,0.06782492389902472
2,2,2,1,70,0.07944709062576294
2,2,2,1,80,0.09042842639610171
2,2,2,1,90,0.10151559533551335
2,2,2,1,100,0.11330796033143997
2,2,2,1,110,0.1245427462272346
2,2,2,1,120,0.13612294709309936
2,2,2,1,130,0.14750946732237935
2,2,2,1,140,0.15833873115479946
2,2,2,1,150,0.170335590839386
2,2,2,1,160,0.18082374520599842
2,2,2,1,170,0.19317582109943032
2,2,2,1,180,0.2042077910155058
2,2,2,1,190,0.2150971102528274
2,2,2,1,200,0.2265239479020238
2,2,2,1,210,0.23792680026963353
2,2,2,1,220,0.24934226274490356
2,2,2,1,230,0.2609596191905439
2,2,2,1,240,0.27190742501989007
2,2,2,1,250,0.2832309268414974
2,2,2,1,260,0.2937969667837024
2,2,2,1,270,0.30661787278950214
2,2,2,1,280,0.3166518206708133
2,2,2,1,290,0.32831074204295874
2,2,2,1,300,0.3396456688642502
2,2,2,1,310,0.35177018493413925
2,2,2,1,320,0.3615922350436449
2,2,2,1,330,0.3747239881195128
2,2,2,1,340,0.3844437235966325
2,2,2,1,350,0.39573055785149336
2,2,2,1,360,0.40615400299429893
2,2,2,1,370,0.4189280029386282
2,2,2,1,380,0.4311325727030635
2,2,2,1,390,0.44140467420220375
2,2,2,1,400,0.4535096217878163
2,2,2,1,410,0.4663799270056188
2,2,2,1,420,0.4744143448770046
2,2,2,1,430,0.48349437210708857
2,2,2,1,440,0.49696194333955646
2,2,2,1,450,0.5075528365559876
2,2,2,1,460,0.521207635756582
2,2,2,1,470,0.5340954517014325
2,2,2,1,480,0.5446177995763719
2,2,2,1,490,0.5561195239424706
2,2,2,1,500,0.5657423520460725
2,2,2,1,510,0.579712375998497
2,2,2,1,520,0.5903958040289581
2,2,2,1,530,0.601059477776289
2,2,2,1,540,0.6119160251691937
2,2,2,1,550,0.6226307293400168
2,2,2,1,560,0.6336010261438787
2,2,2,1,570,0.6464301468804479
2,2,2,1,580,0.6577465538866818
2,2,2,1,590,0.6686669988557696
2,2,2,2,20,0.022793227806687355
2,2,2,2,30,0.034010682720690966
2,2,2,2,40,0.04551177006214857
2,2,2,2,50,0.05671892128884792
2,2,2,2,60,0.06809131382033229
2,2,2,2,70,0.07972264382988214
2,2,2,2,80,0.09026006888598204
2,2,2,2,90,0.10247683199122548
2,2,2,2,100,0.11346602812409401
2,2,2,2,110,0.12470074975863099
2,2,2,2,120,0.13543818006291986
2,2,2,2,130,0.14851498370990157
2,2,2,2,140,0.15858335886150599
2,2,2,2,150,0.17045871866866946
2,2,2,2,160,0.1813255101442337
2,2,2,2,170,0.19296046812087297
2,2,2,2,180,0.20413361303508282
2,2,2,2,190,0.2162151401862502
2,2,2,2,200,0.22751039825379848
2,2,2,2,210,0.23818776477128267
2,2,2,2,220,0.25015834206715226
2,2,2,2,230,0.26157269394025207
2,2,2,2,240,0.2729799342341721
2,2,2,2,250,0.284010604955256
2,2,2,2,260,0.2948426939547062
2,2,2,2,270,0.30696802912279963
2,2,2,2,280,0.31831742264330387
2,2,2,2,290,0.32954541966319084
2,2,2,2,300,0.3398036928847432
2,2,2,2,310,0.35211779084056616
2,2,2,2,320,0.364342681132257
2,2,2,2,330,0.37495762621983886
2,2,2,2,340,0.38485237397253513
2,2,2,2,350,0.39646641071885824
2,2,2,2,360,0.4068208481185138
2,2,2,2,370,0.4180913311429322
2,2,2,2,380,0.42884949082508683
2,2,2,2,390,0.43884293688461185
2,2,2,2,400,0.44900010991841555
2,2,2,2,410,0.4616181110031903
2,2,2,2,420,0.4712747228331864
2,2,2,2,430,0.4840400321409106
2,2,2,2,440,0.49418612383306026
2,2,2,2,450,0.508924697060138
2,2,2,2,460,0.5196818523108959
2,2,2,2,470,0.5323603260330856
2,2,2,2,480,0.5425727679394186
2,2,2,2,490,0.5583206950686872
2,2,2,2,500,0.5662386678159237
2,2,2,2,510,0.5778515809215605
2,2,2,2,520,0.5884381881915033
2,2,2,2,530,0.5990326181054115
2,2,2,2,540,0.6087042870931327
2,2,2,2,550,0.6217193841002882
2,2,2,2,560,0.632492451928556
2,2,2,2,570,0.6455699009820819
2,2,2,2,580,0.6551498724147677
2,2,2,2,590,0.6696454379707575
2,2,4,1,20,0.022540844976902008
2,2,4,1,30,0.03405256802216172
2,2,4,1,40,0.04534055711701512
2,2,4,1,50,0.056826746091246605
2,2,4,1,60,0.06784737715497613
2,2,4,1,70,0.07938000978901982
2,2,4,1,80,0.09131938079372048
2,2,4,1,90,0.10205605998635292
2,2,4,1,100,0.11311447899788618
2,2,4,1,110,0.1248409952968359
2,2,4,1,120,0.13612690940499306
2,2,4,1,130,0.14742193510755897
2,2,4,1,140,0.15853620786219835
2,2,4,1,150,0.17027461994439363
2,2,4,1,160,0.1810122332535684
2,2,4,1,170,0.19325491413474083
2,2,4,1,180,0.20306916069239378
2,2,4,1,190,0.2153876768425107
2,2,4,1,200,0.2263868940062821
2,2,4,1,210,0.23801658861339092
2,2,4,1,220,0.24948458885774016
2,2,4,1,230,0.2614930379204452
2,2,4,1,240,0.2721961969509721
2,2,4,1,250,0.28383248299360275
2,2,4,1,260,0.2943606120534241
2,2,4,1,270,0.30738121224567294
2,2,4,1,280,0.31739617325365543
2,2,4,1,290,0.3293664720840752
2,2,4,1,300,0.339924659114331
2,2,4,1,310,0.35210178699344397
2,2,4,1,320,0.36267968406900764
2,2,4,1,330,0.37424367060884833
2,2,4,1,340,0.3844382297247648
2,2,4,1,350,0.39850227907299995
2,2,4,1,360,0.406653864774853
2,2,4,1,370,0.41967488918453455
2,2,4,1,380,0.4283212209120393
2,2,4,1,390,0.44152806233614683
2,2,4,1,400,0.45224397303536534
2,2,4,1,410,0.46437588706612587
2,2,4,1,420,0.4746136739850044
2,2,4,1,430,0.48479939671233296
2,2,4,1,440,0.49874045606702566
2,2,4,1,450,0.5098357200622559
2,2,4,1,460,0.5212350799702108
2,2,4,1,470,0.5326705258339643
2,2,4,1,480,0.5424889796413481
2,2,4,1,490,0.5530617190524936
2,2,4,1,500,0.5653533730655909
2,2,4,1,510,0.5781303690746427
2,2,4,1,520,0.58944137301296
2,2,4,1,530,0.6027384609915316
2,2,4,1,540,0.6120213870890439
2,2,4,1,550,0.6234506689943373
2,2,4,1,560,0.6342083001509309
2,2,4,1,570,0.6472221952863038
2,2,4,1,580,0.6566930231638253
2,2,4,1,590,0.6681736339814961
2,2,4,2,20,0.022616893984377384
2,2,4,2,30,0.03399674082174897
2,2,4,2,40,0.04523973260074854
2,2,4,2,50,0.0562950000166893
2,2,4,2,60,0.06787651591002941
2,2,4,2,70,0.07894898112863302
2,2,4,2,80,0.0904702260158956
2,2,4,2,90,0.10190155357122421
2,2,4,2,100,0.11354030016809702
2,2,4,2,110,0.12464601080864668
2,2,4,2,120,0.1357972756959498
2,2,4,2,130,0.14740552380681038
2,2,4,2,140,0.15839058673009276
2,2,4,2,150,0.17001974722370505
2,2,4,2,160,0.1806826968677342
2,2,4,2,170,0.1924865636974573
2,2,4,2,180,0.2033671629615128
2,2,4,2,190,0.21561754262074828
2,2,4,2,200,0.22596466494724154
2,2,4,2,210,0.23746680794283748
2,2,4,2,220,0.2483654241077602
2,2,4,2,230,0.2603082596324384
2,2,4,2,240,0.27181759662926197
2,2,4,2,250,0.28310329373925924
2,2,4,2,260,0.2936932691372931
2,2,4,2,270,0.30670731887221336
2,2,4,2,280,0.31714419182389975
2,2,4,2,290,0.32937400601804256
2,2,4,2,300,0.33958725817501545
2,2,4,2,310,0.35104480013251305
2,2,4,2,320,0.36171970004215837
2,2,4,2,330,0.3748866729438305
2,2,4,2,340,0.38485385477542877
2,2,4,2,350,0.3957471330650151
2,2,4,2,360,0.4068486047908664
2,2,4,2,370,0.4205926791764796
2,2,4,2,380,0.43099422426894307
2,2,4,2,390,0.4421135778538883
2,2,4,2,400,0.4521377179771662
2,2,4,2,410,0.4632299249060452
2,2,4,2,420,0.47378802485764027
2,2,4,2,430,0.4864064799621701
2,2,4,2,440,0.4975352459587157
2,2,4,2,450,0.5095092318952084
2,2,4,2,460,0.5199569617398083
2,2,4,2,470,0.5318994019180536
2,2,4,2,480,0.5455066249705851
2,2,4,2,490,0.5544833200983703
2,2,4,2,500,0.5676554027013481
2,2,4,2,510,0.5798969753086567
2,2,4,2,520,0.5897860932163894
2,2,4,2,530,0.6001252150163054
2,2,4,2,540,0.6116335461847484
2,2,4,2,550,0.6229753498919308
2,2,4,2,560,0.6341184307821095
2,2,4,2,570,0.6463567609898746
2,2,4,2,580,0.6571644232608378
2,2,4,2,590,0.6689323270693421
2,2,6,1,20,0.02270596567541361
2,2,6,1,30,0.03397849015891552
2,2,6,1,40,0.04532643733546138
2,2,6,1,50,0.0564579451456666
2,2,6,1,60,0.06799981882795691
2,2,6,1,70,0.07924004225060344
2,2,6,1,80,0.09027092903852463
2,2,6,1,90,0.10200245305895805
2,2,6,1,100,0.1136266072280705
2,2,6,1,110,0.12462989473715425
2,2,6,1,120,0.1353652044199407
2,2,6,1,130,0.14679885562509298
2,2,6,1,140,0.1582278930582106
2,2,6,1,150,0.16946205217391253
2,2,6,1,160,0.18108574394136667
2,2,6,1,170,0.1921857539564371
2,2,6,1,180,0.20383440423756838
2,2,6,1,190,0.21446233289316297
2,2,6,1,200,0.2267877170816064
2,2,6,1,210,0.23821898689493537
2,2,6,1,220,0.24915881780907512
2,2,6,1,230,0.2599862408824265
2,2,6,1,240,0.2713498007506132
2,2,6,1,250,0.28283381508663297
2,2,6,1,260,0.29378211684525013
2,2,6,1,270,0.30551826301962137
2,2,6,1,280,0.3161930809728801
2,2,6,1,290,0.3287130147218704
2,2,6,1,300,0.3391443407163024
2,2,6,1,310,0.3514943369664252
2,2,6,1,320,0.36256267642602324
2,2,6,1,330,0.373436335939914
2,2,6,1,340,0.3847126769833267
2,2,6,1,350,0.3956193570047617
2,2,6,1,360,0.407498752232641
2,2,6,1,370,0.4190425160340965
2,2,6,1,380,0.4301562369801104
2,2,6,1,390,0.442678754683584
2,2,6,1,400,0.4526213533245027
2,2,6,1,410,0.46447600377723575
2,2,6,1,420,0.4746417156420648
2,2,6,1,430,0.4876914289779961
2,2,6,1,440,0.49866228085011244
2,2,6,1,450,0.5105537800118327
2,2,6,1,460,0.5222478141076863
2,2,6,1,470,0.5333658186718822
2,2,6,1,480,0.5452011190354824
2,2,6,1,490,0.55632593203336
2,2,6,1,500,0.5663874740712345
2,2,6,1,510,0.5781378322280943
2,2,6,1,520,0.5888252006843686
2,2,6,1,530,0.6018250258639455
2,2,6,1,540,0.6118501201272011
2,2,6,1,550,0.6238461346365511
2,2,6,1,560,0.634343249257654
2,2,6,1,570,0.6472184625454247
2,2,6,1,580,0.6569936908781528
2,2,6,1,590,0.6686540152877569
2,2,6,2,20,0.022737426217645407
2,2,6,2,30,0.03392734797671437
2,2,6,2,40,0.04546204302459955
2,2,6,2,50,0.05670672282576561
2,2,6,2,60,0.068096992559731
2,2,6,2,70,0.07946619717404246
2,2,6,2,80,0.09077079594135284
2,2,6,2,90,0.10205028904601932
2,2,6,2,100,0.11329443287104368
2,2,6,2,110,0.1245889593847096
2,2,6,2,120,0.13571726204827428
2,2,6,2,130,0.14723679283633828
2,2,6,2,140,0.15977764269337058
2,2,6,2,150,0.16977323265746236
2,2,6,2,160,0.1816894761286676
2,2,6,2,170,0.1932892119511962
2,2,6,2,180,0.2042355821467936
2,2,6,2,190,0.21538750315085053
2,2,6,2,200,0.2268899749033153
2,2,6,2,210,0.2386590470559895
2,2,6,2,220,0.24985477095469832
2,2,6,2,230,0.26134496135637164
2,2,6,2,240,0.2721501779742539
2,2,6,2,250,0.2832716880366206
2,2,6,2,260,0.2940988731570542
2,2,6,2,270,0.30762758618220687
2,2,6,2,280,0.3173430049791932
2,2,6,2,290,0.32879730500280857
2,2,6,2,300,0.33956141909584403
2,2,6,2,310,0.35291691217571497
2,2,6,2,320,0.3622330748476088
2,2,6,2,330,0.37363436724990606
2,2,6,2,340,0.3856673645786941
2,2,6,2,350,0.39814871083945036
2,2,6,2,360,0.40675907395780087
2,2,6,2,370,0.4187843441031873
2,2,6,2,380,0.4313141070306301
2,2,6,2,390,0.44293249025940895
2,2,6,2,400,0.45396723318845034
2,2,6,2,410,0.4648362686857581
2,2,6,2,420,0.4760171161033213
2,2,6,2,430,0.48764226166531444
2,2,6,2,440,0.4987474172376096
2,2,6,2,450,0.5113181658089161
2,2,6,2,460,0.5202930402010679
2,2,6,2,470,0.5311724320054054
2,2,6,2,480,0.5423432416282594
2,2,6,2,490,0.5536647499538958
2,2,6,2,500,0.5660924660041928
2,2,6,2,510,0.5764350900426507
2,2,6,2,520,0.5890462091192603
2,2,6,2,530,0.6018462949432433
2,2,6,2,540,0.6104428782127798
2,2,6,2,550,0.6229571048170328
2,2,6,2,560,0.6340065710246563
2,2,6,2,570,0.6464097942225635
2,2,6,2,580,0.6566192377358675
2,2,6,2,590,0.6677361982874572
2,2,8,1,20,0.02265693061053753
2,2,8,1,30,0.034023439045995474
2,2,8,1,40,0.04536689491942525
2,2,8,1,50,0.05664840713143349
2,2,8,1,60,0.06777107901871204
2,2,8,1,70,0.07942108483985066
2,2,8,1,80,0.09094044612720609
2,2,8,1,90,0.10233464790508151
2,2,8,1,100,0.11332915117964149
2,2,8,1,110,0.12546775629743934
2,2,8,1,120,0.13630227418616414
2,2,8,1,130,0.14771175291389227
2,2,8,1,140,0.15904451673850417
2,2,8,1,150,0.17028134129941463
2,2,8,1,160,0.18097315495833755
2,2,8,1,170,0.19342356408014894
2,2,8,1,180,0.20421880017966032
2,2,8,1,190,0.2162513486109674
2,2,8,1,200,0.22885404294356704
2,2,8,1,210,0.23803352192044258
2,2,8,1,220,0.24929570825770497
2,2,8,1,230,0.2613392719067633
2,2,8,1,240,0.2721122847869992
2,2,8,1,250,0.2841112450696528
2,2,8,1,260,0.29507013177499175
2,2,8,1,270,0.3069171388633549
2,2,8,1,280,0.31688347505405545
2,2,8,1,290,0.3293431391939521
2,2,8,1,300,0.340709394775331
2,2,8,1,310,0.3521636091172695
2,2,8,1,320,0.36401537898927927
2,2,8,1,330,0.3747803717851639
2,2,8,1,340,0.3849738761782646
2,2,8,1,350,0.39693767623975873
2,2,8,1,360,0.4072302761487663
2,2,8,1,370,0.41979273734614253
2,2,8,1,380,0.430617465171963
2,2,8,1,390,0.4420936959795654
2,2,8,1,400,0.4537511579692364
2,2,8,1,410,0.46499848924577236
2,2,8,1,420,0.4755294215865433
2,2,8,1,430,0.4888832769356668
2,2,8,1,440,0.499683849979192
2,2,8,1,450,0.5112315947189927
2,2,8,1,460,0.5201548119075596
2,2,8,1,470,0.5331110921688378
2,2,8,1,480,0.5455948826856911
2,2,8,1,490,0.5573361157439649
2,2,8,1,500,0.567733861040324
2,2,8,1,510,0.5794017850421369
2,2,8,1,520,0.5890155229717493
2,2,8,1,530,0.6012334530241787
2,2,8,1,540,0.6111260461620986
2,2,8,1,550,0.6247572023421526
2,2,8,1,560,0.6355994725599885
2,2,8,1,570,0.6453242967836559
2,2,8,1,580,0.6575461807660758
2,2,8,1,590,0.6699222000315785
2,2,8,2,20,0.022743883077055216
2,2,8,2,30,0.03415803797543049
2,2,8,2,40,0.045641494914889336
2,2,8,2,50,0.05663262400776148
2,2,8,2,60,0.06804503314197063
2,2,8,2,70,0.0796179142780602
2,2,8,2,80,0.09095345810055733
2,2,8,2,90,0.10221560718491673
2,2,8,2,100,0.11329286498948932
2,2,8,2,110,0.12526951218023896
2,2,8,2,120,0.13612958556041121
2,2,8,2,130,0.14750175504013896
2,2,8,2,140,0.1589831868186593
2,2,8,2,150,0.16998318070545793
2,2,8,2,160,0.18126129219308496
2,2,8,2,170,0.19318204373121262
2,2,8,2,180,0.20446319412440062
2,2,8,2,190,0.21639313735067844
2,2,8,2,200,0.2261516647413373
2,2,8,2,210,0.2382492139004171
2,2,8,2,220,0.25045711593702435
2,2,8,2,230,0.26095879962667823
2,2,8,2,240,0.27209958992898464
2,2,8,2,250,0.28403747687116265
2,2,8,2,260,0.2954611689783633
2,2,8,2,270,0.3080938528291881
2,2,8,2,280,0.31809751223772764
2,2,8,2,290,0.3288690531626344
2,2,8,2,300,0.33976002084091306
2,2,8,2,310,0.3519236552529037
2,2,8,2,320,0.3627654002048075
2,2,8,2,330,0.374632665887475
2,2,8,2,340,0.3859290503896773
2,2,8,2,350,0.397627639118582
2,2,8,2,360,0.4085382563062012
2,2,8,2,370,0.4198320978321135
2,2,8,2,380,0.43232106789946556
2,2,8,2,390,0.44314546789973974
2,2,8,2,400,0.45482888305559754
2,2,8,2,410,0.46478437865152955
2,2,8,2,420,0.47660739021375775
2,2,8,2,430,0.48942227102816105
2,2,8,2,440,0.498903495259583
2,2,8,2,450,0.5117854042910039
2,2,8,2,460,0.5224446430802345
2,2,8,2,470,0.5332889510318637
2,2,8,2,480,0.5438446998596191
2,2,8,2,490,0.5556304901838303
2,2,8,2,500,0.5651568849571049
2,2,8,2,510,0.5794962709769607
2,2,8,2,520,0.5890961471013725
2,2,8,2,530,0.6017893692478538
2,2,8,2,540,0.6108413529582322
2,2,8,2,550,0.6237148521468043
2,2,8,2,560,0.634556773584336
2,2,8,2,570,0.6469385069794953
2,2,8,2,580,0.6586562558077276
2,2,8,2,590,0.6671047229319811
2,2,10,1,20,0.022866166662424803
2,2,10,1,30,0.034343216102570295
2,2,10,1,40,0.045541527681052685
2,2,10,1,50,0.05713493097573519
2,2,10,1,60,0.06852587219327688
2,2,10,1,70,0.08003071183338761
2,2,10,1,80,0.09104718221351504
2,2,10,1,90,0.10259454790502787
2,2,10,1,100,0.11376893194392323
2,2,10,1,110,0.12596518965438008
2,2,10,1,120,0.13690319517627358
2,2,10,1,130,0.14876090921461582
2,2,10,1,140,0.15928929019719362
2,2,10,1,150,0.17072503501549363
2,2,10,1,160,0.18319883663207293
2,2,10,1,170,0.1947694499976933
2,2,10,1,180,0.20510900998488069
2,2,10,1,190,0.21662491606548429
2,2,10,1,200,0.2276069913059473
2,2,10,1,210,0.2396898060105741
2,2,10,1,220,0.2507910281419754
2,2,10,1,230,0.2621417213231325
2,2,10,1,240,0.27257960801944137
2,2,10,1,250,0.28482178784906864
2,2,10,1,260,0.2961190938949585
2,2,10,1,270,0.30916628893464804
2,2,10,1,280,0.31871301773935556
2,2,10,1,290,0.33124183770269156
2,2,10,1,300,0.3417769339866936
2,2,10,1,310,0.355123836081475
2,2,10,1,320,0.3669090447947383
2,2,10,1,330,0.3786347000859678
2,2,10,1,340,0.38944015372544527
2,2,10,1,350,0.40069379284977913
2,2,10,1,360,0.4108969010412693
2,2,10,1,370,0.4246194902807474
2,2,10,1,380,0.43485122406855226
2,2,10,1,390,0.4427148951217532
2,2,10,1,400,0.45030663162469864
2,2,10,1,410,0.46358192805200815
2,2,10,1,420,0.47525835083797574
2,2,10,1,430,0.48899011919274926
2,2,10,1,440,0.49980707792565227
2,2,10,1,450,0.5128198130987585
2,2,10,1,460,0.5224638842046261
2,2,10,1,470,0.5362190087325871
2,2,10,1,480,0.5476049240678549
2,2,10,1,490,0.5580065259709954
2,2,10,1,500,0.5683168582618237
2,2,10,1,510,0.5804849611595273
2,2,10,1,520,0.5917047802358866
2,2,10,1,530,0.6034662439487875
2,2,10,1,540,0.6135441879741848
2,2,10,1,550,0.6260210140608251
2,2,10,1,560,0.6362217478454113
2,2,10,1,570,0.6476844288408756
2,2,10,1,580,0.659102447796613
2,2,10,1,590,0.6719947122037411
2,2,10,2,20,0.022679993882775307
2,2,10,2,30,0.03409397229552269
2,2,10,2,40,0.04546732362359762
2,2,10,2,50,0.05675278464332223
2,2,10,2,60,0.0678912247531116
2,2,10,2,70,0.07977797789499164
2,2,10,2,80,0.09118464961647987
2,2,10,2,90,0.10274583287537098
2,2,10,2,100,0.1135338107123971
2,2,10,2,110,0.1251532188616693
2,2,10,2,120,0.13657155586406589
2,2,10,2,130,0.14840228436514735
2,2,10,2,140,0.1593662342056632
2,2,10,2,150,0.17042513517662883
2,2,10,2,160,0.18184241000562906
2,2,10,2,170,0.19346306985244155
2,2,10,2,180,0.2042869501747191
2,2,10,2,190,0.21647380804643035
2,2,10,2,200,0.22839758079499006
2,2,10,2,210,0.2390711628831923
2,2,10,2,220,0.24965742928907275
2,2,10,2,230,0.2618125188164413
2,2,10,2,240,0.27182159619405866
2,2,10,2,250,0.28375516226515174
2,2,10,2,260,0.29535986110568047
2,2,10,2,270,0.30625805305317044
2,2,10,2,280,0.3187915929593146
2,2,10,2,290,0.3312232089228928
2,2,10,2,300,0.3406305448152125
2,2,10,2,310,0.35135684814304113
2,2,10,2,320,0.3642594092525542
2,2,10,2,330,0.3763339160941541
2,2,10,2,340,0.3867486813105643
2,2,10,2,350,0.39764426788315177
2,2,10,2,360,0.4100714628584683
2,2,10,2,370,0.42081058071926236
2,2,10,2,380,0.43259450886398554
2,2,10,2,390,0.4440322630107403
2,2,10,2,400,0.4558413727208972
2,2,10,2,410,0.4675409491173923
2,2,10,2,420,0.4783671349287033
2,2,10,2,430,0.489794054068625
2,2,10,2,440,0.5019661542028189
2,2,10,2,450,0.5107680433429778
2,2,10,2,460,0.5230215839110315
2,2,10,2,470,0.5353628033772111
2,2,10,2,480,0.5457534263841808
2,2,10,2,490,0.5570364389568567
2,2,10,2,500,0.5681293727830052
2,2,10,2,510,0.5788813312537968
2,2,10,2,520,0.591136141680181
2,2,10,2,530,0.6019046367146075
2,2,10,2,540,0.6140782572329044
2,2,10,2,550,0.6249157888814807
2,2,10,2,560,0.636962422169745
2,2,10,2,570,0.6506635239347816
2,2,10,2,580,0.6605993509292603
2,2,10,2,590,0.6730937049724162
2,2,12,1,20,0.02305763540789485
2,2,12,1,30,0.034382964950054884
2,2,12,1,40,0.04588623670861125
2,2,12,1,50,0.05769554805010557
2,2,12,1,60,0.06877741310745478
2,2,12,1,70,0.08068944793194532
2,2,12,1,80,0.0916211549192667
2,2,12,1,90,0.10320145078003407
2,2,12,1,100,0.11456059431657195
2,2,12,1,110,0.12632791604846716
2,2,12,1,120,0.13733564782887697
2,2,12,1,130,0.15007302071899176
2,2,12,1,140,0.16078142123296857
2,2,12,1,150,0.17276070918887854
2,2,12,1,160,0.18361356016248465
2,2,12,1,170,0.1971776019781828
2,2,12,1,180,0.2073883512057364
2,2,12,1,190,0.21892812009900808
2,2,12,1,200,0.22953320294618607
2,2,12,1,210,0.24163928627967834
2,2,12,1,220,0.2525570997968316
2,2,12,1,230,0.26504178112372756
2,2,12,1,240,0.2760866801254451
2,2,12,1,250,0.28742458764463663
2,2,12,1,260,0.29889687011018395
2,2,12,1,270,0.3110324931330979
2,2,12,1,280,0.3226167489774525
2,2,12,1,290,0.33518840419128537
2,2,12,1,300,0.34491144213825464
2,2,12,1,310,0.356789190787822
2,2,12,1,320,0.3697238927707076
2,2,12,1,330,0.3800432956777513
2,2,12,1,340,0.3900486109778285
2,2,12,1,350,0.4031728310510516
2,2,12,1,360,0.41400091676041484
2,2,12,1,370,0.4254499119706452
2,2,12,1,380,0.43667057575657964
2,2,12,1,390,0.4486402692273259
2,2,12,1,400,0.45985516672953963
2,2,12,1,410,0.4710492789745331
2,2,12,1,420,0.4814622029662132
2,2,12,1,430,0.4939372381195426
2,2,12,1,440,0.5054301051422954
2,2,12,1,450,0.5162841500714421
2,2,12,1,460,0.5281768711283803
2,2,12,1,470,0.5402076770551503
2,2,12,1,480,0.5520100137218833
2,2,12,1,490,0.5636455952189863
2,2,12,1,500,0.5767977251671255
2,2,12,1,510,0.5861529009416699
2,2,12,1,520,0.59803934302181
2,2,12,1,530,0.6094503351487219
2,2,12,1,540,0.6200803029350936
2,2,12,1,550,0.6318761818110943
2,2,12,1,560,0.6446200828067958
2,2,12,1,570,0.6560165151022375
2,2,12,1,580,0.6656001550145447
2,2,12,1,590,0.6804789123125374
2,2,12,2,20,0.023011269979178905
2,2,12,2,30,0.03465852001681924
2,2,12,2,40,0.0458346838131547
2,2,12,2,50,0.057194409891963005
2,2,12,2,60,0.06851211097091436
2,2,12,2,70,0.08040032116696239
2,2,12,2,80,0.09129915433004498
2,2,12,2,90,0.10370670910924673
2,2,12,2,100,0.1147469487041235
2,2,12,2,110,0.12660698127001524
2,2,12,2,120,0.13804687792435288
2,2,12,2,130,0.15010677929967642
2,2,12,2,140,0.16091678431257606
2,2,12,2,150,0.172655887901783
2,2,12,2,160,0.18412208138033748
2,2,12,2,170,0.1955897849984467
2,2,12,2,180,0.2072888482362032
2,2,12,2,190,0.21832992089912295
2,2,12,2,200,0.22975959070026875
2,2,12,2,210,0.2412987337447703
2,2,12,2,220,0.2523837289772928
2,2,12,2,230,0.2641625087708235
2,2,12,2,240,0.2762815160676837
2,2,12,2,250,0.287554990965873
2,2,12,2,260,0.2984337219968438
2,2,12,2,270,0.31034029787406325
2,2,12,2,280,0.3229968249797821
2,2,12,2,290,0.3349918988533318
2,2,12,2,300,0.34686991199851036
2,2,12,2,310,0.357203861232847
2,2,12,2,320,0.36892124079167843
2,2,12,2,330,0.38037106301635504
2,2,12,2,340,0.39109246991574764
2,2,12,2,350,0.4036869159899652
2,2,12,2,360,0.41391998110339046
2,2,12,2,370,0.42575607309117913
2,2,12,2,380,0.43845734279602766
2,2,12,2,390,0.4482435309328139
2,2,12,2,400,0.4588998379185796
2,2,12,2,410,0.4720507636666298
2,2,12,2,420,0.4826812040992081
2,2,12,2,430,0.4951217439956963
2,2,12,2,440,0.5048088263720274
2,2,12,2,450,0.5170775898732245
2,2,12,2,460,0.5292402780614793
2,2,12,2,470,0.5403055790811777
2,2,12,2,480,0.5523022538982332
2,2,12,2,490,0.5673023611307144
2,2,12,2,500,0.5741305300034583
2,2,12,2,510,0.5868970998562872
2,2,12,2,520,0.5978838871233165
2,2,12,2,530,0.6099360408261418
2,2,12,2,540,0.6218233378604054
2,2,12,2,550,0.6321967439725995
2,2,12,2,560,0.6443933262489736
2,2,12,2,570,0.6565114986151457
2,2,12,2,580,0.6648470940999687
2,2,12,2,590,0.6790604409761727
2,3,2,1,20,0.022822969127446413
2,3,2,1,30,0.033987758215516806
2,3,2,1,40,0.04523668484762311
2,3,2,1,50,0.0565811712294817
2,3,2,1,60,0.06782986782491207
2,3,2,1,70,0.07895273575559258
2,3,2,1,80,0.09068191889673471
2,3,2,1,90,0.10211720690131187
2,3,2,1,100,0.11331893922761083
2,3,2,1,110,0.12466188101097941
2,3,2,1,120,0.135537370108068
2,3,2,1,130,0.14740830101072788
2,3,2,1,140,0.1587209622375667
2,3,2,1,150,0.17046469310298562
2,3,2,1,160,0.1815145262517035
2,3,2,1,170,0.19347012089565396
2,3,2,1,180,0.2035808409564197
2,3,2,1,190,0.2153978319838643
2,3,2,1,200,0.2259217333048582
2,3,2,1,210,0.23808507295325398
2,3,2,1,220,0.24890484614297748
2,3,2,1,230,0.2609729999676347
2,3,2,1,240,0.272127877920866
2,3,2,1,250,0.28412935184314847
2,3,2,1,260,0.29514931980520487
2,3,2,1,270,0.3054277990013361
2,3,2,1,280,0.3171732840128243
2,3,2,1,290,0.32838006177917123
2,3,2,1,300,0.3392875539138913
2,3,2,1,310,0.35150413028895855
2,3,2,1,320,0.36215477203950286
2,3,2,1,330,0.3737130290828645
2,3,2,1,340,0.38514841301366687
2,3,2,1,350,0.39816560922190547
2,3,2,1,360,0.40644401917234063
2,3,2,1,370,0.4175101788714528
2,3,2,1,380,0.4289378630928695
2,3,2,1,390,0.4411460473202169
2,3,2,1,400,0.45132017601281404
2,3,2,1,410,0.46355377323925495
2,3,2,1,420,0.4756054119206965
2,3,2,1,430,0.4886069721542299
2,3,2,1,440,0.5004919338971376
2,3,2,1,450,0.5089036468416452
2,3,2,1,460,0.5192035743966699
2,3,2,1,470,0.5329882688820362
2,3,2,1,480,0.5443692519329488
2,3,2,1,490,0.5550447599962354
2,3,2,1,500,0.5679972600191832
2,3,2,1,510,0.5788368019275367
2,3,2,1,520,0.5908507057465613
2,3,2,1,530,0.6026917439885437
2,3,2,1,540,0.6111056632362306
2,3,2,1,550,0.6216996647417545
2,3,2,1,560,0.6357086240313947
2,3,2,1,570,0.645736641716212
2,3,2,1,580,0.6574736069887877
2,3,2,1,590,0.6685199551284313
2,3,2,2,20,0.022734593134373426
2,3,2,2,30,0.034044562838971615
2,3,2,2,40,0.045162780210375786
2,3,2,2,50,0.05667971866205335
2,3,2,2,60,0.06773188663646579
2,3,2,2,70,0.0790575840510428
2,3,2,2,80,0.0909599787555635
2,3,2,2,90,0.10174063825979829
2,3,2,2,100,0.11371819907799363
2,3,2,2,110,0.12506544589996338
2,3,2,2,120,0.13565520802512765
2,3,2,2,130,0.1479776930063963
2,3,2,2,140,0.15807251632213593
2,3,2,2,150,0.16953056771308184
2,3,2,2,160,0.18084437819197774
2,3,2,2,170,0.19210380222648382
2,3,2,2,180,0.20317680574953556
2,3,2,2,190,0.21461793594062328
2,3,2,2,200,0.22594810416921973
2,3,2,2,210,0.2381709241308272
2,3,2,2,220,0.2490264680236578
2,3,2,2,230,0.26028942596167326
2,3,2,2,240,0.27118565514683723
2,3,2,2,250,0.28397633973509073
2,3,2,2,260,0.2953792819753289
2,3,2,2,270,0.3057977487333119
2,3,2,2,280,0.31738788075745106
2,3,2,2,290,0.32929894095286727
2,3,2,2,300,0.3429069980047643
2,3,2,2,310,0.353500435128808
2,3,2,2,320,0.36261981911957264
2,3,2,2,330,0.374839395750314
2,3,2,2,340,0.384107228834182
2,3,2,2,350,0.3973870580084622
2,3,2,2,360,0.4077754388563335
2,3,2,2,370,0.41839915001764894
2,3,2,2,380,0.4295897870324552
2,3,2,2,390,0.4421030143275857
2,3,2,2,400,0.4533581482246518
2,3,2,2,410,0.4640001901425421
2,3,2,2,420,0.47452587401494384
2,3,2,2,430,0.4863372980616987
2,3,2,2,440,0.49787224689498544
2,3,2,2,450,0.5093183689750731
2,3,2,2,460,0.5210618381388485
2,3,2,2,470,0.5295589421875775
2,3,2,2,480,0.5420105550438166
2,3,2,2,490,0.5564559740014374
2,3,2,2,500,0.5659548561088741
2,3,2,2,510,0.5758701940067112
2,3,2,2,520,0.5882325759157538
2,3,2,2,530,0.599206879734993
2,3,2,2,540,0.609456748701632
2,3,2,2,550,0.6226777140982449
2,3,2,2,560,0.6338200983591378
2,3,2,2,570,0.6443404611200094
2,3,2,2,580,0.6549751739948988
2,3,2,2,590,0.6675476753152907
2,3,4,1,20,0.022605675738304853
2,3,4,1,30,0.0337521149776876
2,3,4,1,40,0.04510027915239334
2,3,4,1,50,0.05642786808311939
2,3,4,1,60,0.06777982087805867
2,3,4,1,70,0.07921306928619742
2,3,4,1,80,0.09014066820964217
2,3,4,1,90,0.10161224519833922
2,3,4,1,100,0.11305144894868135
2,3,4,1,110,0.12440105900168419
2,3,4,1,120,0.13500640308484435
2,3,4,1,130,0.1466475441120565
2,3,4,1,140,0.15830156998708844
2,3,4,1,150,0.16958821704611182
2,3,4,1,160,0.18066607788205147
2,3,4,1,170,0.19192193215712905
2,3,4,1,180,0.20310312416404486
2,3,4,1,190,0.21487124916166067
2,3,4,1,200,0.22590648662298918
2,3,4,1,210,0.23783649737015367
2,3,4,1,220,0.24906952679157257
2,3,4,1,230,0.2598912292160094
2,3,4,1,240,0.27064823266118765
2,3,4,1,250,0.28194568678736687
2,3,4,1,260,0.2940543391741812
2,3,4,1,270,0.305690370965749
2,3,4,1,280,0.3169057099148631
2,3,4,1,290,0.3295803992077708
2,3,4,1,300,0.33951422199606895
2,3,4,1,310,0.35176229290664196
2,3,4,1,320,0.36158747412264347
2,3,4,1,330,0.3735521980561316
2,3,4,1,340,0.383787349332124
2,3,4,1,350,0.39714454393833876
2,3,4,1,360,0.40774752106517553
2,3,4,1,370,0.4197552618570626
2,3,4,1,380,0.4309585611335933
2,3,4,1,390,0.44348376616835594
2,3,4,1,400,0.453517512883991
2,3,4,1,410,0.46487829089164734
2,3,4,1,420,0.47628719406202435
2,3,4,1,430,0.4874579142779112
2,3,4,1,440,0.4985624346882105
2,3,4,1,450,0.5109655018895864
2,3,4,1,460,0.5208315411582589
2,3,4,1,470,0.5319100162014365
2,3,4,1,480,0.5417471826076508
2,3,4,1,490,0.5548610789701343
2,3,4,1,500,0.5660433880984783
2,3,4,1,510,0.5790710472501814
2,3,4,1,520,0.5897656441666186
2,3,4,1,530,0.602711240760982
2,3,4,1,540,0.6121921930462122
2,3,4,1,550,0.6238159383647144
2,3,4,1,560,0.6358919101767242
2,3,4,1,570,0.6463652430102229
2,3,4,1,580,0.655951009131968
2,3,4,1,590,0.6684242621995509
2,3,4,2,20,0.022688759956508875
2,3,4,2,30,0.03379925573244691
2,3,4,2,40,0.045047118794173
2,3,4,2,50,0.056542402133345604
2,3,4,2,60,0.06769607029855251
2,3,4,2,70,0.07907005911692977
2,3,4,2,80,0.09034403087571263
2,3,4,2,90,0.10213554976508021
2,3,4,2,100,0.11295934300869703
2,3,4,2,110,0.12444151286035776
2,3,4,2,120,0.13566754898056388
2,3,4,2,130,0.14713856112211943
2,3,4,2,140,0.15869754599407315
2,3,4,2,150,0.16984064504504204
2,3,4,2,160,0.18124455586075783
2,3,4,2,170,0.19283055420964956
2,3,4,2,180,0.20342714013531804
2,3,4,2,190,0.21592669375240803
2,3,4,2,200,0.22690358199179173
2,3,4,2,210,0.23804401606321335
2,3,4,2,220,0.24835288198664784
2,3,4,2,230,0.2602332825772464
2,3,4,2,240,0.27130131516605616
2,3,4,2,250,0.2834828170016408
2,3,4,2,260,0.29445187794044614
2,3,4,2,270,0.3061661319807172
2,3,4,2,280,0.3163261548615992
2,3,4,2,290,0.32803806103765965
2,3,4,2,300,0.3382636811584234
2,3,4,2,310,0.35210958402603865
2,3,4,2,320,0.36322465585544705
2,3,4,2,330,0.374025983735919
2,3,4,2,340,0.38528654584661126
2,3,4,2,350,0.3974971487186849
2,3,4,2,360,0.4082473930902779
2,3,4,2,370,0.42130527179688215
2,3,4,2,380,0.4306737147271633
2,3,4,2,390,0.44283225014805794
2,3,4,2,400,0.45376931969076395
2,3,4,2,410,0.46610482409596443
2,3,4,2,420,0.4753474108874798
2,3,4,2,430,0.4880747930146754
2,3,4,2,440,0.5010913261212409
2,3,4,2,450,0.5112810889258981
2,3,4,2,460,0.5221660509705544
2,3,4,2,470,0.5360097400844097
2,3,4,2,480,0.5459104836918414
2,3,4,2,490,0.5555595471523702
2,3,4,2,500,0.568061594851315
2,3,4,2,510,0.5778488586656749
2,3,4,2,520,0.5886894948780537
2,3,4,2,530,0.6003299239091575
2,3,4,2,540,0.6112052607350051
2,3,4,2,550,0.624059549998492
2,3,4,2,560,0.6351303979754448
2,3,4,2,570,0.6466068127192557
2,3,4,2,580,0.655965109821409
2,3,4,2,590,0.6680391770787537
2,3,6,1,20,0.022645513992756605
2,3,6,1,30,0.03393400087952614
2,3,6,1,40,0.04514653002843261
2,3,6,1,50,0.056486986111849546
2,3,6,1,60,0.06764012109488249
2,3,6,1,70,0.07905689114704728
2,3,6,1,80,0.09010535571724176
2,3,6,1,90,0.10186341591179371
2,3,6,1,100,0.11310444213449955
2,3,6,1,110,0.12450025836005807
2,3,6,1,120,0.135926668997854
2,3,6,1,130,0.1465837499126792
2,3,6,1,140,0.1579501610249281
2,3,6,1,150,0.1693955371156335
2,3,6,1,160,0.18058466212823987
2,3,6,1,170,0.19251115713268518
2,3,6,1,180,0.20260704681277275
2,3,6,1,190,0.2143058911897242
2,3,6,1,200,0.2254438018426299
2,3,6,1,210,0.2373981331475079
2,3,6,1,220,0.24851602874696255
2,3,6,1,230,0.2594028268940747
2,3,6,1,240,0.2703286041505635
2,3,6,1,250,0.2826831960119307
2,3,6,1,260,0.29387513315305114
2,3,6,1,270,0.3055650549940765
2,3,6,1,280,0.3162411618977785
2,3,6,1,290,0.3288452569395304
2,3,6,1,300,0.33877193182706833
2,3,6,1,310,0.35099389497190714
2,3,6,1,320,0.36227572709321976
2,3,6,1,330,0.373950706794858
2,3,6,1,340,0.38434552075341344
2,3,6,1,350,0.39477228559553623
2,3,6,1,360,0.4066347377374768
2,3,6,1,370,0.4176277401857078
2,3,6,1,380,0.4286572649143636
2,3,6,1,390,0.4405091037042439
2,3,6,1,400,0.45118927396833897
2,3,6,1,410,0.46347930515185
2,3,6,1,420,0.4758518231101334
2,3,6,1,430,0.4859399739652872
2,3,6,1,440,0.49813889572396874
2,3,6,1,450,0.5105041959322989
2,3,6,1,460,0.5219579841941595
2,3,6,1,470,0.5337573126889765
2,3,6,1,480,0.5442288522608578
2,3,6,1,490,0.556729185860604
2,3,6,1,500,0.5665030148811638
2,3,6,1,510,0.5778338401578367
2,3,6,1,520,0.5881310091353953
2,3,6,1,530,0.6011766390874982
2,3,6,1,540,0.6109900260344148
2,3,6,1,550,0.6214060657657683
2,3,6,1,560,0.6353936069644988
2,3,6,1,570,0.6482760440558195
2,3,6,1,580,0.6581820989958942
2,3,6,1,590,0.6703932932578027
2,3,6,2,20,0.022718349006026983
2,3,6,2,30,0.03412135178223252
2,3,6,2,40,0.04517986997961998
2,3,6,2,50,0.056677761022001505
2,3,6,2,60,0.06778123741969466
2,3,6,2,70,0.07928842026740313
2,3,6,2,80,0.0906043746508658
2,3,6,2,90,0.10185381397604942
2,3,6,2,100,0.11289445590227842
2,3,6,2,110,0.12473969906568527
2,3,6,2,120,0.13602225203067064
2,3,6,2,130,0.14735435089096427
2,3,6,2,140,0.15860837930813432
2,3,6,2,150,0.17008354235440493
2,3,6,2,160,0.18137614894658327
2,3,6,2,170,0.19348294893279672
2,3,6,2,180,0.20358213083818555
2,3,6,2,190,0.21637140214443207
2,3,6,2,200,0.22632860764861107
2,3,6,2,210,0.23759256396442652
2,3,6,2,220,0.24849558621644974
2,3,6,2,230,0.2605061987414956
2,3,6,2,240,0.2711530099622905
2,3,6,2,250,0.2831468409858644
2,3,6,2,260,0.29473102325573564
2,3,6,2,270,0.306347896810621
2,3,6,2,280,0.31828661309555173
2,3,6,2,290,0.3296098839491606
2,3,6,2,300,0.34224902791902423
2,3,6,2,310,0.35160974506288767
2,3,6,2,320,0.362438740208745
2,3,6,2,330,0.3749351012520492
2,3,6,2,340,0.38649633480235934
2,3,6,2,350,0.39674177719280124
2,3,6,2,360,0.40952193923294544
2,3,6,2,370,0.42220481438562274
2,3,6,2,380,0.43179289111867547
2,3,6,2,390,0.442201423458755
2,3,6,2,400,0.45425281301140785
2,3,6,2,410,0.4667526758275926
2,3,6,2,420,0.47724475897848606
2,3,6,2,430,0.490098656155169
2,3,6,2,440,0.49868329986929893
2,3,6,2,450,0.5114353839308023
2,3,6,2,460,0.5212250011973083
2,3,6,2,470,0.5335037726908922
2,3,6,2,480,0.5434695738367736
2,3,6,2,490,0.5557661759667099
2,3,6,2,500,0.56734020402655
2,3,6,2,510,0.5784114398993552
2,3,6,2,520,0.590608584228903
2,3,6,2,530,0.6031918856315315
2,3,6,2,540,0.6135016027837992
2,3,6,2,550,0.6260189111344516
2,3,6,2,560,0.6360381110571325
2,3,6,2,570,0.6475892509333789
2,3,6,2,580,0.6580348629504442
2,3,6,2,590,0.670637876726687
2,3,8,1,20,0.02274805912747979
2,3,8,1,30,0.03407737798988819
2,3,8,1,40,0.045226281974464655
2,3,8,1,50,0.05694500310346484
2,3,8,1,60,0.06796577293425798
2,3,8,1,70,0.07986495783552527
2,3,8,1,80,0.09042220190167427
2,3,8,1,90,0.10189456399530172
2,3,8,1,100,0.11363045079633594
2,3,8,1,110,0.12495190463960171
2,3,8,1,120,0.13645524997264147
2,3,8,1,130,0.1477960292249918
2,3,8,1,140,0.15901712188497186
2,3,8,1,150,0.1706272903829813
2,3,8,1,160,0.18201001873239875
2,3,8,1,170,0.1928184311836958
2,3,8,1,180,0.20442881481721997
2,3,8,1,190,0.21622475236654282
2,3,8,1,200,0.22644699504598975
2,3,8,1,210,0.23825997719541192
2,3,8,1,220,0.2495967517606914
2,3,8,1,230,0.26185509795323014
2,3,8,1,240,0.27241088077425957
2,3,8,1,250,0.28494339575991035
2,3,8,1,260,0.2953841728158295
2,3,8,1,270,0.3067171652801335
2,3,8,1,280,0.31819587107747793
2,3,8,1,290,0.3293740130029619
2,3,8,1,300,0.3406869568862021
2,3,8,1,310,0.3531015501357615
2,3,8,1,320,0.3636905159801245
2,3,8,1,330,0.37525550508871675
2,3,8,1,340,0.3872984261251986
2,3,8,1,350,0.3975500878877938
2,3,8,1,360,0.40817054314538836
2,3,8,1,370,0.42096240911632776
2,3,8,1,380,0.4324597022496164
2,3,8,1,390,0.44339077919721603
2,3,8,1,400,0.45544853433966637
2,3,8,1,410,0.4661531541496515
2,3,8,1,420,0.47734424425289035
2,3,8,1,430,0.4898547288030386
2,3,8,1,440,0.4990308079868555
2,3,8,1,450,0.5112221147865057
2,3,8,1,460,0.5227554747834802
2,3,8,1,470,0.5356331733055413
2,3,8,1,480,0.545629451982677
2,3,8,1,490,0.5580555507913232
2,3,8,1,500,0.5676971189677715
2,3,8,1,510,0.5794089278206229
2,3,8,1,520,0.5889103217050433
2,3,8,1,530,0.603068966884166
2,3,8,1,540,0.613625677768141
2,3,8,1,550,0.6269391090609133
2,3,8,1,560,0.6364032593555748
2,3,8,1,570,0.6490596639923751
2,3,8,1,580,0.6583590949885547
2,3,8,1,590,0.6723453151062131
2,3,8,2,20,0.022693241946399212
2,3,8,2,30,0.03404261311516166
2,3,8,2,40,0.04553740518167615
2,3,8,2,50,0.056876547168940306
2,3,8,2,60,0.06796610821038485
2,3,8,2,70,0.07979600178077817
2,3,8,2,80,0.09103031735867262
2,3,8,2,90,0.10238314094021916
2,3,8,2,100,0.11360092414543033
2,3,8,2,110,0.12540804222226143
2,3,8,2,120,0.13672492606565356
2,3,8,2,130,0.1477750362828374
2,3,8,2,140,0.15914909215644002
2,3,8,2,150,0.1695904517546296
2,3,8,2,160,0.18189895804971457
2,3,8,2,170,0.19299897318705916
2,3,8,2,180,0.2043609321117401
2,3,8,2,190,0.2159445909783244
2,3,8,2,200,0.22714700875803828
2,3,8,2,210,0.23896350478753448
2,3,8,2,220,0.24989548325538635
2,3,8,2,230,0.26146758906543255
2,3,8,2,240,0.2725781020708382
2,3,8,2,250,0.2836698470637202
2,3,8,2,260,0.2958935759961605
2,3,8,2,270,0.30705482326447964
2,3,8,2,280,0.3189145061187446
2,3,8,2,290,0.33052898896858096
2,3,8,2,300,0.3414369900710881
2,3,8,2,310,0.35221854178234935
2,3,8,2,320,0.36220413632690907
2,3,8,2,330,0.37501175375655293
2,3,8,2,340,0.38543358724564314
2,3,8,2,350,0.3963597370311618
2,3,8,2,360,0.40759334713220596
2,3,8,2,370,0.4198202509433031
2,3,8,2,380,0.4311734330840409
2,3,8,2,390,0.4427143861539662
2,3,8,2,400,0.45388392079621553
2,3,8,2,410,0.46510474383831024
2,3,8,2,420,0.47551889391615987
2,3,8,2,430,0.48724917927756906
2,3,8,2,440,0.49957274179905653
2,3,8,2,450,0.5126490402035415
2,3,8,2,460,0.5238470891490579
2,3,8,2,470,0.5337612084113061
2,3,8,2,480,0.5455556716769934
2,3,8,2,490,0.5578198977746069
2,3,8,2,500,0.5662544989027083
2,3,8,2,510,0.5807694559916854
2,3,8,2,520,0.591770919971168
2,3,8,2,530,0.6022369689308107
2,3,8,2,540,0.6120620588771999
2,3,8,2,550,0.6258881716057658
2,3,8,2,560,0.6344081051647663
2,3,8,2,570,0.6471812627278268
2,3,8,2,580,0.6582875680178404
2,3,8,2,590,0.6694641937501729
2,3,10,1,20,0.022661587223410606
2,3,10,1,30,0.03424128191545606
2,3,10,1,40,0.04547059675678611
2,3,10,1,50,0.05720023810863495
2,3,10,1,60,0.06817264016717672
2,3,10,1,70,0.07994499290362
2,3,10,1,80,0.09081376204267144
2,3,10,1,90,0.10271076019853354
2,3,10,1,100,0.1137871160171926
2,3,10,1,110,0.12489009089767933
2,3,10,1,120,0.13650927413254976
2,3,10,1,130,0.14792250888422132
2,3,10,1,140,0.1591142020188272
2,3,10,1,150,0.17110451869666576
2,3,10,1,160,0.18175074271857738
2,3,10,1,170,0.1949748769402504
2,3,10,1,180,0.2051341119222343
2,3,10,1,190,0.2175294808112085
2,3,10,1,200,0.22836677310988307
2,3,10,1,210,0.24035933008417487
2,3,10,1,220,0.25079940306022763
2,3,10,1,230,0.26233886694535613
2,3,10,1,240,0.27370477095246315
2,3,10,1,250,0.2855299827642739
2,3,10,1,260,0.2971554081887007
2,3,10,1,270,0.3084364249370992
2,3,10,1,280,0.31986398762091994
2,3,10,1,290,0.33144755894318223
2,3,10,1,300,0.3420361136086285
2,3,10,1,310,0.353843682911247
2,3,10,1,320,0.3651771377772093
2,3,10,1,330,0.3763683889992535
2,3,10,1,340,0.38791302498430014
2,3,10,1,350,0.4006155598908663
2,3,10,1,360,0.41061650589108467
2,3,10,1,370,0.42348292004317045
2,3,10,1,380,0.4340783776715398
2,3,10,1,390,0.4451962118037045
2,3,10,1,400,0.4570743958465755
2,3,10,1,410,0.4682914591394365
2,3,10,1,420,0.47893150616437197
2,3,10,1,430,0.49098475091159344
2,3,10,1,440,0.5017022741958499
2,3,10,1,450,0.5141379558481276
2,3,10,1,460,0.5250513660721481
2,3,10,1,470,0.5363966790027916
2,3,10,1,480,0.547059522010386
2,3,10,1,490,0.5589632140472531
2,3,10,1,500,0.5717585822567344
2,3,10,1,510,0.5839870572090149
2,3,10,1,520,0.5938549130223691
2,3,10,1,530,0.605370637960732
2,3,10,1,540,0.6156980381347239
2,3,10,1,550,0.6276840078644454
2,3,10,1,560,0.6395732429809868
2,3,10,1,570,0.6510596051812172
2,3,10,1,580,0.6624268060550094
2,3,10,1,590,0.6738280258141458
2,3,10,2,20,0.022733059246093035
2,3,10,2,30,0.03431982081383467
2,3,10,2,40,0.0456270556896925
2,3,10,2,50,0.05701047275215387
2,3,10,2,60,0.06801582733169198
2,3,10,2,70,0.07985640177503228
2,3,10,2,80,0.0912730130366981
2,3,10,2,90,0.10240869177505374
2,3,10,2,100,0.11360169528052211
2,3,10,2,110,0.1251094383187592
2,3,10,2,120,0.13730175606906414
2,3,10,2,130,0.14910635817795992
2,3,10,2,140,0.15981602808460593
2,3,10,2,150,0.17128251073881984
2,3,10,2,160,0.18289428297430277
2,3,10,2,170,0.19494712119922042
2,3,10,2,180,0.2060991721227765
2,3,10,2,190,0.2164935632608831
2,3,10,2,200,0.2281843014061451
2,3,10,2,210,0.23948653507977724
2,3,10,2,220,0.25064097810536623
2,3,10,2,230,0.26231001503765583
2,3,10,2,240,0.2733673467300832
2,3,10,2,250,0.285348498262465
2,3,10,2,260,0.2965455879457295
2,3,10,2,270,0.30776797980070114
2,3,10,2,280,0.3188294479623437
2,3,10,2,290,0.3301210608333349
2,3,10,2,300,0.34123465418815613
2,3,10,2,310,0.35329213878139853
2,3,10,2,320,0.36605342430993915
2,3,10,2,330,0.3769185380078852
2,3,10,2,340,0.38829161413013935
2,3,10,2,350,0.39897032501176
2,3,10,2,360,0.41032763477414846
2,3,10,2,370,0.42195481387898326
2,3,10,2,380,0.4343285206705332
2,3,10,2,390,0.4443787708878517
2,3,10,2,400,0.45647274795919657
2,3,10,2,410,0.4672028012573719
2,3,10,2,420,0.47903456119820476
2,3,10,2,430,0.4902947130613029
2,3,10,2,440,0.5011793519370258
2,3,10,2,450,0.5131804361008108
2,3,10,2,460,0.5234087649732828
2,3,10,2,470,0.5355666913092136
2,3,10,2,480,0.5460662581026554
2,3,10,2,490,0.5615137228742242
2,3,10,2,500,0.5691788359545171
2,3,10,2,510,0.5811340510845184
2,3,10,2,520,0.5925515680573881
2,3,10,2,530,0.6041569570079446
2,3,10,2,540,0.6157414680346847
2,3,10,2,550,0.6262404290027916
2,3,10,2,560,0.637056796811521
2,3,10,2,570,0.6504259957000613
2,3,10,2,580,0.6600187108851969
2,3,10,2,590,0.672490157186985
2,3,12,1,20,0.022948516998440027
2,3,12,1,30,0.03477855492383242
2,3,12,1,40,0.045987359713763
2,3,12,1,50,0.05741876130923629
2,3,12,1,60,0.06886659096926451
2,3,12,1,70,0.08038865821436048
2,3,12,1,80,0.092346902936697
2,3,12,1,90,0.10326674534007907
2,3,12,1,100,0.1144146928563714
2,3,12,1,110,0.12643723282963037
2,3,12,1,120,0.13770788814872503
2,3,12,1,130,0.14902647584676743
2,3,12,1,140,0.16129637509584427
2,3,12,1,150,0.17257785610854626
2,3,12,1,160,0.18561204476282
2,3,12,1,170,0.19530600123107433
2,3,12,1,180,0.20618843892589211
2,3,12,1,190,0.21755316900089383
2,3,12,1,200,0.22911153687164187
2,3,12,1,210,0.24394009495154023
2,3,12,1,220,0.2539004608988762
2,3,12,1,230,0.26599393831565976
2,3,12,1,240,0.27634857734665275
2,3,12,1,250,0.28906568232923746
2,3,12,1,260,0.30140274902805686
2,3,12,1,270,0.31242196820676327
2,3,12,1,280,0.32320750784128904
2,3,12,1,290,0.3350663809105754
2,3,12,1,300,0.34545253217220306
2,3,12,1,310,0.35782914888113737
2,3,12,1,320,0.3689671726897359
2,3,12,1,330,0.3812731788493693
2,3,12,1,340,0.3915145369246602
2,3,12,1,350,0.4046012251637876
2,3,12,1,360,0.4134062579832971
2,3,12,1,370,0.4254146497696638
2,3,12,1,380,0.4365559541620314
2,3,12,1,390,0.4492269498296082
2,3,12,1,400,0.4590814337134361
2,3,12,1,410,0.47033859696239233
2,3,12,1,420,0.48399589816108346
2,3,12,1,430,0.4959784238599241
2,3,12,1,440,0.5088848099112511
2,3,12,1,450,0.5198208019137383
2,3,12,1,460,0.5282375318929553
2,3,12,1,470,0.5411038007587194
2,3,12,1,480,0.553659759927541
2,3,12,1,490,0.5643592895939946
2,3,12,1,500,0.5757382339797914
2,3,12,1,510,0.5893037249334157
2,3,12,1,520,0.5997945973649621
2,3,12,1,530,0.6110072820447385
2,3,12,1,540,0.6193148130550981
2,3,12,1,550,0.6327734966762364
2,3,12,1,560,0.6455178670585155
2,3,12,1,570,0.6571081266738474
2,3,12,1,580,0.6682836790569127
2,3,12,1,590,0.6796515970490873
2,3,12,2,20,0.02286645397543907
2,3,12,2,30,0.03455978026613593
2,3,12,2,40,0.04586876230314374
2,3,12,2,50,0.05713986698538065
2,3,12,2,60,0.06899102218449116
2,3,12,2,70,0.08016544301062822
2,3,12,2,80,0.09140329714864492
2,3,12,2,90,0.10403013788163662
2,3,12,2,100,0.11591097712516785
2,3,12,2,110,0.12716641509905457
2,3,12,2,120,0.13832623790949583
2,3,12,2,130,0.14971851790323853
2,3,12,2,140,0.16178836580365896
2,3,12,2,150,0.1734204338863492
2,3,12,2,160,0.18434020085260272
2,3,12,2,170,0.1964362422004342
2,3,12,2,180,0.20825219294056296
2,3,12,2,190,0.21979638934135437
2,3,12,2,200,0.23124945675954223
2,3,12,2,210,0.2426909259520471
2,3,12,2,220,0.2537520010955632
2,3,12,2,230,0.26546356175094843
2,3,12,2,240,0.27702210610732436
2,3,12,2,250,0.2889169529080391
2,3,12,2,260,0.29878481989726424
2,3,12,2,270,0.3110470292158425
2,3,12,2,280,0.3216205481439829
2,3,12,2,290,0.33353395434096456
2,3,12,2,300,0.3444987051188946
2,3,12,2,310,0.35762390308082104
2,3,12,2,320,0.3687594458460808
2,3,12,2,330,0.38046326488256454
2,3,12,2,340,0.39074118714779615
2,3,12,2,350,0.40277272230014205
2,3,12,2,360,0.4147396981716156
2,3,12,2,370,0.4258700152859092
2,3,12,2,380,0.43778334790840745
2,3,12,2,390,0.4491710430011153
2,3,12,2,400,0.4606536799110472
2,3,12,2,410,0.47217802703380585
2,3,12,2,420,0.483689843211323
2,3,12,2,430,0.49458967335522175
2,3,12,2,440,0.5075080459937453
2,3,12,2,450,0.5188228287734091
2,3,12,2,460,0.5305926646105945
2,3,12,2,470,0.5403987630270422
2,3,12,2,480,0.5526893981732428
2,3,12,2,490,0.5650548776611686
2,3,12,2,500,0.5762104792520404
2,3,12,2,510,0.5861736130900681
2,3,12,2,520,0.6003000540658832
2,3,12,2,530,0.6109378659166396
2,3,12,2,540,0.6244323891587555
2,3,12,2,550,0.6355588091537356
2,3,12,2,560,0.6449430310167372
2,3,12,2,570,0.6560335112735629
2,3,12,2,580,0.667750327847898
2,3,12,2,590,0.6806819881312549
2,4,2,1,20,0.02265278995037079
2,4,2,1,30,0.03424999490380287
2,4,2,1,40,0.04546493384987116
2,4,2,1,50,0.056973204016685486
2,4,2,1,60,0.0684308297932148
2,4,2,1,70,0.07951072603464127
2,4,2,1,80,0.09107838990166783
2,4,2,1,90,0.10245170490816236
2,4,2,1,100,0.11337153101339936
2,4,2,1,110,0.12532944977283478
2,4,2,1,120,0.13626677310094237
2,4,2,1,130,0.1478512049652636
2,4,2,1,140,0.1592481005936861
2,4,2,1,150,0.17082147113978863
2,4,2,1,160,0.18180432356894016
2,4,2,1,170,0.19328733999282122
2,4,2,1,180,0.20455605583265424
2,4,2,1,190,0.21604899317026138
2,4,2,1,200,0.22777422098442912
2,4,2,1,210,0.23905758699402213
2,4,2,1,220,0.24997237510979176
2,4,2,1,230,0.26098020002245903
2,4,2,1,240,0.27261728374287486
2,4,2,1,250,0.2844130787998438
2,4,2,1,260,0.2954697757959366
2,4,2,1,270,0.30731384083628654
2,4,2,1,280,0.3178852079436183
2,4,2,1,290,0.32918330607935786
2,4,2,1,300,0.34026578068733215
2,4,2,1,310,0.3516839952208102
2,4,2,1,320,0.3619393934495747
2,4,2,1,330,0.3745387280359864
2,4,2,1,340,0.38515421375632286
2,4,2,1,350,0.3974729282781482
2,4,2,1,360,0.4077735780738294
2,4,2,1,370,0.41974629228934646
2,4,2,1,380,0.4315609261393547
2,4,2,1,390,0.4439889770001173
2,4,2,1,400,0.4549453998915851
2,4,2,1,410,0.4669081727042794
2,4,2,1,420,0.47651054011657834
2,4,2,1,430,0.489076754078269
2,4,2,1,440,0.5005654548294842
2,4,2,1,450,0.5123733789660037
2,4,2,1,460,0.5225188788026571
2,4,2,1,470,0.5330716380849481
2,4,2,1,480,0.5444863410666585
2,4,2,1,490,0.55471455398947
2,4,2,1,500,0.5676608821377158
2,4,2,1,510,0.5786012918688357
2,4,2,1,520,0.5873738848604262
2,4,2,1,530,0.5994972577318549
2,4,2,1,540,0.6081643239594996
2,4,2,1,550,0.6215851819142699
2,4,2,1,560,0.6334336558356881
2,4,2,1,570,0.6492063156329095
2,4,2,1,580,0.6605538669973612
2,4,2,1,590,0.6700504780746996
2,4,2,2,20,0.022878946736454964
2,4,2,2,30,0.03405323112383485
2,4,2,2,40,0.0454271761700511
2,4,2,2,50,0.057128426153212786
2,4,2,2,60,0.06814629072323442
2,4,2,2,70,0.07953293807804585
2,4,2,2,80,0.09077989216893911
2,4,2,2,90,0.10196332540363073
2,4,2,2,100,0.11368308681994677
2,4,2,2,110,0.12500659003853798
2,4,2,2,120,0.13572501903399825
2,4,2,2,130,0.14770711259916425
2,4,2,2,140,0.15867639379575849
2,4,2,2,150,0.1691899336874485
2,4,2,2,160,0.1809403239749372
2,4,2,2,170,0.1912939976900816
2,4,2,2,180,0.20275286026299
2,4,2,2,190,0.21526471385732293
2,4,2,2,200,0.2256020037457347
2,4,2,2,210,0.23719862569123507
2,4,2,2,220,0.24838614696636796
2,4,2,2,230,0.25903134513646364
2,4,2,2,240,0.2700388887897134
2,4,2,2,250,0.2805410991422832
2,4,2,2,260,0.29142657993361354
2,4,2,2,270,0.30349995009601116
2,4,2,2,280,0.3151646926999092
2,4,2,2,290,0.3264511749148369
2,4,2,2,300,0.3367295037023723
2,4,2,2,310,0.35005990508943796
2,4,2,2,320,0.3598842918872833
2,4,2,2,330,0.37316511711105704
2,4,2,2,340,0.38292404310777783
2,4,2,2,350,0.39471477502956986
2,4,2,2,360,0.40492633264511824
2,4,2,2,370,0.4169281283393502
2,4,2,2,380,0.42798427818343043
2,4,2,2,390,0.4406943288631737
2,4,2,2,400,0.45068571204319596
2,4,2,2,410,0.4633098850026727
2,4,2,2,420,0.47307408368214965
2,4,2,2,430,0.4854304459877312
2,4,2,2,440,0.4961117166094482
2,4,2,2,450,0.5070467889308929
2,4,2,2,460,0.5198056902736425
2,4,2,2,470,0.5306140989996493
2,4,2,2,480,0.542345720808953
2,4,2,2,490,0.5529158399440348
2,4,2,2,500,0.5621418016962707
2,4,2,2,510,0.5732532101683319
2,4,2,2,520,0.5866262908093631
2,4,2,2,530,0.5982652748934925
2,4,2,2,540,0.609994700178504
2,4,2,2,550,0.6188582740724087
2,4,2,2,560,0.6299854153767228
2,4,2,2,570,0.6421260759234428
2,4,2,2,580,0.6572002251632512
2,4,2,2,590,0.6630736920051277
2,4,4,1,20,0.022572950925678015
2,4,4,1,30,0.033985383808612823
2,4,4,1,40,0.045050287153571844
2,4,4,1,50,0.05679943598806858
2,4,4,1,60,0.06792974285781384
2,4,4,1,70,0.07958698691800237
2,4,4,1,80,0.09060611296445131
2,4,4,1,90,0.10178195824846625
2,4,4,1,100,0.11274368176236749
2,4,4,1,110,0.12423840211704373
2,4,4,1,120,0.13544236216694117
2,4,4,1,130,0.1473151631653309
2,4,4,1,140,0.15793264377862215
2,4,4,1,150,0.16896092472597957
2,4,4,1,160,0.18045070301741362
2,4,4,1,170,0.1918258466757834
2,4,4,1,180,0.20253794780001044
2,4,4,1,190,0.21323141921311617
2,4,4,1,200,0.2256493647582829
2,4,4,1,210,0.23683832585811615
2,4,4,1,220,0.24791968194767833
2,4,4,1,230,0.25865525705739856
2,4,4,1,240,0.26975682796910405
2,4,4,1,250,0.28097475599497557
2,4,4,1,260,0.29261398408561945
2,4,4,1,270,0.3057457390241325
2,4,4,1,280,0.3149541621096432
2,4,4,1,290,0.3268446843139827
2,4,4,1,300,0.3383923447690904
2,4,4,1,310,0.34984870441257954
2,4,4,1,320,0.36079234071075916
2,4,4,1,330,0.3720344118773937
2,4,4,1,340,0.38421653397381306
2,4,4,1,350,0.3960394379682839
2,4,4,1,360,0.4066618122160435
2,4,4,1,370,0.41867657424882054
2,4,4,1,380,0.42802247405052185
2,4,4,1,390,0.4407186610624194
2,4,4,1,400,0.45192766608670354
2,4,4,1,410,0.4637927049770951
2,4,4,1,420,0.4747788980603218
2,4,4,1,430,0.48696803813800216
2,4,4,1,440,0.4980228301137686
2,4,4,1,450,0.5106778810732067
2,4,4,1,460,0.5200280812568963
2,4,4,1,470,0.5312402131967247
2,4,4,1,480,0.5423095701262355
2,4,4,1,490,0.5548936203122139
2,4,4,1,500,0.566765776835382
2,4,4,1,510,0.5796326170675457
2,4,4,1,520,0.5910736676305532
2,4,4,1,530,0.6023331261239946
2,4,4,1,540,0.6133365808054805
2,4,4,1,550,0.62444580020383
2,4,4,1,560,0.633726425934583
2,4,4,1,570,0.6460363967344165
2,4,4,1,580,0.6569744879379869
2,4,4,1,590,0.6685512042604387
2,4,4,2,20,0.02269359538331628
2,4,4,2,30,0.03394525917246938
2,4,4,2,40,0.04508109204471111
2,4,4,2,50,0.05639082100242376
2,4,4,2,60,0.06760692223906517
2,4,4,2,70,0.07904261816293001
2,4,4,2,80,0.09042618004605174
2,4,4,2,90,0.10158003401011229
2,4,4,2,100,0.11299665505066514
2,4,4,2,110,0.12465931521728635
2,4,4,2,120,0.13590057101100683
2,4,4,2,130,0.14712317800149322
2,4,4,2,140,0.15817632619291544
2,4,4,2,150,0.1695572487078607
2,4,4,2,160,0.18018719321116805
2,4,4,2,170,0.19233058067038655
2,4,4,2,180,0.20356700476258993
2,4,4,2,190,0.21532461093738675
2,4,4,2,200,0.22543088207021356
2,4,4,2,210,0.2369084870442748
2,4,4,2,220,0.24833239801228046
2,4,4,2,230,0.2595689636655152
2,4,4,2,240,0.27103290893137455
2,4,4,2,250,0.28220286639407277
2,4,4,2,260,0.2934272261336446
2,4,4,2,270,0.3052076450549066
2,4,4,2,280,0.31629217602312565
2,4,4,2,290,0.3281431756913662
2,4,4,2,300,0.33845113404095173
2,4,4,2,310,0.35069064423441887
2,4,4,2,320,0.36258910223841667
2,4,4,2,330,0.373404401820153
2,4,4,2,340,0.38526172982528806
2,4,4,2,350,0.39572523115202785
2,4,4,2,360,0.406473274808377
2,4,4,2,370,0.41836168384179473
2,4,4,2,380,0.4282815810292959
2,4,4,2,390,0.4400736619718373
2,4,4,2,400,0.4518508091568947
2,4,4,2,410,0.46222536405548453
2,4,4,2,420,0.4739031665958464
2,4,4,2,430,0.4856817820109427
2,4,4,2,440,0.4952828101813793
2,4,4,2,450,0.5067195682786405
2,4,4,2,460,0.5177165530622005
2,4,4,2,470,0.5295933559536934
2,4,4,2,480,0.5413637398742139
2,4,4,2,490,0.5524396989494562
2,4,4,2,500,0.5633980990387499
2,4,4,2,510,0.5763739491812885
2,4,4,2,520,0.5862332140095532
2,4,4,2,530,0.5978496540337801
2,4,4,2,540,0.6080108098685741
2,4,4,2,550,0.6204076828435063
2,4,4,2,560,0.6300872820429504
2,4,4,2,570,0.644628768786788
2,4,4,2,580,0.6540680946782231
2,4,4,2,590,0.666576896328479
2,4,6,1,20,0.02274417271837592
2,4,6,1,30,0.03418968105688691
2,4,6,1,40,0.04548330279067159
2,4,6,1,50,0.05681729828938842
2,4,6,1,60,0.06804374186322093
2,4,6,1,70,0.07988669723272324
2,4,6,1,80,0.09128719195723534
2,4,6,1,90,0.1029326468706131
2,4,6,1,100,0.11366691906005144
2,4,6,1,110,0.12501306319609284
2,4,6,1,120,0.13725614687427878
2,4,6,1,130,0.14929925510659814
2,4,6,1,140,0.1598681639879942
2,4,6,1,150,0.17084783082827926
2,4,6,1,160,0.18388150073587894
2,4,6,1,170,0.19449610589072108
2,4,6,1,180,0.20556828891858459
2,4,6,1,190,0.21783120790496469
2,4,6,1,200,0.2283446337096393
2,4,6,1,210,0.23947213171049953
2,4,6,1,220,0.2508525582961738
2,4,6,1,230,0.261886318679899
2,4,6,1,240,0.2716726968064904
2,4,6,1,250,0.2838400541804731
2,4,6,1,260,0.294966587331146
2,4,6,1,270,0.30838612327352166
2,4,6,1,280,0.31899338122457266
2,4,6,1,290,0.33037173794582486
2,4,6,1,300,0.33989534620195627
2,4,6,1,310,0.35271848598495126
2,4,6,1,320,0.3633189657703042
2,4,6,1,330,0.3770820531062782
2,4,6,1,340,0.3886641198769212
2,4,6,1,350,0.39857124723494053
2,4,6,1,360,0.40845667012035847
2,4,6,1,370,0.42137594195082784
2,4,6,1,380,0.43180068116635084
2,4,6,1,390,0.4429879132658243
2,4,6,1,400,0.45415987400338054
2,4,6,1,410,0.46517621586099267
2,4,6,1,420,0.4768916480243206
2,4,6,1,430,0.4879343560896814
2,4,6,1,440,0.5023176288232207
2,4,6,1,450,0.5131038706749678
2,4,6,1,460,0.5271356920711696
2,4,6,1,470,0.5350721380673349
2,4,6,1,480,0.5464385352097452
2,4,6,1,490,0.5571035980246961
2,4,6,1,500,0.5671637882478535
2,4,6,1,510,0.5795539049431682
2,4,6,1,520,0.5906112561933696
2,4,6,1,530,0.602409784682095
2,4,6,1,540,0.6141393589787185
2,4,6,1,550,0.6256779497489333
2,4,6,1,560,0.6366494307294488
2,4,6,1,570,0.6483546700328588
2,4,6,1,580,0.6587164597585797
2,4,6,1,590,0.6712753479368985
2,4,6,2,20,0.022674918174743652
2,4,6,2,30,0.034076962154358625
2,4,6,2,40,0.045320679899305105
2,4,6,2,50,0.05653674295172095
2,4,6,2,60,0.06806823890656233
2,4,6,2,70,0.07943327305838466
2,4,6,2,80,0.0905285938642919
2,4,6,2,90,0.1020894031971693
2,4,6,2,100,0.1135775470174849
2,4,6,2,110,0.12467902200296521
2,4,6,2,120,0.1358322841115296
2,4,6,2,130,0.1476424471475184
2,4,6,2,140,0.15861974889412522
2,4,6,2,150,0.17036279011517763
2,4,6,2,160,0.1816352652385831
2,4,6,2,170,0.19347262615337968
2,4,6,2,180,0.20473281480371952
2,4,6,2,190,0.21600510319694877
2,4,6,2,200,0.22849198011681437
2,4,6,2,210,0.23991962522268295
2,4,6,2,220,0.2515983423218131
2,4,6,2,230,0.26271229796111584
2,4,6,2,240,0.27278365893289447
2,4,6,2,250,0.28502344293519855
2,4,6,2,260,0.29655716894194484
2,4,6,2,270,0.30817941296845675
2,4,6,2,280,0.3183330651372671
2,4,6,2,290,0.33117411425337195
2,4,6,2,300,0.3415327682159841
2,4,6,2,310,0.35340539971366525
2,4,6,2,320,0.3646195977926254
2,4,6,2,330,0.3753238618373871
2,4,6,2,340,0.3867168710567057
2,4,6,2,350,0.39802061393857
2,4,6,2,360,0.40922336699441075
2,4,6,2,370,0.421640926040709
2,4,6,2,380,0.4309532679617405
2,4,6,2,390,0.44508325308561325
2,4,6,2,400,0.45221197325736284
2,4,6,2,410,0.467365690972656
2,4,6,2,420,0.4764692881144583
2,4,6,2,430,0.4879498491063714
2,4,6,2,440,0.49953466188162565
2,4,6,2,450,0.51047033816576
2,4,6,2,460,0.5202076332643628
2,4,6,2,470,0.5315437647514045
2,4,6,2,480,0.5439212420023978
2,4,6,2,490,0.5532769979909062
2,4,6,2,500,0.5656323060393333
2,4,6,2,510,0.5796015169471502
2,4,6,2,520,0.5908486000262201
2,4,6,2,530,0.6011132537387311
2,4,6,2,540,0.610912929289043
2,4,6,2,550,0.6216361778788269
2,4,6,2,560,0.6330444072373211
2,4,6,2,570,0.6470336518250406
2,4,6,2,580,0.6583129866048694
2,4,6,2,590,0.6717356601729989
2,4,8,1,20,0.023260274901986122
2,4,8,1,30,0.03487761877477169
2,4,8,1,40,0.046281828079372644
2,4,8,1,50,0.05811807792633772
2,4,8,1,60,0.06940673803910613
2,4,8,1,70,0.08119303407147527
2,4,8,1,80,0.0925643970258534
2,4,8,1,90,0.1039712829515338
2,4,8,1,100,0.11627682903781533
2,4,8,1,110,0.127738150767982
2,4,8,1,120,0.1396649358794093
2,4,8,1,130,0.1508419942110777
2,4,8,1,140,0.16186617501080036
2,4,8,1,150,0.1735059036873281
2,4,8,1,160,0.18524772999808192
2,4,8,1,170,0.1970309317111969
2,4,8,1,180,0.2079210551455617
2,4,8,1,190,0.22000025492161512
2,4,8,1,200,0.2305821180343628
2,4,8,1,210,0.24306358816102147
2,4,8,1,220,0.2540358370169997
2,4,8,1,230,0.267284048255533
2,4,8,1,240,0.2770343767479062
2,4,8,1,250,0.2890965132974088
2,4,8,1,260,0.30129576986655593
2,4,8,1,270,0.31214969838038087
2,4,8,1,280,0.3233804809860885
2,4,8,1,290,0.3363911537453532
2,4,8,1,300,0.3472812147811055
2,4,8,1,310,0.3596973489038646
2,4,8,1,320,0.3704329589381814
2,4,8,1,330,0.38266691798344254
2,4,8,1,340,0.39416618598625064
2,4,8,1,350,0.40693813702091575
2,4,8,1,360,0.4176768772304058
2,4,8,1,370,0.4297578572295606
2,4,8,1,380,0.43955155927687883
2,4,8,1,390,0.45206461381167173
2,4,8,1,400,0.463258302770555
2,4,8,1,410,0.4765453399159014
2,4,8,1,420,0.48675789777189493
2,4,8,1,430,0.49823641777038574
2,4,8,1,440,0.5089990659616888
2,4,8,1,450,0.5217779567465186
2,4,8,1,460,0.5332184326834977
2,4,8,1,470,0.5447056191042066
2,4,8,1,480,0.5545626352541149
2,4,8,1,490,0.5692052487283945
2,4,8,1,500,0.5796901034191251
2,4,8,1,510,0.590624628122896
2,4,8,1,520,0.6023489581421018
2,4,8,1,530,0.6147657977417111
2,4,8,1,540,0.6250945120118558
2,4,8,1,550,0.6391596919856966
2,4,8,1,560,0.6487275152467191
2,4,8,1,570,0.661437242757529
2,4,8,1,580,0.6723280800506473
2,4,8,1,590,0.6845010998658836
2,4,8,2,20,0.023120878729969263
2,4,8,2,30,0.03455471294000745
2,4,8,2,40,0.045979229267686605
2,4,8,2,50,0.05767496721819043
2,4,8,2,60,0.06871820986270905
2,4,8,2,70,0.08071431331336498
2,4,8,2,80,0.09197220299392939
2,4,8,2,90,0.10350822098553181
2,4,8,2,100,0.11471039615571499
2,4,8,2,110,0.12654636474326253
2,4,8,2,120,0.13796126376837492
2,4,8,2,130,0.15013632597401738
2,4,8,2,140,0.16074943309649825
2,4,8,2,150,0.17191996378824115
2,4,8,2,160,0.18441156717017293
2,4,8,2,170,0.1959450296126306
2,4,8,2,180,0.20695037441328168
2,4,8,2,190,0.21770323580130935
2,4,8,2,200,0.22918974375352263
2,4,8,2,210,0.24088095594197512
2,4,8,2,220,0.2525778259150684
2,4,8,2,230,0.2643313934095204
2,4,8,2,240,0.275157512165606
2,4,8,2,250,0.2859167167916894
2,4,8,2,260,0.2970188478939235
2,4,8,2,270,0.3099919348023832
2,4,8,2,280,0.3210186408832669
2,4,8,2,290,0.33222210593521595
2,4,8,2,300,0.3437733231112361
2,4,8,2,310,0.35633182991296053
2,4,8,2,320,0.3674998292699456
2,4,8,2,330,0.3781285467557609
2,4,8,2,340,0.38887174474075437
2,4,8,2,350,0.40001563634723425
2,4,8,2,360,0.4120343290269375
2,4,8,2,370,0.42444390896707773
2,4,8,2,380,0.4356529717333615
2,4,8,2,390,0.4472322668880224
2,4,8,2,400,0.45819441275671124
2,4,8,2,410,0.4699485902674496
2,4,8,2,420,0.4805699340067804
2,4,8,2,430,0.49305124720558524
2,4,8,2,440,0.5037665190175176
2,4,8,2,450,0.5169725026935339
2,4,8,2,460,0.5254450859501958
2,4,8,2,470,0.5385024980641901
2,4,8,2,480,0.5497562042437494
2,4,8,2,490,0.5643760431557894
2,4,8,2,500,0.5730555630289018
2,4,8,2,510,0.5857775830663741
2,4,8,2,520,0.5956509001553059
2,4,8,2,530,0.6079508876428008
2,4,8,2,540,0.6182598741725087
2,4,8,2,550,0.6313827629201114
2,4,8,2,560,0.640725685749203
2,4,8,2,570,0.6540150558575988
2,4,8,2,580,0.6636594547890127
2,4,8,2,590,0.6743891360238194
2,4,10,1,20,0.024402141105383635
2,4,10,1,30,0.036410966888070107
2,4,10,1,40,0.048569330014288425
2,4,10,1,50,0.06094008078798652
2,4,10,1,60,0.0727724339812994
2,4,10,1,70,0.08458856586366892
2,4,10,1,80,0.09697093302384019
2,4,10,1,90,0.10884038917720318
2,4,10,1,100,0.12093409104272723
2,4,10,1,110,0.13348927116021514
2,4,10,1,120,0.14505950780585408
2,4,10,1,130,0.1577694909647107
2,4,10,1,140,0.1690887976437807
2,4,10,1,150,0.18156015314161777
2,4,10,1,160,0.19390256004408002
2,4,10,1,170,0.20566722704097629
2,4,10,1,180,0.2173500368371606
2,4,10,1,190,0.22999059595167637
2,4,10,1,200,0.24095067009329796
2,4,10,1,210,0.2531855800189078
2,4,10,1,220,0.26552231796085835
2,4,10,1,230,0.27858444582670927
2,4,10,1,240,0.28976646019145846
2,4,10,1,250,0.3021744564175606
2,4,10,1,260,0.31560352304950356
2,4,10,1,270,0.3271241062320769
2,4,10,1,280,0.3386854608543217
2,4,10,1,290,0.3503699339926243
2,4,10,1,300,0.36201183777302504
2,4,10,1,310,0.375322675332427
2,4,10,1,320,0.3864890611730516
2,4,10,1,330,0.3977400599978864
2,4,10,1,340,0.4099714090116322
2,4,10,1,350,0.42419060273095965
2,4,10,1,360,0.43461523577570915
2,4,10,1,370,0.4480873658321798
2,4,10,1,380,0.4577925559133291
2,4,10,1,390,0.4699323372915387
2,4,10,1,400,0.4804509552195668
2,4,10,1,410,0.4957962199114263
2,4,10,1,420,0.5064390222541988
2,4,10,1,430,0.5196532728150487
2,4,10,1,440,0.5312057267874479
2,4,10,1,450,0.5441917418502271
2,4,10,1,460,0.5542255267500877
2,4,10,1,470,0.5673660119064152
2,4,10,1,480,0.5797065277583897
2,4,10,1,490,0.5895883906632662
2,4,10,1,500,0.5994988670572639
2,4,10,1,510,0.6146135842427611
2,4,10,1,520,0.626125006005168
2,4,10,1,530,0.6400145892985165
2,4,10,1,540,0.6486066291108727
2,4,10,1,550,0.6622283048927784
2,4,10,1,560,0.6738218227401376
2,4,10,1,570,0.6872391416691244
2,4,10,1,580,0.6983932359144092
2,4,10,1,590,0.7130499393679202
2,4,10,2,20,0.02359472680836916
2,4,10,2,30,0.03534940304234624
2,4,10,2,40,0.047197900246828794
2,4,10,2,50,0.05863078497350216
2,4,10,2,60,0.07056683301925659
2,4,10,2,70,0.08278921525925398
2,4,10,2,80,0.09404487488791347
2,4,10,2,90,0.10591168887913227
2,4,10,2,100,0.11793699627742171
2,4,10,2,110,0.12952434364706278
2,4,10,2,120,0.1406471598893404
2,4,10,2,130,0.15257784724235535
2,4,10,2,140,0.1647051190957427
2,4,10,2,150,0.1762978183105588
2,4,10,2,160,0.18783102370798588
2,4,10,2,170,0.1992811057716608
2,4,10,2,180,0.21073909010738134
2,4,10,2,190,0.2222013659775257
2,4,10,2,200,0.23409575270488858
2,4,10,2,210,0.24590327683836222
2,4,10,2,220,0.2573979841545224
2,4,10,2,230,0.2693906989879906
2,4,10,2,240,0.28021705569699407
2,4,10,2,250,0.2926908847875893
2,4,10,2,260,0.3040728238411248
2,4,10,2,270,0.3160127499140799
2,4,10,2,280,0.32751625310629606
2,4,10,2,290,0.3382938369177282
2,4,10,2,300,0.3501106407493353
2,4,10,2,310,0.36347839096561074
2,4,10,2,320,0.3739941972307861
2,4,10,2,330,0.3853665660135448
2,4,10,2,340,0.3974017179571092
2,4,10,2,350,0.410346076823771
2,4,10,2,360,0.42079952685162425
2,4,10,2,370,0.432906708214432
2,4,10,2,380,0.442674795165658
2,4,10,2,390,0.4561136388219893
2,4,10,2,400,0.46858816407620907
2,4,10,2,410,0.480464025400579
2,4,10,2,420,0.4920643731020391
2,4,10,2,430,0.5034368978813291
2,4,10,2,440,0.5135595062747598
2,4,10,2,450,0.5268088039010763
2,4,10,2,460,0.5376713094301522
2,4,10,2,470,0.5498762358911335
2,4,10,2,480,0.5606470922939479
2,4,10,2,490,0.5724123199470341
2,4,10,2,500,0.5845998688600957
2,4,10,2,510,0.5960294269025326
2,4,10,2,520,0.607970766723156
2,4,10,2,530,0.6209585350006819
2,4,10,2,540,0.6313779186457396
2,4,10,2,550,0.6423012199811637
2,4,10,2,560,0.6543534812517464
2,4,10,2,570,0.6665308577939868
2,4,10,2,580,0.6793085429817438
2,4,10,2,590,0.6894862088374794
2,4,12,1,20,0.027294595260173082
2,4,12,1,30,0.04075452825054526
2,4,12,1,40,0.054270905908197165
2,4,12,1,50,0.0680251638405025
2,4,12,1,60,0.08159058215096593
2,4,12,1,70,0.09495488693937659
2,4,12,1,80,0.10842318180948496
2,4,12,1,90,0.1219693198800087
2,4,12,1,100,0.13500243704766035
2,4,12,1,110,0.148801542352885
2,4,12,1,120,0.16171438293531537
2,4,12,1,130,0.1752203581854701
2,4,12,1,140,0.18883274123072624
2,4,12,1,150,0.2026370083913207
2,4,12,1,160,0.215263441670686
2,4,12,1,170,0.22919091396033764
2,4,12,1,180,0.24246882926672697
2,4,12,1,190,0.25589610589668155
2,4,12,1,200,0.269351112190634
2,4,12,1,210,0.2837589429691434
2,4,12,1,220,0.29573947191238403
2,4,12,1,230,0.30942880269140005
2,4,12,1,240,0.322538489010185
2,4,12,1,250,0.3362295557744801
2,4,12,1,260,0.34903007792308927
2,4,12,1,270,0.3633687919937074
2,4,12,1,280,0.3752659000456333
2,4,12,1,290,0.3898546020500362
2,4,12,1,300,0.4022367103025317
2,4,12,1,310,0.4156896430067718
2,4,12,1,320,0.4282646728679538
2,4,12,1,330,0.4430481670424342
2,4,12,1,340,0.4555421289987862
2,4,12,1,350,0.46864861575886607
2,4,12,1,360,0.4825929459184408
2,4,12,1,370,0.49758249893784523
2,4,12,1,380,0.508930142968893
2,4,12,1,390,0.5244474406354129
2,4,12,1,400,0.5365457478910685
2,4,12,1,410,0.548949624877423
2,4,12,1,420,0.5625622193329036
2,4,12,1,430,0.5761062102392316
2,4,12,1,440,0.5892706331796944
2,4,12,1,450,0.603045279160142
2,4,12,1,460,0.6141824689693749
2,4,12,1,470,0.6290554217994213
2,4,12,1,480,0.6415453269146383
2,4,12,1,490,0.6568951196968555
2,4,12,1,500,0.6694217002950609
2,4,12,1,510,0.6851250529289246
2,4,12,1,520,0.6972937798127532
2,4,12,1,530,0.7101173037663102
2,4,12,1,540,0.7234300603158772
2,4,12,1,550,0.7368857809342444
2,4,12,1,560,0.7498542619869113
2,4,12,1,570,0.7642544507980347
2,4,12,1,580,0.7744873608462512
2,4,12,1,590,0.7889678538776934
2,4,12,2,20,0.02504928596317768
2,4,12,2,30,0.03775544697418809
2,4,12,2,40,0.050306081771850586
2,4,12,2,50,0.0628344970755279
2,4,12,2,60,0.07519573625177145
2,4,12,2,70,0.0875417678616941
2,4,12,2,80,0.1000539748929441
2,4,12,2,90,0.11224810825660825
2,4,12,2,100,0.12469490291550756
2,4,12,2,110,0.13737537385895848
2,4,12,2,120,0.14955502096563578
2,4,12,2,130,0.16228632209822536
2,4,12,2,140,0.1755439811386168
2,4,12,2,150,0.1878559780307114
2,4,12,2,160,0.19965349789708853
2,4,12,2,170,0.21209963597357273
2,4,12,2,180,0.22427643090486526
2,4,12,2,190,0.23587323632091284
2,4,12,2,200,0.24866231810301542
2,4,12,2,210,0.261136082932353
2,4,12,2,220,0.273667898029089
2,4,12,2,230,0.285868460778147
2,4,12,2,240,0.2977325180545449
2,4,12,2,250,0.3105064248666167
2,4,12,2,260,0.32274186005815864
2,4,12,2,270,0.335949947591871
2,4,12,2,280,0.348668138962239
2,4,12,2,290,0.361195663921535
2,4,12,2,300,0.372384546790272
2,4,12,2,310,0.386123183183372
2,4,12,2,320,0.3966457969509065
2,4,12,2,330,0.4101107274182141
2,4,12,2,340,0.421985836699605
2,4,12,2,350,0.43488766672089696
2,4,12,2,360,0.4466797118075192
2,4,12,2,370,0.45866710413247347
2,4,12,2,380,0.4698760840110481
2,4,12,2,390,0.48355025984346867
2,4,12,2,400,0.49458289379253983
2,4,12,2,410,0.5107347946614027
2,4,12,2,420,0.5217125453054905
2,4,12,2,430,0.53435461781919
2,4,12,2,440,0.5450999210588634
2,4,12,2,450,0.5589823871850967
2,4,12,2,460,0.5695623699575663
2,4,12,2,470,0.5820831707678735
2,4,12,2,480,0.5942519260570407
2,4,12,2,490,0.6067836279980838
2,4,12,2,500,0.6220419527962804
2,4,12,2,510,0.6325165103189647
2,4,12,2,520,0.6446689050644636
2,4,12,2,530,0.6575838481076062
2,4,12,2,540,0.6687210481613874
2,4,12,2,550,0.6822004709392786
2,4,12,2,560,0.6917286068201065
2,4,12,2,570,0.707174388691783
2,4,12,2,580,0.7179379276931286
2,4,12,2,590,0.7310363529250026
3,2,2,1,20,0.022520118858665228
3,2,2,1,30,0.033878348767757416
3,2,2,1,40,0.04533252492547035
3,2,2,1,50,0.05655438685789704
3,2,2,1,60,0.06760732317343354
3,2,2,1,70,0.07908150227740407
3,2,2,1,80,0.09053826797753572
3,2,2,1,90,0.10164185613393784
3,2,2,1,100,0.1130204419605434
3,2,2,1,110,0.12429790012538433
3,2,2,1,120,0.13626061426475644
3,2,2,1,130,0.14731360971927643
3,2,2,1,140,0.1583356182090938
3,2,2,1,150,0.17002812027931213
3,2,2,1,160,0.18114800099283457
3,2,2,1,170,0.1930915811099112
3,2,2,1,180,0.20397697715088725
3,2,2,1,190,0.21516672987490892
3,2,2,1,200,0.2270002174191177
3,2,2,1,210,0.238348298240453
3,2,2,1,220,0.24910415010526776
3,2,2,1,230,0.26089278422296047
3,2,2,1,240,0.27264191675931215
3,2,2,1,250,0.2828259249217808
3,2,2,1,260,0.294435101095587
3,2,2,1,270,0.3051456226967275
3,2,2,1,280,0.31680423580110073
3,2,2,1,290,0.32788246404379606
3,2,2,1,300,0.3385604089125991
3,2,2,1,310,0.350844606757164
3,2,2,1,320,0.36270417785272
3,2,2,1,330,0.3744278261438012
3,2,2,1,340,0.38451291574165225
3,2,2,1,350,0.39668448688462377
3,2,2,1,360,0.4068931061774492
3,2,2,1,370,0.4190537971444428
3,2,2,1,380,0.429314533714205
3,2,2,1,390,0.44226503372192383
3,2,2,1,400,0.4542194870300591
3,2,2,1,410,0.46488990914076567
3,2,2,1,420,0.4749187771230936
3,2,2,1,430,0.4871562672778964
3,2,2,1,440,0.49679170036688447
3,2,2,1,450,0.5095319040119648
3,2,2,1,460,0.5236417362466455
3,2,2,1,470,0.5344336847774684
3,2,2,1,480,0.5480804261751473
3,2,2,1,490,0.5557041792199016
3,2,2,1,500,0.5667250929400325
3,2,2,1,510,0.5789396469481289
3,2,2,1,520,0.5899209016934037
3,2,2,1,530,0.6006559571251273
3,2,2,1,540,0.6122360709123313
3,2,2,1,550,0.6228667232207954
3,2,2,1,560,0.6358733312226832
3,2,2,1,570,0.6482090777717531
3,2,2,1,580,0.6551581299863756
3,2,2,1,590,0.6680025141686201
3,2,2,2,20,0.02293153991922736
3,2,2,2,30,0.03386603528633714
3,2,2,2,40,0.045267181005328894
3,2,2,2,50,0.05666013713926077
3,2,2,2,60,0.0676920572295785
3,2,2,2,70,0.07917764689773321
3,2,2,2,80,0.09027702827006578
3,2,2,2,90,0.10144002735614777
3,2,2,2,100,0.1128251189365983
3,2,2,2,110,0.12470494490116835
3,2,2,2,120,0.13585077319294214
3,2,2,2,130,0.1473118169233203
3,2,2,2,140,0.1584839317947626
3,2,2,2,150,0.17027997272089124
3,2,2,2,160,0.1813146499916911
3,2,2,2,170,0.19254654878750443
3,2,2,2,180,0.20377443032339215
3,2,2,2,190,0.21536391600966454
3,2,2,2,200,0.2261653458699584
3,2,2,2,210,0.2383066168986261
3,2,2,2,220,0.24956047115847468
3,2,2,2,230,0.26122853718698025
3,2,2,2,240,0.2718898099847138
3,2,2,2,250,0.28380381176248193
3,2,2,2,260,0.2946406821720302
3,2,2,2,270,0.30643780482932925
3,2,2,2,280,0.317725685890764
3,2,2,2,290,0.3292312081903219
3,2,2,2,300,0.33973674289882183
3,2,2,2,310,0.35110604111105204
3,2,2,2,320,0.3623354407027364
3,2,2,2,330,0.3735400573350489
3,2,2,2,340,0.3852549591101706
3,2,2,2,350,0.39665943710133433
3,2,2,2,360,0.40773708280175924
3,2,2,2,370,0.41894092597067356
3,2,2,2,380,0.428360213059932
3,2,2,2,390,0.4415373238734901
3,2,2,2,400,0.45306244818493724
3,2,2,2,410,0.46449706703424454
3,2,2,2,420,0.4757589129731059
3,2,2,2,430,0.4866918991319835
3,2,2,2,440,0.497754645999521
3,2,2,2,450,0.5083191739395261
3,2,2,2,460,0.5171945402398705
3,2,2,2,470,0.5295092849992216
3,2,2,2,480,0.540782118216157
3,2,2,2,490,0.5553716928698123
3,2,2,2,500,0.5648696688003838
3,2,2,2,510,0.5778038841672242
3,2,2,2,520,0.5885961060412228
3,2,2,2,530,0.6010169116780162
3,2,2,2,540,0.6106078652665019
3,2,2,2,550,0.621551379095763
3,2,2,2,560,0.6344475341029465
3,2,2,2,570,0.6462779962457716
3,2,2,2,580,0.6571236159652472
3,2,2,2,590,0.6695010550320148
3,2,4,1,20,0.022631363943219185
3,2,4,1,30,0.03415901958942413
3,2,4,1,40,0.04517667042091489
3,2,4,1,50,0.05657239863649011
3,2,4,1,60,0.06790946330875158
3,2,4,1,70,0.07943799998611212
3,2,4,1,80,0.09086929680779576
3,2,4,1,90,0.10210866574198008
3,2,4,1,100,0.11288943607360125
3,2,4,1,110,0.1245309510268271
3,2,4,1,120,0.13605445390567183
3,2,4,1,130,0.14704850874841213
3,2,4,1,140,0.15750621678307652
3,2,4,1,150,0.17035221308469772
3,2,4,1,160,0.18142220610752702
3,2,4,1,170,0.19274808699265122
3,2,4,1,180,0.20378522807732224
3,2,4,1,190,0.21566352527588606
3,2,4,1,200,0.22700387286022305
3,2,4,1,210,0.2382572777569294
3,2,4,1,220,0.24871135177090764
3,2,4,1,230,0.2609391170553863
3,2,4,1,240,0.2716121207922697
3,2,4,1,250,0.28328139800578356
3,2,4,1,260,0.2941509122028947
3,2,4,1,270,0.3067768346518278
3,2,4,1,280,0.31822448736056685
3,2,4,1,290,0.3302864758297801
3,2,4,1,300,0.341609267052263
3,2,4,1,310,0.3511844608001411
3,2,4,1,320,0.3631240390241146
3,2,4,1,330,0.3738200576044619
3,2,4,1,340,0.38538935175165534
3,2,4,1,350,0.39576250594109297
3,2,4,1,360,0.4065793422050774
3,2,4,1,370,0.42148515908047557
3,2,4,1,380,0.4305158187635243
3,2,4,1,390,0.4424948957748711
3,2,4,1,400,0.4534337860532105
3,2,4,1,410,0.4653898850083351
3,2,4,1,420,0.47778103221207857
3,2,4,1,430,0.48923882842063904
3,2,4,1,440,0.4997555064037442
3,2,4,1,450,0.5107878930866718
3,2,4,1,460,0.5214263601228595
3,2,4,1,470,0.5345550458878279
3,2,4,1,480,0.5416161008179188
3,2,4,1,490,0.5578598510473967
3,2,4,1,500,0.5655383542180061
3,2,4,1,510,0.5776417199522257
3,2,4,1,520,0.5886644432321191
3,2,4,1,530,0.5998410540632904
3,2,4,1,540,0.611509065143764
3,2,4,1,550,0.6259463061578572
3,2,4,1,560,0.6354125901125371
3,2,4,1,570,0.647912175860256
3,2,4,1,580,0.6548780929297209
3,2,4,1,590,0.6694941995665431
3,2,4,2,20,0.02262538718059659
3,2,4,2,30,0.034101182129234076
3,2,4,2,40,0.04558656271547079
3,2,4,2,50,0.05668631196022034
3,2,4,2,60,0.06797533482313156
3,2,4,2,70,0.07938729180023074
3,2,4,2,80,0.09048733254894614
3,2,4,2,90,0.10200981562957168
3,2,4,2,100,0.11329971486702561
3,2,4,2,110,0.1250940919853747
3,2,4,2,120,0.13555575674399734
3,2,4,2,130,0.14711936190724373
3,2,4,2,140,0.15882858587428927
3,2,4,2,150,0.17003321601077914
3,2,4,2,160,0.18080792482942343
3,2,4,2,170,0.19347957568243146
3,2,4,2,180,0.20424886792898178
3,2,4,2,190,0.21555173816159368
3,2,4,2,200,0.2262754370458424
3,2,4,2,210,0.23775081895291805
3,2,4,2,220,0.24928203830495477
3,2,4,2,230,0.2612235392443836
3,2,4,2,240,0.2716194298118353
3,2,4,2,250,0.2830974920652807
3,2,4,2,260,0.29358915984630585
3,2,4,2,270,0.30628312192857265
3,2,4,2,280,0.3170606167986989
3,2,4,2,290,0.3287091488018632
3,2,4,2,300,0.3403219198808074
3,2,4,2,310,0.35230868915095925
3,2,4,2,320,0.36194269824773073
3,2,4,2,330,0.3739867159165442
3,2,4,2,340,0.3850197149440646
3,2,4,2,350,0.39639382902532816
3,2,4,2,360,0.40677011106163263
3,2,4,2,370,0.4189978209324181
3,2,4,2,380,0.4289986779913306
3,2,4,2,390,0.4408636330626905
3,2,4,2,400,0.4526892052963376
3,2,4,2,410,0.4640860161744058
3,2,4,2,420,0.47530166525393724
3,2,4,2,430,0.4878462632186711
3,2,4,2,440,0.4971030089072883
3,2,4,2,450,0.5091463350690901
3,2,4,2,460,0.5198015607893467
3,2,4,2,470,0.5319503168575466
3,2,4,2,480,0.5436920882202685
3,2,4,2,490,0.5570826036855578
3,2,4,2,500,0.5656348639167845
3,2,4,2,510,0.5778343821875751
3,2,4,2,520,0.588416235987097
3,2,4,2,530,0.5999692059122026
3,2,4,2,540,0.6101268250495195
3,2,4,2,550,0.6215962013229728
3,2,4,2,560,0.6346405148506165
3,2,4,2,570,0.6451714178547263
3,2,4,2,580,0.6559848482720554
3,2,4,2,590,0.6681529022753239
3,2,6,1,20,0.022753239143639803
3,2,6,1,30,0.034384152851998806
3,2,6,1,40,0.04527798015624285
3,2,6,1,50,0.05674581089988351
3,2,6,1,60,0.06804798683151603
3,2,6,1,70,0.07949937507510185
3,2,6,1,80,0.09035889199003577
3,2,6,1,90,0.10207925317808986
3,2,6,1,100,0.11318270675837994
3,2,6,1,110,0.1249356297776103
3,2,6,1,120,0.13557660765945911
3,2,6,1,130,0.14736531721428037
3,2,6,1,140,0.1585690937936306
3,2,6,1,150,0.16977738868445158
3,2,6,1,160,0.18129476299509406
3,2,6,1,170,0.19283943809568882
3,2,6,1,180,0.20441847667098045
3,2,6,1,190,0.21551623614504933
3,2,6,1,200,0.22600632207468152
3,2,6,1,210,0.23802472464740276
3,2,6,1,220,0.24905779073014855
3,2,6,1,230,0.2609062190167606
3,2,6,1,240,0.2709659617394209
3,2,6,1,250,0.2830657889135182
3,2,6,1,260,0.2942674537189305
3,2,6,1,270,0.3051438331604004
3,2,6,1,280,0.31623728573322296
3,2,6,1,290,0.3278851229697466
3,2,6,1,300,0.3393020639196038
3,2,6,1,310,0.3517425637692213
3,2,6,1,320,0.3629232500679791
3,2,6,1,330,0.37491136183962226
3,2,6,1,340,0.3859721808694303
3,2,6,1,350,0.3967463420704007
3,2,6,1,360,0.40730602433905005
3,2,6,1,370,0.4187017660588026
3,2,6,1,380,0.42938890773802996
3,2,6,1,390,0.4421466118656099
3,2,6,1,400,0.452302229590714
3,2,6,1,410,0.46479360898956656
3,2,6,1,420,0.4761699950322509
3,2,6,1,430,0.48835074342787266
3,2,6,1,440,0.49787389021366835
3,2,6,1,450,0.5116982436738908
3,2,6,1,460,0.5211325730197132
3,2,6,1,470,0.5330457761883736
3,2,6,1,480,0.5441713430918753
3,2,6,1,490,0.5562103348784149
3,2,6,1,500,0.5674325828440487
3,2,6,1,510,0.5787117881700397
3,2,6,1,520,0.5890349000692368
3,2,6,1,530,0.6024585459381342
3,2,6,1,540,0.6180137321352959
3,2,6,1,550,0.6244892599061131
3,2,6,1,560,0.633824076037854
3,2,6,1,570,0.6470333402976394
3,2,6,1,580,0.6561303287744522
3,2,6,1,590,0.6684362911619246
3,2,6,2,20,0.02254117699339986
3,2,6,2,30,0.03393600694835186
3,2,6,2,40,0.045130379032343626
3,2,6,2,50,0.05666150385513902
3,2,6,2,60,0.06772081134840846
3,2,6,2,70,0.07905305316671729
3,2,6,2,80,0.09059561183676124
3,2,6,2,90,0.10164732299745083
3,2,6,2,100,0.11302520986646414
3,2,6,2,110,0.12403600197285414
3,2,6,2,120,0.13572508608922362
3,2,6,2,130,0.14751969510689378
3,2,6,2,140,0.15788646368309855
3,2,6,2,150,0.1696790368296206
3,2,6,2,160,0.18120016111060977
3,2,6,2,170,0.19183357106521726
3,2,6,2,180,0.2029558252543211
3,2,6,2,190,0.2149776192381978
3,2,6,2,200,0.2261689780279994
3,2,6,2,210,0.2383431256748736
3,2,6,2,220,0.24942752718925476
3,2,6,2,230,0.26074087992310524
3,2,6,2,240,0.27208530716598034
3,2,6,2,250,0.2833389048464596
3,2,6,2,260,0.2934180428273976
3,2,6,2,270,0.3058065278455615
3,2,6,2,280,0.31614553090184927
3,2,6,2,290,0.3292350876145065
3,2,6,2,300,0.34011924220249057
3,2,6,2,310,0.3519755220040679
3,2,6,2,320,0.3635321478359401
3,2,6,2,330,0.37401684327051044
3,2,6,2,340,0.38520749006420374
3,2,6,2,350,0.39765889663249254
3,2,6,2,360,0.40793847292661667
3,2,6,2,370,0.4192706379108131
3,2,6,2,380,0.43001674534752965
3,2,6,2,390,0.44174504932016134
3,2,6,2,400,0.4527162411250174
3,2,6,2,410,0.46440056897699833
3,2,6,2,420,0.4760148008354008
3,2,6,2,430,0.48839483177289367
3,2,6,2,440,0.49792762380093336
3,2,6,2,450,0.5117620499804616
3,2,6,2,460,0.5211049178615212
3,2,6,2,470,0.5334905372001231
3,2,6,2,480,0.5436734366230667
3,2,6,2,490,0.5563923688605428
3,2,6,2,500,0.5664129578508437
3,2,6,2,510,0.579014784656465
3,2,6,2,520,0.589347027707845
3,2,6,2,530,0.6014461568556726
3,2,6,2,540,0.6123726419173181
3,2,6,2,550,0.6245582201518118
3,2,6,2,560,0.6334446859546006
3,2,6,2,570,0.6457707989029586
3,2,6,2,580,0.656925112940371
3,2,6,2,590,0.6706604398787022
3,2,8,1,20,0.022645485121756792
3,2,8,1,30,0.03403783729299903
3,2,8,1,40,0.045385904144495726
3,2,8,1,50,0.05668384302407503
3,2,8,1,60,0.06800700770691037
3,2,8,1,70,0.07963126013055444
3,2,8,1,80,0.09117567772045732
3,2,8,1,90,0.10229053581133485
3,2,8,1,100,0.11350737093016505
3,2,8,1,110,0.12507737521082163
3,2,8,1,120,0.13592758821323514
3,2,8,1,130,0.1478624101728201
3,2,8,1,140,0.15842260979115963
3,2,8,1,150,0.1700866180472076
3,2,8,1,160,0.18114878656342626
3,2,8,1,170,0.19382901024073362
3,2,8,1,180,0.20446839882060885
3,2,8,1,190,0.2159551619552076
3,2,8,1,200,0.22678331518545747
3,2,8,1,210,0.23826970299705863
3,2,8,1,220,0.2495892159640789
3,2,8,1,230,0.2617319510318339
3,2,8,1,240,0.27151457080617547
3,2,8,1,250,0.2838374893181026
3,2,8,1,260,0.29563542921096087
3,2,8,1,270,0.3058105311356485
3,2,8,1,280,0.3168873027898371
3,2,8,1,290,0.33069317135959864
3,2,8,1,300,0.34099271707236767
3,2,8,1,310,0.35218832502141595
3,2,8,1,320,0.36286099907010794
3,2,8,1,330,0.3735960950143635
3,2,8,1,340,0.3843057001940906
3,2,8,1,350,0.39881753316149116
3,2,8,1,360,0.407744602765888
3,2,8,1,370,0.42067850986495614
3,2,8,1,380,0.4318262482993305
3,2,8,1,390,0.44334188709035516
3,2,8,1,400,0.45275090308859944
3,2,8,1,410,0.46580002596601844
3,2,8,1,420,0.4760147309862077
3,2,8,1,430,0.4889955082908273
3,2,8,1,440,0.5004395628347993
3,2,8,1,450,0.5100772879086435
3,2,8,1,460,0.518934000749141
3,2,8,1,470,0.5340003757737577
3,2,8,1,480,0.5446511870250106
3,2,8,1,490,0.5580165511928499
3,2,8,1,500,0.5675721750594676
3,2,8,1,510,0.5781532553955913
3,2,8,1,520,0.5897484598681331
3,2,8,1,530,0.6031520240940154
3,2,8,1,540,0.6130025200545788
3,2,8,1,550,0.626122372224927
3,2,8,1,560,0.6352281947620213
3,2,8,1,570,0.6485392167232931
3,2,8,1,580,0.6596054872497916
3,2,8,1,590,0.6717663616873324
3,2,8,2,20,0.02274388773366809
3,2,8,2,30,0.034207927994430065
3,2,8,2,40,0.04522250825539231
3,2,8,2,50,0.05669240700080991
3,2,8,2,60,0.06821400625631213
3,2,8,2,70,0.0794212082400918
3,2,8,2,80,0.09082204615697265
3,2,8,2,90,0.10254511795938015
3,2,8,2,100,0.11370707023888826
3,2,8,2,110,0.12554312078282237
3,2,8,2,120,0.13638869393616915
3,2,8,2,130,0.14749618479982018
3,2,8,2,140,0.15894502773880959
3,2,8,2,150,0.17086617182940245
3,2,8,2,160,0.18207721784710884
3,2,8,2,170,0.19298942806199193
3,2,8,2,180,0.2040089350193739
3,2,8,2,190,0.21596217807382345
3,2,8,2,200,0.22712311008945107
3,2,8,2,210,0.23839099006727338
3,2,8,2,220,0.2501389030367136
3,2,8,2,230,0.26108919084072113
3,2,8,2,240,0.27202973421663046
3,2,8,2,250,0.28430498018860817
3,2,8,2,260,0.29512631706893444
3,2,8,2,270,0.30795703222975135
3,2,8,2,280,0.3175307712517679
3,2,8,2,290,0.33008603006601334
3,2,8,2,300,0.3391863708384335
3,2,8,2,310,0.3508484121412039
3,2,8,2,320,0.3624095479026437
3,2,8,2,330,0.37449931586161256
3,2,8,2,340,0.3852312359958887
3,2,8,2,350,0.397905379999429
3,2,8,2,360,0.4086400750093162
3,2,8,2,370,0.4214051510207355
3,2,8,2,380,0.4315056628547609
3,2,8,2,390,0.4431794751435518
3,2,8,2,400,0.45296429516747594
3,2,8,2,410,0.466705319005996
3,2,8,2,420,0.4770923680625856
3,2,8,2,430,0.4873401131480932
3,2,8,2,440,0.4999716840684414
3,2,8,2,450,0.5122040472924709
3,2,8,2,460,0.5225592218339443
3,2,8,2,470,0.5351434643380344
3,2,8,2,480,0.5449256394058466
3,2,8,2,490,0.556332373060286
3,2,8,2,500,0.5663853860460222
3,2,8,2,510,0.5800380888395011
3,2,8,2,520,0.5899581732228398
3,2,8,2,530,0.6016397662460804
3,2,8,2,540,0.6137272650375962
3,2,8,2,550,0.6250272551551461
3,2,8,2,560,0.6359932972118258
3,2,8,2,570,0.6473617032170296
3,2,8,2,580,0.6582581140100956
3,2,8,2,590,0.6696834350004792
3,2,10,1,20,0.02284229313954711
3,2,10,1,30,0.03397963801398873
3,2,10,1,40,0.04560838779434562
3,2,10,1,50,0.05690920306369662
3,2,10,1,60,0.06839172029867768
3,2,10,1,70,0.07993075391277671
3,2,10,1,80,0.09083087928593159
3,2,10,1,90,0.10259330365806818
3,2,10,1,100,0.1136615639552474
3,2,10,1,110,0.12508067023009062
3,2,10,1,120,0.13647448411211371
3,2,10,1,130,0.14814372500404716
3,2,10,1,140,0.15926284529268742
3,2,10,1,150,0.17081025475636125
3,2,10,1,160,0.18210389371961355
3,2,10,1,170,0.1940962327644229
3,2,10,1,180,0.2050423538312316
3,2,10,1,190,0.21736978879198432
3,2,10,1,200,0.22796728229150176
3,2,10,1,210,0.24083065334707499
3,2,10,1,220,0.2514055548235774
3,2,10,1,230,0.26207196014001966
3,2,10,1,240,0.2735649333335459
3,2,10,1,250,0.2858549761585891
3,2,10,1,260,0.29664490930736065
3,2,10,1,270,0.30852022720500827
3,2,10,1,280,0.3192568328231573
3,2,10,1,290,0.3312106719240546
3,2,10,1,300,0.3427205393090844
3,2,10,1,310,0.3528718510642648
3,2,10,1,320,0.3640996213071048
3,2,10,1,330,0.3764067329466343
3,2,10,1,340,0.38718742597848177
3,2,10,1,350,0.39857727102935314
3,2,10,1,360,0.4089861838147044
3,2,10,1,370,0.42090072901919484
3,2,10,1,380,0.43230849923565984
3,2,10,1,390,0.4450441049411893
3,2,10,1,400,0.4561760760843754
3,2,10,1,410,0.4678157391026616
3,2,10,1,420,0.47959859017282724
3,2,10,1,430,0.49029731191694736
3,2,10,1,440,0.5012076697312295
3,2,10,1,450,0.5153184160590172
3,2,10,1,460,0.5254563358612359
3,2,10,1,470,0.5371201448142529
3,2,10,1,480,0.5471067167818546
3,2,10,1,490,0.5581839890219271
3,2,10,1,500,0.5695930290967226
3,2,10,1,510,0.5832228614017367
3,2,10,1,520,0.5919656879268587
3,2,10,1,530,0.6055185780860484
3,2,10,1,540,0.6159250237978995
3,2,10,1,550,0.6280692080035806
3,2,10,1,560,0.638434300199151
3,2,10,1,570,0.6514950161799788
3,2,10,1,580,0.6625931481830776
3,2,10,1,590,0.6743216109462082
3,2,10,2,20,0.02261333493515849
3,2,10,2,30,0.034161816351115704
3,2,10,2,40,0.045564345084130764
3,2,10,2,50,0.05698940670117736
3,2,10,2,60,0.068369563203305
3,2,10,2,70,0.07977680210024118
3,2,10,2,80,0.0908550932072103
3,2,10,2,90,0.10266462108120322
3,2,10,2,100,0.11344337742775679
3,2,10,2,110,0.125377313233912
3,2,10,2,120,0.13628932973369956
3,2,10,2,130,0.14814105490222573
3,2,10,2,140,0.16023076372221112
3,2,10,2,150,0.1706365030258894
3,2,10,2,160,0.18228354211896658
3,2,10,2,170,0.19380132388323545
3,2,10,2,180,0.20524301286786795
3,2,10,2,190,0.21683010878041387
3,2,10,2,200,0.22817981569096446
3,2,10,2,210,0.23981261299923062
3,2,10,2,220,0.2505051759071648
3,2,10,2,230,0.26284635812044144
3,2,10,2,240,0.2743998318910599
3,2,10,2,250,0.28607703233137727
3,2,10,2,260,0.2965651089325547
3,2,10,2,270,0.30863317800685763
3,2,10,2,280,0.3190043130889535
3,2,10,2,290,0.33122191671282053
3,2,10,2,300,0.341965707950294
3,2,10,2,310,0.3550054901279509
3,2,10,2,320,0.3647802551276982
3,2,10,2,330,0.3775018351152539
3,2,10,2,340,0.3878871356137097
3,2,10,2,350,0.3999349777586758
3,2,10,2,360,0.4115402759052813
3,2,10,2,370,0.42120922496542335
3,2,10,2,380,0.43317740270867944
3,2,10,2,390,0.4447470959275961
3,2,10,2,400,0.45689606899395585
3,2,10,2,410,0.4684533220715821
3,2,10,2,420,0.4791442919522524
3,2,10,2,430,0.4913362138904631
3,2,10,2,440,0.5011572511866689
3,2,10,2,450,0.5136425890959799
3,2,10,2,460,0.5244278036989272
3,2,10,2,470,0.5366684971377254
3,2,10,2,480,0.5464905430562794
3,2,10,2,490,0.5576822538860142
3,2,10,2,500,0.5712550450116396
3,2,10,2,510,0.5795867191627622
3,2,10,2,520,0.5929426592774689
3,2,10,2,530,0.6053654639981687
3,2,10,2,540,0.6155289211310446
3,2,10,2,550,0.6284333877265453
3,2,10,2,560,0.6371510359458625
3,2,10,2,570,0.6501308702863753
3,2,10,2,580,0.660699691157788
3,2,10,2,590,0.6742316442541778
3,2,12,1,20,0.023076846729964018
3,2,12,1,30,0.03441017074510455
3,2,12,1,40,0.04600314190611243
3,2,12,1,50,0.057425801642239094
3,2,12,1,60,0.06879815878346562
3,2,12,1,70,0.08012696588411927
3,2,12,1,80,0.09172125579789281
3,2,12,1,90,0.10346520319581032
3,2,12,1,100,0.11427796585485339
3,2,12,1,110,0.12618033308535814
3,2,12,1,120,0.13696318725124002
3,2,12,1,130,0.1487264926545322
3,2,12,1,140,0.16027693124487996
3,2,12,1,150,0.1719303890131414
3,2,12,1,160,0.1833391822874546
3,2,12,1,170,0.19447842612862587
3,2,12,1,180,0.20637998124584556
3,2,12,1,190,0.21845749579370022
3,2,12,1,200,0.23066569492220879
3,2,12,1,210,0.24214663682505488
3,2,12,1,220,0.2526203659363091
3,2,12,1,230,0.2645189589820802
3,2,12,1,240,0.2757917670533061
3,2,12,1,250,0.2875436549074948
3,2,12,1,260,0.298986769746989
3,2,12,1,270,0.31073095509782434
3,2,12,1,280,0.3226546822115779
3,2,12,1,290,0.33395706908777356
3,2,12,1,300,0.34502979973331094
3,2,12,1,310,0.35542739974334836
3,2,12,1,320,0.36900108493864536
3,2,12,1,330,0.3793253507465124
3,2,12,1,340,0.3923949468880892
3,2,12,1,350,0.4035771619528532
3,2,12,1,360,0.4131474830210209
3,2,12,1,370,0.4250992741435766
3,2,12,1,380,0.43719959491863847
3,2,12,1,390,0.45040963031351566
3,2,12,1,400,0.4608990717679262
3,2,12,1,410,0.47229111194610596
3,2,12,1,420,0.4842121019028127
3,2,12,1,430,0.49432001216337085
3,2,12,1,440,0.5063189282082021
3,2,12,1,450,0.5190229658037424
3,2,12,1,460,0.5292865880765021
3,2,12,1,470,0.5414354330860078
3,2,12,1,480,0.5516838929615915
3,2,12,1,490,0.5638626520521939
3,2,12,1,500,0.5743524418212473
3,2,12,1,510,0.5885426020249724
3,2,12,1,520,0.5986879179254174
3,2,12,1,530,0.6099920878186822
3,2,12,1,540,0.6224307110533118
3,2,12,1,550,0.6330596040934324
3,2,12,1,560,0.6449841931462288
3,2,12,1,570,0.6568304412066936
3,2,12,1,580,0.6667472599074244
3,2,12,1,590,0.679677695967257
3,2,12,2,20,0.02300639497116208
3,2,12,2,30,0.03454955015331507
3,2,12,2,40,0.04586614994332194
3,2,12,2,50,0.05734333395957947
3,2,12,2,60,0.06888762395828962
3,2,12,2,70,0.08012562990188599
3,2,12,2,80,0.09153787000104785
3,2,12,2,90,0.10314811486750841
3,2,12,2,100,0.11417499696835876
3,2,12,2,110,0.12590390723198652
3,2,12,2,120,0.13724303990602493
3,2,12,2,130,0.14880680013448
3,2,12,2,140,0.16048011695966125
3,2,12,2,150,0.1732523930259049
3,2,12,2,160,0.1848526243120432
3,2,12,2,170,0.1958027766086161
3,2,12,2,180,0.20779251493513584
3,2,12,2,190,0.21933720028027892
3,2,12,2,200,0.23076055012643337
3,2,12,2,210,0.24254354974254966
3,2,12,2,220,0.2525719800032675
3,2,12,2,230,0.26534946355968714
3,2,12,2,240,0.27707323199138045
3,2,12,2,250,0.2880023028701544
3,2,12,2,260,0.29964448185637593
3,2,12,2,270,0.31116231298074126
3,2,12,2,280,0.3220471451058984
3,2,12,2,290,0.33474422711879015
3,2,12,2,300,0.3448228486813605
3,2,12,2,310,0.35724585270509124
3,2,12,2,320,0.3683020919561386
3,2,12,2,330,0.38003555918112397
3,2,12,2,340,0.39167371205985546
3,2,12,2,350,0.402794789057225
3,2,12,2,360,0.4142198571935296
3,2,12,2,370,0.42611262341961265
3,2,12,2,380,0.4372128080576658
3,2,12,2,390,0.44989921106025577
3,2,12,2,400,0.4588529849424958
3,2,12,2,410,0.4712212672457099
3,2,12,2,420,0.48272255016490817
3,2,12,2,430,0.4950317060574889
3,2,12,2,440,0.5061709666624665
3,2,12,2,450,0.5177017408423126
3,2,12,2,460,0.529494620859623
3,2,12,2,470,0.5410285675898194
3,2,12,2,480,0.5524916537106037
3,2,12,2,490,0.564160109963268
3,2,12,2,500,0.5754130380228162
3,2,12,2,510,0.5875974260270596
3,2,12,2,520,0.5967536922544241
3,2,12,2,530,0.6088361809961498
3,2,12,2,540,0.6214029439724982
3,2,12,2,550,0.6328028966672719
3,2,12,2,560,0.6447232407517731
3,2,12,2,570,0.6564460974186659
3,2,12,2,580,0.6676110848784447
3,2,12,2,590,0.6803089119493961
3,3,2,1,20,0.022691013757139444
3,3,2,1,30,0.03404797427356243
3,3,2,1,40,0.04546336084604263
3,3,2,1,50,0.05671433312818408
3,3,2,1,60,0.0678952788002789
3,3,2,1,70,0.07972676074132323
3,3,2,1,80,0.09046475123614073
3,3,2,1,90,0.10240795090794563
3,3,2,1,100,0.11363530391827226
3,3,2,1,110,0.12563025578856468
3,3,2,1,120,0.13660176005214453
3,3,2,1,130,0.14733660500496626
3,3,2,1,140,0.1592510137706995
3,3,2,1,150,0.16997533198446035
3,3,2,1,160,0.1815144452266395
3,3,2,1,170,0.1931119761429727
3,3,2,1,180,0.20428763702511787
3,3,2,1,190,0.21519058337435126
3,3,2,1,200,0.22686543688178062
3,3,2,1,210,0.23731315229088068
3,3,2,1,220,0.24839217588305473
3,3,2,1,230,0.2598330029286444
3,3,2,1,240,0.27137868013232946
3,3,2,1,250,0.28228994412347674
3,3,2,1,260,0.29411896923556924
3,3,2,1,270,0.30658920109272003
3,3,2,1,280,0.31787831289693713
3,3,2,1,290,0.328250034712255
3,3,2,1,300,0.3408712409436703
3,3,2,1,310,0.352066645398736
3,3,2,1,320,0.362771893851459
3,3,2,1,330,0.374523903708905
3,3,2,1,340,0.38520832592621446
3,3,2,1,350,0.39584588911384344
3,3,2,1,360,0.40804239828139544
3,3,2,1,370,0.41976921586319804
3,3,2,1,380,0.4307497958652675
3,3,2,1,390,0.44309917697682977
3,3,2,1,400,0.4529631012119353
3,3,2,1,410,0.465065929107368
3,3,2,1,420,0.4753016238100827
3,3,2,1,430,0.4887605020776391
3,3,2,1,440,0.4977657929994166
3,3,2,1,450,0.5112468632869422
3,3,2,1,460,0.5207696440629661
3,3,2,1,470,0.5310745961032808
3,3,2,1,480,0.5433687982149422
3,3,2,1,490,0.555959602817893
3,3,2,1,500,0.5666211182251573
3,3,2,1,510,0.5768625312484801
3,3,2,1,520,0.5886767748743296
3,3,2,1,530,0.6008796701207757
3,3,2,1,540,0.6125751859508455
3,3,2,1,550,0.6248615542426705
3,3,2,1,560,0.634359338786453
3,3,2,1,570,0.6462540980428457
3,3,2,1,580,0.6586311431601644
3,3,2,1,590,0.6677676327526569
3,3,2,2,20,0.02259993413463235
3,3,2,2,30,0.034032360184937716
3,3,2,2,40,0.04513021977618337
3,3,2,2,50,0.056427238043397665
3,3,2,2,60,0.06787321623414755
3,3,2,2,70,0.07924492890015244
3,3,2,2,80,0.09039687691256404
3,3,2,2,90,0.10175179177895188
3,3,2,2,100,0.11360039981082082
3,3,2,2,110,0.12456584302708507
3,3,2,2,120,0.1359264780767262
3,3,2,2,130,0.14731683721765876
3,3,2,2,140,0.15827851789072156
3,3,2,2,150,0.17042582901194692
3,3,2,2,160,0.18164358008652925
3,3,2,2,170,0.19242083514109254
3,3,2,2,180,0.20341614075005054
3,3,2,2,190,0.2152287494391203
3,3,2,2,200,0.22703005885705352
3,3,2,2,210,0.2384503409266472
3,3,2,2,220,0.24936142098158598
3,3,2,2,230,0.2618196699768305
3,3,2,2,240,0.27178507298231125
3,3,2,2,250,0.28282763296738267
3,3,2,2,260,0.2936246171593666
3,3,2,2,270,0.30559656908735633
3,3,2,2,280,0.3168713659979403
3,3,2,2,290,0.3283023671247065
3,3,2,2,300,0.3392085409723222
3,3,2,2,310,0.3517331276088953
3,3,2,2,320,0.36200673785060644
3,3,2,2,330,0.3741763080470264
3,3,2,2,340,0.38464569905772805
3,3,2,2,350,0.3962300820276141
3,3,2,2,360,0.4067202229052782
3,3,2,2,370,0.41873258585110307
3,3,2,2,380,0.42976870480924845
3,3,2,2,390,0.4424842456355691
3,3,2,2,400,0.45300227077677846
3,3,2,2,410,0.4644040656276047
3,3,2,2,420,0.4758187630213797
3,3,2,2,430,0.48689826019108295
3,3,2,2,440,0.49883966194465756
3,3,2,2,450,0.5094075468368828
3,3,2,2,460,0.5198729000985622
3,3,2,2,470,0.5329356747679412
3,3,2,2,480,0.5435590627603233
3,3,2,2,490,0.5557688986882567
3,3,2,2,500,0.5654560690745711
3,3,2,2,510,0.5762893478386104
3,3,2,2,520,0.5880602179095149
3,3,2,2,530,0.6009689788334072
3,3,2,2,540,0.6110208998434246
3,3,2,2,550,0.6222726120613515
3,3,2,2,560,0.63243951741606
3,3,2,2,570,0.6466362741775811
3,3,2,2,580,0.6566809331998229
3,3,2,2,590,0.6701999800279737
3,3,4,1,20,0.0226519419811666
3,3,4,1,30,0.03414103761315346
3,3,4,1,40,0.04540390567854047
3,3,4,1,50,0.05684544565156102
3,3,4,1,60,0.06819619098678231
3,3,4,1,70,0.07938166009262204
3,3,4,1,80,0.0908125932328403
3,3,4,1,90,0.10210328409448266
3,3,4,1,100,0.11309544881805778
3,3,4,1,110,0.1245986158028245
3,3,4,1,120,0.13588492991402745
3,3,4,1,130,0.14766680216416717
3,3,4,1,140,0.15858467482030392
3,3,4,1,150,0.17024105787277222
3,3,4,1,160,0.18109919875860214
3,3,4,1,170,0.19325841683894396
3,3,4,1,180,0.2040004087612033
3,3,4,1,190,0.2162758526392281
3,3,4,1,200,0.22623030003160238
3,3,4,1,210,0.23818367905914783
3,3,4,1,220,0.2482861401513219
3,3,4,1,230,0.26172502618283033
3,3,4,1,240,0.2715931823477149
3,3,4,1,250,0.28330435091629624
3,3,4,1,260,0.2942791269160807
3,3,4,1,270,0.3070324962027371
3,3,4,1,280,0.31780462712049484
3,3,4,1,290,0.3285852549597621
3,3,4,1,300,0.34088920755311847
3,3,4,1,310,0.35187984723597765
3,3,4,1,320,0.3625938817858696
3,3,4,1,330,0.375537496060133
3,3,4,1,340,0.38482301868498325
3,3,4,1,350,0.3971140100620687
3,3,4,1,360,0.4070157231763005
3,3,4,1,370,0.4197588092647493
3,3,4,1,380,0.4302861001342535
3,3,4,1,390,0.4422981068491936
3,3,4,1,400,0.4530774848535657
3,3,4,1,410,0.46556231612339616
3,3,4,1,420,0.47592910565435886
3,3,4,1,430,0.48728805175051093
3,3,4,1,440,0.49753430811688304
3,3,4,1,450,0.5107426890172064
3,3,4,1,460,0.5216537201777101
3,3,4,1,470,0.5333217140287161
3,3,4,1,480,0.5429971818812191
3,3,4,1,490,0.5566438497044146
3,3,4,1,500,0.5668126009404659
3,3,4,1,510,0.5785275097005069
3,3,4,1,520,0.589560960419476
3,3,4,1,530,0.6021178639493883
3,3,4,1,540,0.612751848064363
3,3,4,1,550,0.6246610200032592
3,3,4,1,560,0.6349615077488124
3,3,4,1,570,0.6477730358019471
3,3,4,1,580,0.655166647862643
3,3,4,1,590,0.6693359520286322
3,3,4,2,20,0.022709691897034645
3,3,4,2,30,0.03414279920980334
3,3,4,2,40,0.04519043816253543
3,3,4,2,50,0.0565657876431942
3,3,4,2,60,0.06789770629256964
3,3,4,2,70,0.079380271025002
3,3,4,2,80,0.09069824870675802
3,3,4,2,90,0.10196613799780607
3,3,4,2,100,0.11291306791827083
3,3,4,2,110,0.12504848605021834
3,3,4,2,120,0.13561627408489585
3,3,4,2,130,0.14726826269179583
3,3,4,2,140,0.15849199797958136
3,3,4,2,150,0.16977232974022627
3,3,4,2,160,0.18111343216151
3,3,4,2,170,0.1926042130216956
3,3,4,2,180,0.20398062095046043
3,3,4,2,190,0.21561812376603484
3,3,4,2,200,0.22595330886542797
3,3,4,2,210,0.23736938182264566
3,3,4,2,220,0.24945996282622218
3,3,4,2,230,0.260381530970335
3,3,4,2,240,0.27171453973278403
3,3,4,2,250,0.28359657200053334
3,3,4,2,260,0.2942742803134024
3,3,4,2,270,0.30611368175596
3,3,4,2,280,0.31710846815258265
3,3,4,2,290,0.3294978318735957
3,3,4,2,300,0.3393357419408858
3,3,4,2,310,0.35122151020914316
3,3,4,2,320,0.3636313369497657
3,3,4,2,330,0.3735493840649724
3,3,4,2,340,0.3851954322308302
3,3,4,2,350,0.39694639202207327
3,3,4,2,360,0.4079892551526427
3,3,4,2,370,0.41971399914473295
3,3,4,2,380,0.43114913487806916
3,3,4,2,390,0.44132785918191075
3,3,4,2,400,0.45308308908715844
3,3,4,2,410,0.4635842340067029
3,3,4,2,420,0.47461799206212163
3,3,4,2,430,0.4870226988568902
3,3,4,2,440,0.4991687913425267
3,3,4,2,450,0.5088292476721108
3,3,4,2,460,0.5196084883064032
3,3,4,2,470,0.533480565994978
3,3,4,2,480,0.5425872369669378
3,3,4,2,490,0.5558685660362244
3,3,4,2,500,0.5654256967827678
3,3,4,2,510,0.5779902678914368
3,3,4,2,520,0.5882863570004702
3,3,4,2,530,0.602025571744889
3,3,4,2,540,0.6109031932428479
3,3,4,2,550,0.6251688441261649
3,3,4,2,560,0.6351064662449062
3,3,4,2,570,0.6462087552063167
3,3,4,2,580,0.6588671458885074
3,3,4,2,590,0.6699199648573995
3,3,6,1,20,0.02267492888495326
3,3,6,1,30,0.034088349901139736
3,3,6,1,40,0.04526972305029631
3,3,6,1,50,0.05685270857065916
3,3,6,1,60,0.06806362792849541
3,3,6,1,70,0.0795409120619297
3,3,6,1,80,0.09122447622939944
3,3,6,1,90,0.10176706314086914
3,3,6,1,100,0.11338201304897666
3,3,6,1,110,0.12482631811872125
3,3,6,1,120,0.13596129789948463
3,3,6,1,130,0.14698746195062995
3,3,6,1,140,0.15883260313421488
3,3,6,1,150,0.17059600679203868
3,3,6,1,160,0.18072789488360286
3,3,6,1,170,0.19310078164562583
3,3,6,1,180,0.20344386994838715
3,3,6,1,190,0.21598009811714292
3,3,6,1,200,0.22649164078757167
3,3,6,1,210,0.23839914659038186
3,3,6,1,220,0.24959162203595042
3,3,6,1,230,0.261257098056376
3,3,6,1,240,0.2721855780109763
3,3,6,1,250,0.2834088150411844
3,3,6,1,260,0.29584947880357504
3,3,6,1,270,0.3059866512194276
3,3,6,1,280,0.3168902234174311
3,3,6,1,290,0.33025848818942904
3,3,6,1,300,0.34052595729008317
3,3,6,1,310,0.3511539357714355
3,3,6,1,320,0.36346746794879436
3,3,6,1,330,0.37535427790135145
3,3,6,1,340,0.38636414892971516
3,3,6,1,350,0.39827637979760766
3,3,6,1,360,0.4082882250659168
3,3,6,1,370,0.4203638359904289
3,3,6,1,380,0.43158387625589967
3,3,6,1,390,0.44333085091784596
3,3,6,1,400,0.45405745413154364
3,3,6,1,410,0.46616066014394164
3,3,6,1,420,0.47691900841891766
3,3,6,1,430,0.487568526994437
3,3,6,1,440,0.4998644017614424
3,3,6,1,450,0.5113025950267911
3,3,6,1,460,0.5221234746277332
3,3,6,1,470,0.5341467829421163
3,3,6,1,480,0.5450840927660465
3,3,6,1,490,0.5560251898132265
3,3,6,1,500,0.5675723562017083
3,3,6,1,510,0.5806090249679983
3,3,6,1,520,0.5899942158721387
3,3,6,1,530,0.6044953227974474
3,3,6,1,540,0.6126419780775905
3,3,6,1,550,0.6242346749641001
3,3,6,1,560,0.6356184189207852
3,3,6,1,570,0.6466610883362591
3,3,6,1,580,0.656169333960861
3,3,6,1,590,0.6693178219720721
3,3,6,2,20,0.022698890883475542
3,3,6,2,30,0.034177960362285376
3,3,6,2,40,0.045508644077926874
3,3,6,2,50,0.05677477503195405
3,3,6,2,60,0.06820827489718795
3,3,6,2,70,0.07957493234425783
3,3,6,2,80,0.0906189288944006
3,3,6,2,90,0.10199485905468464
3,3,6,2,100,0.11374585796147585
3,3,6,2,110,0.12504843436181545
3,3,6,2,120,0.13604316115379333
3,3,6,2,130,0.14782759407535195
3,3,6,2,140,0.15857198415324092
3,3,6,2,150,0.16990873031318188
3,3,6,2,160,0.1813444090075791
3,3,6,2,170,0.19344333512708545
3,3,6,2,180,0.20384198520332575
3,3,6,2,190,0.2157687800936401
3,3,6,2,200,0.22685870807617903
3,3,6,2,210,0.23810416599735618
3,3,6,2,220,0.2489626449532807
3,3,6,2,230,0.2608019979670644
3,3,6,2,240,0.27153980592265725
3,3,6,2,250,0.28339086193591356
3,3,6,2,260,0.29395108530297875
3,3,6,2,270,0.30585689516738057
3,3,6,2,280,0.31756759621202946
3,3,6,2,290,0.32897057197988033
3,3,6,2,300,0.33995587611570954
3,3,6,2,310,0.3513352279551327
3,3,6,2,320,0.3618128299713135
3,3,6,2,330,0.37372396793216467
3,3,6,2,340,0.38475128170102835
3,3,6,2,350,0.3967096102423966
3,3,6,2,360,0.4073144909925759
3,3,6,2,370,0.4190177540294826
3,3,6,2,380,0.4300560778938234
3,3,6,2,390,0.441366583108902
3,3,6,2,400,0.45294513180851936
3,3,6,2,410,0.46503027714788914
3,3,6,2,420,0.47698961896821856
3,3,6,2,430,0.4883863851428032
3,3,6,2,440,0.4989950228482485
3,3,6,2,450,0.5106744132936001
3,3,6,2,460,0.5216504749841988
3,3,6,2,470,0.5349343679845333
3,3,6,2,480,0.5447111376561224
3,3,6,2,490,0.5554789463058114
3,3,6,2,500,0.5665741739794612
3,3,6,2,510,0.578730134293437
3,3,6,2,520,0.5902188261970878
3,3,6,2,530,0.6017616442404687
3,3,6,2,540,0.6131797442212701
3,3,6,2,550,0.6247802642174065
3,3,6,2,560,0.6343081877566874
3,3,6,2,570,0.6463233842514455
3,3,6,2,580,0.6567481248639524
3,3,6,2,590,0.6709582502953708
3,3,8,1,20,0.022714280989021063
3,3,8,1,30,0.033962165005505085
3,3,8,1,40,0.04533353401347995
3,3,8,1,50,0.056807606015354395
3,3,8,1,60,0.06790676526725292
3,3,8,1,70,0.07945077726617455
3,3,8,1,80,0.09074136102572083
3,3,8,1,90,0.10233823116868734
3,3,8,1,100,0.11328775808215141
3,3,8,1,110,0.12502230424433947
3,3,8,1,120,0.1360610737465322
3,3,8,1,130,0.14742965903133154
3,3,8,1,140,0.15876734117045999
3,3,8,1,150,0.17045337613672018
3,3,8,1,160,0.18139797309413552
3,3,8,1,170,0.19300523912534118
3,3,8,1,180,0.20459129801020026
3,3,8,1,190,0.21544386399909854
3,3,8,1,200,0.22701808996498585
3,3,8,1,210,0.23869674932211637
3,3,8,1,220,0.24912941688671708
3,3,8,1,230,0.2617247672751546
3,3,8,1,240,0.2723458083346486
3,3,8,1,250,0.28416948998346925
3,3,8,1,260,0.2952170888893306
3,3,8,1,270,0.3063348140567541
3,3,8,1,280,0.31695591332390904
3,3,8,1,290,0.3290463020093739
3,3,8,1,300,0.3393748910166323
3,3,8,1,310,0.3518536239862442
3,3,8,1,320,0.3615419492125511
3,3,8,1,330,0.37352102529257536
3,3,8,1,340,0.3846861547790468
3,3,8,1,350,0.3972420049831271
3,3,8,1,360,0.40789202507585287
3,3,8,1,370,0.41993046505376697
3,3,8,1,380,0.4307269500568509
3,3,8,1,390,0.44218337815254927
3,3,8,1,400,0.45310871861875057
3,3,8,1,410,0.46550109703093767
3,3,8,1,420,0.4765611500479281
3,3,8,1,430,0.48960104677826166
3,3,8,1,440,0.4997420134022832
3,3,8,1,450,0.5113990190438926
3,3,8,1,460,0.5225259377621114
3,3,8,1,470,0.5351976160891354
3,3,8,1,480,0.5437780478969216
3,3,8,1,490,0.556437395978719
3,3,8,1,500,0.5669787619262934
3,3,8,1,510,0.578937925864011
3,3,8,1,520,0.5893145585432649
3,3,8,1,530,0.6014579571783543
3,3,8,1,540,0.612432112917304
3,3,8,1,550,0.6243885480798781
3,3,8,1,560,0.6358059868216515
3,3,8,1,570,0.6480235732160509
3,3,8,1,580,0.6588436951860785
3,3,8,1,590,0.671946388669312
3,3,8,2,20,0.02271989779546857
3,3,8,2,30,0.034118025097995996
3,3,8,2,40,0.04545073490589857
3,3,8,2,50,0.05690150661394
3,3,8,2,60,0.0678593460470438
3,3,8,2,70,0.07932817609980702
3,3,8,2,80,0.09081828873604536
3,3,8,2,90,0.10255501279607415
3,3,8,2,100,0.11350813088938594
3,3,8,2,110,0.124755566008389
3,3,8,2,120,0.13586845295503736
3,3,8,2,130,0.14771274477243423
3,3,8,2,140,0.15959925390779972
3,3,8,2,150,0.17020950000733137
3,3,8,2,160,0.18186042876914144
3,3,8,2,170,0.1935354508459568
3,3,8,2,180,0.20430112723261118
3,3,8,2,190,0.2156528322957456
3,3,8,2,200,0.2262870711274445
3,3,8,2,210,0.2383143361657858
3,3,8,2,220,0.24887598492205143
3,3,8,2,230,0.26072442391887307
3,3,8,2,240,0.2720830850303173
3,3,8,2,250,0.28425185615196824
3,3,8,2,260,0.29545657988637686
3,3,8,2,270,0.30628710705786943
3,3,8,2,280,0.31700987694785
3,3,8,2,290,0.3297613048925996
3,3,8,2,300,0.3402271829545498
3,3,8,2,310,0.3531915647909045
3,3,8,2,320,0.3616681662388146
3,3,8,2,330,0.37383789103478193
3,3,8,2,340,0.38504450069740415
3,3,8,2,350,0.3971897498704493
3,3,8,2,360,0.40958561887964606
3,3,8,2,370,0.42042007111012936
3,3,8,2,380,0.43219381384551525
3,3,8,2,390,0.4433031240478158
3,3,8,2,400,0.4546463470906019
3,3,8,2,410,0.46600394090637565
3,3,8,2,420,0.4768742062151432
3,3,8,2,430,0.48886430310085416
3,3,8,2,440,0.4998744479380548
3,3,8,2,450,0.5118542150594294
3,3,8,2,460,0.5222031697630882
3,3,8,2,470,0.5352983009070158
3,3,8,2,480,0.5462286486290395
3,3,8,2,490,0.5568912429735065
3,3,8,2,500,0.5684530767612159
3,3,8,2,510,0.5798163050785661
3,3,8,2,520,0.590588288847357
3,3,8,2,530,0.6018831436522305
3,3,8,2,540,0.6130209881812334
3,3,8,2,550,0.6266448460519314
3,3,8,2,560,0.6359938220120966
3,3,8,2,570,0.6468079956248403
3,3,8,2,580,0.6565422061830759
3,3,8,2,590,0.668959918897599
3,3,10,1,20,0.022741655819118023
3,3,10,1,30,0.03421805799007416
3,3,10,1,40,0.045391122344881296
3,3,10,1,50,0.05679587600752711
3,3,10,1,60,0.06820312002673745
3,3,10,1,70,0.07957286993041635
3,3,10,1,80,0.09088201681151986
3,3,10,1,90,0.10261199809610844
3,3,10,1,100,0.11378687806427479
3,3,10,1,110,0.12520044902339578
3,3,10,1,120,0.13605539174750447
3,3,10,1,130,0.14770983112975955
3,3,10,1,140,0.15869033336639404
3,3,10,1,150,0.1705960538238287
3,3,10,1,160,0.18209003005176783
3,3,10,1,170,0.19347920827567577
3,3,10,1,180,0.20457353116944432
3,3,10,1,190,0.21589806489646435
3,3,10,1,200,0.22740553691983223
3,3,10,1,210,0.2392317750491202
3,3,10,1,220,0.2511920668184757
3,3,10,1,230,0.2627255250699818
3,3,10,1,240,0.27431961987167597
3,3,10,1,250,0.28482092591002584
3,3,10,1,260,0.2967848661355674
3,3,10,1,270,0.3079889500513673
3,3,10,1,280,0.31800963589921594
3,3,10,1,290,0.33123712008818984
3,3,10,1,300,0.34142193011939526
3,3,10,1,310,0.3534347959794104
3,3,10,1,320,0.36461848579347134
3,3,10,1,330,0.3759977286681533
3,3,10,1,340,0.387124078348279
3,3,10,1,350,0.39933179691433907
3,3,10,1,360,0.4090826469473541
3,3,10,1,370,0.42036107927560806
3,3,10,1,380,0.43152945674955845
3,3,10,1,390,0.44382125372067094
3,3,10,1,400,0.4570160787552595
3,3,10,1,410,0.4672200088389218
3,3,10,1,420,0.47824697894975543
3,3,10,1,430,0.4892674689181149
3,3,10,1,440,0.500830439850688
3,3,10,1,450,0.5143422619439662
3,3,10,1,460,0.5245814421214163
3,3,10,1,470,0.5364414160139859
3,3,10,1,480,0.5463193124160171
3,3,10,1,490,0.5586764719337225
3,3,10,1,500,0.6265165167860687
3,3,10,1,510,0.5823250468820333
3,3,10,1,520,0.5906678223982453
3,3,10,1,530,0.6060412069782615
3,3,10,1,540,0.6161057930439711
3,3,10,1,550,0.6278846249915659
3,3,10,1,560,0.6384187303483486
3,3,10,1,570,0.6517727212049067
3,3,10,1,580,0.6614090409129858
3,3,10,1,590,0.6736951125785708
3,3,10,2,20,0.022783898748457432
3,3,10,2,30,0.03410291811451316
3,3,10,2,40,0.04538070037961006
3,3,10,2,50,0.056897403206676245
3,3,10,2,60,0.06815085792914033
3,3,10,2,70,0.07916752388700843
3,3,10,2,80,0.09065190609544516
3,3,10,2,90,0.10242763627320528
3,3,10,2,100,0.11328797601163387
3,3,10,2,110,0.12505858205258846
3,3,10,2,120,0.13605965301394463
3,3,10,2,130,0.1476688371039927
3,3,10,2,140,0.15949932765215635
3,3,10,2,150,0.17157535208389163
3,3,10,2,160,0.18207215098664165
3,3,10,2,170,0.19404991483315825
3,3,10,2,180,0.20538151497021317
3,3,10,2,190,0.21787046687677503
3,3,10,2,200,0.22769008995965123
3,3,10,2,210,0.2397594009526074
3,3,10,2,220,0.2507672202773392
3,3,10,2,230,0.26264913100749254
3,3,10,2,240,0.27317968709394336
3,3,10,2,250,0.2854009489528835
3,3,10,2,260,0.29682886926457286
3,3,10,2,270,0.30843350989744067
3,3,10,2,280,0.31904903799295425
3,3,10,2,290,0.3306985911913216
3,3,10,2,300,0.34050029003992677
3,3,10,2,310,0.35256850672885776
3,3,10,2,320,0.3636331921443343
3,3,10,2,330,0.3755210652016103
3,3,10,2,340,0.38652458088472486
3,3,10,2,350,0.3984179752878845
3,3,10,2,360,0.4101948756724596
3,3,10,2,370,0.42225638031959534
3,3,10,2,380,0.433613452129066
3,3,10,2,390,0.44498613895848393
3,3,10,2,400,0.45519885513931513
3,3,10,2,410,0.4669191259890795
3,3,10,2,420,0.4784219851717353
3,3,10,2,430,0.4900857680477202
3,3,10,2,440,0.5017867349088192
3,3,10,2,450,0.5136443306691945
3,3,10,2,460,0.5242000329308212
3,3,10,2,470,0.5353423357009888
3,3,10,2,480,0.5467822151258588
3,3,10,2,490,0.5586265344172716
3,3,10,2,500,0.5694119711406529
3,3,10,2,510,0.5798221211880445
3,3,10,2,520,0.590975140221417
3,3,10,2,530,0.6035212390124798
3,3,10,2,540,0.6161604188382626
3,3,10,2,550,0.6268537207506597
3,3,10,2,560,0.6360497619025409
3,3,10,2,570,0.6486687478609383
3,3,10,2,580,0.6597006041556597
3,3,10,2,590,0.6720473542809486
3,3,12,1,20,0.022950849030166864
3,3,12,1,30,0.03441218566149473
3,3,12,1,40,0.04579826630651951
3,3,12,1,50,0.05735893966630101
3,3,12,1,60,0.06885299319401383
3,3,12,1,70,0.08070926694199443
3,3,12,1,80,0.09152883989736438
3,3,12,1,90,0.1031518978998065
3,3,12,1,100,0.11439278582111001
3,3,12,1,110,0.14037799090147018
3,3,12,1,120,0.1717932429164648
3,3,12,1,130,0.15516166388988495
3,3,12,1,140,0.16055337898433208
3,3,12,1,150,0.17202048189938068
3,3,12,1,160,0.18357467697933316
3,3,12,1,170,0.19499361934140325
3,3,12,1,180,0.205825284589082
3,3,12,1,190,0.21728985803201795
3,3,12,1,200,0.22998520405963063
3,3,12,1,210,0.24216114589944482
3,3,12,1,220,0.2537269019521773
3,3,12,1,230,0.26549579482525587
3,3,12,1,240,0.276324313133955
3,3,12,1,250,0.2869103141129017
3,3,12,1,260,0.2993830949999392
3,3,12,1,270,0.3109895749948919
3,3,12,1,280,0.3227762682363391
3,3,12,1,290,0.33400122495368123
3,3,12,1,300,0.345282438211143
3,3,12,1,310,0.35612685279920697
3,3,12,1,320,0.3681621300056577
3,3,12,1,330,0.3788175950758159
3,3,12,1,340,0.39104138407856226
3,3,12,1,350,0.40126537112519145
3,3,12,1,360,0.4157690042629838
3,3,12,1,370,0.4266094961203635
3,3,12,1,380,0.43728663213551044
3,3,12,1,390,0.4493864709511399
3,3,12,1,400,0.4615519060753286
3,3,12,1,410,0.47199188685044646
3,3,12,1,420,0.4840807253494859
3,3,12,1,430,0.49449406331405044
3,3,12,1,440,0.5063808336853981
3,3,12,1,450,0.5187398600392044
3,3,12,1,460,0.5289398110471666
3,3,12,1,470,0.5421396461315453
3,3,12,1,480,0.5533484602347016
3,3,12,1,490,0.5669044316746294
3,3,12,1,500,0.5748427240177989
3,3,12,1,510,0.5871611200273037
3,3,12,1,520,0.5983022470027208
3,3,12,1,530,0.6109089329838753
3,3,12,1,540,0.6217601830139756
3,3,12,1,550,0.6353351869620383
3,3,12,1,560,0.6452922313474119
3,3,12,1,570,0.6580220269970596
3,3,12,1,580,0.6668136264197528
3,3,12,1,590,0.680173859000206
3,3,12,2,20,0.02298674825578928
3,3,12,2,30,0.03439917089417577
3,3,12,2,40,0.045789679046720266
3,3,12,2,50,0.057379108387976885
3,3,12,2,60,0.06851588329300284
3,3,12,2,70,0.0800301400013268
3,3,12,2,80,0.09161126799881458
3,3,12,2,90,0.10304388822987676
3,3,12,2,100,0.11430070782080293
3,3,12,2,110,0.12587357684969902
3,3,12,2,120,0.13736232090741396
3,3,12,2,130,0.1493590222671628
3,3,12,2,140,0.16038992581889033
3,3,12,2,150,0.173345941118896
3,3,12,2,160,0.18414606200531125
3,3,12,2,170,0.1961017712019384
3,3,12,2,180,0.20773488096892834
3,3,12,2,190,0.21914790803566575
3,3,12,2,200,0.23066340386867523
3,3,12,2,210,0.2415910018607974
3,3,12,2,220,0.2527909968048334
3,3,12,2,230,0.2658118321560323
3,3,12,2,240,0.3293636981397867
3,3,12,2,250,0.28914405312389135
3,3,12,2,260,0.29921235889196396
3,3,12,2,270,0.311529234983027
3,3,12,2,280,0.321976653765887
3,3,12,2,290,0.33384156320244074
3,3,12,2,300,0.34515578020364046
3,3,12,2,310,0.3566369120962918
3,3,12,2,320,0.36767126992344856
3,3,12,2,330,0.3808454582467675
3,3,12,2,340,0.39050411991775036
3,3,12,2,350,0.4034380679950118
3,3,12,2,360,0.4136970601975918
3,3,12,2,370,0.42697012796998024
3,3,12,2,380,0.4371032826602459
3,3,12,2,390,0.45010460168123245
3,3,12,2,400,0.46109713986516
3,3,12,2,410,0.4713165070861578
3,3,12,2,420,0.4821321158669889
3,3,12,2,430,0.4941036677919328
3,3,12,2,440,0.5065513229928911
3,3,12,2,450,0.5184580199420452
3,3,12,2,460,0.5291566448286176
3,3,12,2,470,0.5395120610482991
3,3,12,2,480,0.55046844528988
3,3,12,2,490,0.5644105430692434
3,3,12,2,500,0.5734656173735857
3,3,12,2,510,0.5848716744221747
3,3,12,2,520,0.59632951579988
3,3,12,2,530,0.6101079089567065
3,3,12,2,540,0.6188810616731644
3,3,12,2,550,0.6603380441665649
3,3,12,2,560,0.6432711901143193
3,3,12,2,570,0.6556365583091974
3,3,12,2,580,0.6661808625794947
3,3,12,2,590,0.6775673660449684
3,4,2,1,20,0.02276787906885147
3,4,2,1,30,0.034202542155981064
3,4,2,1,40,0.045264441054314375
3,4,2,1,50,0.0569593901745975
3,4,2,1,60,0.06823143688961864
3,4,2,1,70,0.07941891392692924
3,4,2,1,80,0.09080283110961318
3,4,2,1,90,0.1021840232424438
3,4,2,1,100,0.11296565877273679
3,4,2,1,110,0.12487127212807536
3,4,2,1,120,0.1360564399510622
3,4,2,1,130,0.14757718797773123
3,4,2,1,140,0.1589590087532997
3,4,2,1,150,0.17007080698385835
3,4,2,1,160,0.18098990758880973
3,4,2,1,170,0.19319136906415224
3,4,2,1,180,0.20456255367025733
3,4,2,1,190,0.21561147272586823
3,4,2,1,200,0.22761130100116134
3,4,2,1,210,0.23882929421961308
3,4,2,1,220,0.2495294539257884
3,4,2,1,230,0.2611673343926668
3,4,2,1,240,0.2729008668102324
3,4,2,1,250,0.28369752829894423
3,4,2,1,260,0.2954138647764921
3,4,2,1,270,0.3072832031175494
3,4,2,1,280,0.31728749815374613
3,4,2,1,290,0.32974839117377996
3,4,2,1,300,0.34026347007602453
3,4,2,1,310,0.35167166125029325
3,4,2,1,320,0.3625536561012268
3,4,2,1,330,0.37457404285669327
3,4,2,1,340,0.38580115186050534
3,4,2,1,350,0.3965078052133322
3,4,2,1,360,0.40780510287731886
3,4,2,1,370,0.41951047582551837
3,4,2,1,380,0.4323458611033857
3,4,2,1,390,0.44311892008408904
3,4,2,1,400,0.45535345282405615
3,4,2,1,410,0.4656251538544893
3,4,2,1,420,0.47837462183088064
3,4,2,1,430,0.48940536193549633
3,4,2,1,440,0.5004191291518509
3,4,2,1,450,0.5117793469689786
3,4,2,1,460,0.5228172172792256
3,4,2,1,470,0.5346694043837488
3,4,2,1,480,0.5453144037164748
3,4,2,1,490,0.5569053590297699
3,4,2,1,500,0.5671463459730148
3,4,2,1,510,0.5787327322177589
3,4,2,1,520,0.5899197873659432
3,4,2,1,530,0.6027487232349813
3,4,2,1,540,0.6131270746700466
3,4,2,1,550,0.624985917005688
3,4,2,1,560,0.6356253791600466
3,4,2,1,570,0.6470742328092456
3,4,2,1,580,0.6585489138960838
3,4,2,1,590,0.6750389710068703
3,4,2,2,20,0.030662876088172197
3,4,2,2,30,0.04615942295640707
3,4,2,2,40,0.056204437743872404
3,4,2,2,50,0.07189737120643258
3,4,2,2,60,0.06785163888707757
3,4,2,2,70,0.07975270366296172
3,4,2,2,80,0.09039217187091708
3,4,2,2,90,0.10253801988437772
3,4,2,2,100,0.11375941522419453
3,4,2,2,110,0.12475880607962608
3,4,2,2,120,0.13598196115344763
3,4,2,2,130,0.14840085105970502
3,4,2,2,140,0.1589156580157578
3,4,2,2,150,0.1707175807096064
3,4,2,2,160,0.18142344802618027
3,4,2,2,170,0.1923599778674543
3,4,2,2,180,0.20394144812598825
3,4,2,2,190,0.2155866171233356
3,4,2,2,200,0.22654827497899532
3,4,2,2,210,0.23764266725629568
3,4,2,2,220,0.24938608426600695
3,4,2,2,230,0.25936337234452367
3,4,2,2,240,0.27112497109919786
3,4,2,2,250,0.28377202013507485
3,4,2,2,260,0.29398993076756597
3,4,2,2,270,0.3072253963910043
3,4,2,2,280,0.31743421824648976
3,4,2,2,290,0.3289576778188348
3,4,2,2,300,0.34092888282611966
3,4,2,2,310,0.35262916376814246
3,4,2,2,320,0.36431930819526315
3,4,2,2,330,0.37528984108939767
3,4,2,2,340,0.3863598722964525
3,4,2,2,350,0.3971004281193018
3,4,2,2,360,0.4059597197920084
3,4,2,2,370,0.4179975069127977
3,4,2,2,380,0.43205271614715457
3,4,2,2,390,0.44295846996828914
3,4,2,2,400,0.45393924694508314
3,4,2,2,410,0.4655291740782559
3,4,2,2,420,0.47707877308130264
3,4,2,2,430,0.4891141848638654
3,4,2,2,440,0.49745877692475915
3,4,2,2,450,0.5091212918050587
3,4,2,2,460,0.521804760210216
3,4,2,2,470,0.5347868576645851
3,4,2,2,480,0.5444495477713645
3,4,2,2,490,0.5576384193263948
3,4,2,2,500,0.5660640331916511
3,4,2,2,510,0.5800253641791642
3,4,2,2,520,0.5886153331957757
3,4,2,2,530,0.5986446356400847
3,4,2,2,540,0.6120316218584776
3,4,2,2,550,0.6222061738371849
3,4,2,2,560,0.6337654916569591
3,4,2,2,570,0.649709212128073
3,4,2,2,580,0.6569138327613473
3,4,2,2,590,0.6725665717385709
3,4,4,1,20,0.02284671040251851
3,4,4,1,30,0.034156421199440956
3,4,4,1,40,0.04536718223243952
3,4,4,1,50,0.05688759870827198
3,4,4,1,60,0.06788541609421372
3,4,4,1,70,0.07944282703101635
3,4,4,1,80,0.09120736503973603
3,4,4,1,90,0.1024679490365088
3,4,4,1,100,0.11387285823002458
3,4,4,1,110,0.12528939871117473
3,4,4,1,120,0.13628562120720744
3,4,4,1,130,0.14744359720498323
3,4,4,1,140,0.15851762425154448
3,4,4,1,150,0.1700214659795165
3,4,4,1,160,0.18210024619475007
3,4,4,1,170,0.19434215733781457
3,4,4,1,180,0.2047268939204514
3,4,4,1,190,0.21679701982066035
3,4,4,1,200,0.25091965310275555
3,4,4,1,210,0.2716877390630543
3,4,4,1,220,0.2509110146202147
3,4,4,1,230,0.26254356605932117
3,4,4,1,240,0.2737769759260118
3,4,4,1,250,0.2851402400992811
3,4,4,1,260,0.2970097791403532
3,4,4,1,270,0.3080212827771902
3,4,4,1,280,0.3188760792836547
3,4,4,1,290,0.33024452021345496
3,4,4,1,300,0.3415165306068957
3,4,4,1,310,0.3526063961908221
3,4,4,1,320,0.3652496440336108
3,4,4,1,330,0.37686045886948705
3,4,4,1,340,0.38743383903056383
3,4,4,1,350,0.3998385570012033
3,4,4,1,360,0.410443939268589
3,4,4,1,370,0.42298009572550654
3,4,4,1,380,0.43250281224027276
3,4,4,1,390,0.4451354290358722
3,4,4,1,400,0.4541367972269654
3,4,4,1,410,0.46664741914719343
3,4,4,1,420,0.4756620619446039
3,4,4,1,430,0.48821199079975486
3,4,4,1,440,0.5000602710060775
3,4,4,1,450,0.5114542371593416
3,4,4,1,460,0.5210955697111785
3,4,4,1,470,0.5332841561175883
3,4,4,1,480,0.5443663140758872
3,4,4,1,490,0.5555118629708886
3,4,4,1,500,0.5670060832053423
3,4,4,1,510,0.580230216961354
3,4,4,1,520,0.5905351252295077
3,4,4,1,530,0.6031975699588656
3,4,4,1,540,0.6395648699253798
3,4,4,1,550,0.6257991841994226
3,4,4,1,560,0.6348906750790775
3,4,4,1,570,0.6466673170216382
3,4,4,1,580,0.6539834346622229
3,4,4,1,590,0.669404118321836
3,4,4,2,20,0.022626237012445927
3,4,4,2,30,0.03395001031458378
3,4,4,2,40,0.04517315607517958
3,4,4,2,50,0.056561670266091824
3,4,4,2,60,0.06800172105431557
3,4,4,2,70,0.07955799996852875
3,4,4,2,80,0.09080483391880989
3,4,4,2,90,0.1023957789875567
3,4,4,2,100,0.11413924675434828
3,4,4,2,110,0.12481842190027237
3,4,4,2,120,0.13621356803923845
3,4,4,2,130,0.14813977759331465
3,4,4,2,140,0.1587950480170548
3,4,4,2,150,0.17068310920149088
3,4,4,2,160,0.18186055682599545
3,4,4,2,170,0.19303411897271872
3,4,4,2,180,0.20440307399258018
3,4,4,2,190,0.2159099131822586
3,4,4,2,200,0.22766275610774755
3,4,4,2,210,0.23846164485439658
3,4,4,2,220,0.2500688931904733
3,4,4,2,230,0.26077391393482685
3,4,4,2,240,0.27223944710567594
3,4,4,2,250,0.28405261784791946
3,4,4,2,260,0.2952233571559191
3,4,4,2,270,0.3063900042325258
3,4,4,2,280,0.3172093159519136
3,4,4,2,290,0.33000277588143945
3,4,4,2,300,0.34065602719783783
3,4,4,2,310,0.35295960400253534
3,4,4,2,320,0.36392723862081766
3,4,4,2,330,0.37539107678458095
3,4,4,2,340,0.38609564397484064
3,4,4,2,350,0.3958505033515394
3,4,4,2,360,0.40856691217049956
3,4,4,2,370,0.4205747009254992
3,4,4,2,380,0.42933951085433364
3,4,4,2,390,0.44146415404975414
3,4,4,2,400,0.45572237903252244
3,4,4,2,410,0.46591599890962243
3,4,4,2,420,0.47663501696661115
3,4,4,2,430,0.48873487999662757
3,4,4,2,440,0.5004949630238116
3,4,4,2,450,0.5123475305736065
3,4,4,2,460,0.520776875782758
3,4,4,2,470,0.5346818808466196
3,4,4,2,480,0.5450680488720536
3,4,4,2,490,0.5573087059892714
3,4,4,2,500,0.5654962817206979
3,4,4,2,510,0.5773725509643555
3,4,4,2,520,0.5885926238261163
3,4,4,2,530,0.6029265290126204
3,4,4,2,540,0.6133041437715292
3,4,4,2,550,0.6247952990233898
3,4,4,2,560,0.6373527240939438
3,4,4,2,570,0.6469127992168069
3,4,4,2,580,0.6736565190367401
3,4,4,2,590,0.7102120979689062
3,4,6,1,20,0.022748098243027925
3,4,6,1,30,0.034260569140315056
3,4,6,1,40,0.04609749186784029
3,4,6,1,50,0.05722809582948685
3,4,6,1,60,0.06882428377866745
3,4,6,1,70,0.08040556870400906
3,4,6,1,80,0.09179821331053972
3,4,6,1,90,0.10270146606490016
3,4,6,1,100,0.11424928018823266
3,4,6,1,110,0.12563454685732722
3,4,6,1,120,0.13716600183397532
3,4,6,1,130,0.14887816412374377
3,4,6,1,140,0.16001158114522696
3,4,6,1,150,0.1718751909211278
3,4,6,1,160,0.18325340701267123
3,4,6,1,170,0.19407772971317172
3,4,6,1,180,0.20568568306043744
3,4,6,1,190,0.216660485137254
3,4,6,1,200,0.228532531298697
3,4,6,1,210,0.23972578207030892
3,4,6,1,220,0.25061577185988426
3,4,6,1,230,0.2628993708640337
3,4,6,1,240,0.27386311162263155
3,4,6,1,250,0.285494243260473
3,4,6,1,260,0.2971220500767231
3,4,6,1,270,0.30913643492385745
3,4,6,1,280,0.32037686882540584
3,4,6,1,290,0.3332060878165066
3,4,6,1,300,0.3434491492807865
3,4,6,1,310,0.35635527735576034
3,4,6,1,320,0.3673906237818301
3,4,6,1,330,0.37924470379948616
3,4,6,1,340,0.3905361252836883
3,4,6,1,350,0.4022538582794368
3,4,6,1,360,0.4138971297070384
3,4,6,1,370,0.42555612698197365
3,4,6,1,380,0.43574937898665667
3,4,6,1,390,0.44806232396513224
3,4,6,1,400,0.45878545474261045
3,4,6,1,410,0.4706520987674594
3,4,6,1,420,0.4805718110874295
3,4,6,1,430,0.49450526433065534
3,4,6,1,440,0.5040221237577498
3,4,6,1,450,0.5152103719301522
3,4,6,1,460,0.5278964750468731
3,4,6,1,470,0.5393708599731326
3,4,6,1,480,0.5487479739822447
3,4,6,1,490,0.5603953320533037
3,4,6,1,500,0.5740109239704907
3,4,6,1,510,0.5851713600568473
3,4,6,1,520,0.5956527953967452
3,4,6,1,530,0.6077218456193805
3,4,6,1,540,0.6193027636036277
3,4,6,1,550,0.6305149476975203
3,4,6,1,560,0.6418276443146169
3,4,6,1,570,0.6546584269963205
3,4,6,1,580,0.6663675387389958
3,4,6,1,590,0.6749684419482946
3,4,6,2,20,0.02278952579945326
3,4,6,2,30,0.03432057285681367
3,4,6,2,40,0.045719882007688284
3,4,6,2,50,0.057065330911427736
3,4,6,2,60,0.06840150663629174
3,4,6,2,70,0.07996606081724167
3,4,6,2,80,0.09164295019581914
3,4,6,2,90,0.1031646579504013
3,4,6,2,100,0.11458569299429655
3,4,6,2,110,0.1265827128663659
3,4,6,2,120,0.13699260214343667
3,4,6,2,130,0.14907717611640692
3,4,6,2,140,0.16068563191220164
3,4,6,2,150,0.1718598259612918
3,4,6,2,160,0.22426029900088906
3,4,6,2,170,0.20862597599625587
3,4,6,2,180,0.2061211159452796
3,4,6,2,190,0.21643086802214384
3,4,6,2,200,0.22767585329711437
3,4,6,2,210,0.2399611258879304
3,4,6,2,220,0.250758265145123
3,4,6,2,230,0.26275248220190406
3,4,6,2,240,0.27352516213431954
3,4,6,2,250,0.2851831032894552
3,4,6,2,260,0.29674231074750423
3,4,6,2,270,0.30854518013074994
3,4,6,2,280,0.3200853378511965
3,4,6,2,290,0.3312810240313411
3,4,6,2,300,0.3440250433050096
3,4,6,2,310,0.3550233608111739
3,4,6,2,320,0.36450748378410935
3,4,6,2,330,0.37735812086611986
3,4,6,2,340,0.3870397908613086
3,4,6,2,350,0.4001586651429534
3,4,6,2,360,0.41006980277597904
3,4,6,2,370,0.42296653520315886
3,4,6,2,380,0.4331062836572528
3,4,6,2,390,0.4445775323547423
3,4,6,2,400,0.455852588173002
3,4,6,2,410,0.4686200227588415
3,4,6,2,420,0.4778527831658721
3,4,6,2,430,0.4936155239120126
3,4,6,2,440,0.5032885298132896
3,4,6,2,450,0.5142046138644218
3,4,6,2,460,0.5255502560175955
3,4,6,2,470,0.5378852230496705
3,4,6,2,480,0.5473214783705771
3,4,6,2,490,0.5604733182117343
3,4,6,2,500,0.5738957240246236
3,4,6,2,510,0.5862142560072243
3,4,6,2,520,0.5959892640821636
3,4,6,2,530,0.6337126521393657
3,4,6,2,540,0.6165941120125353
3,4,6,2,550,0.6312609608285129
3,4,6,2,560,0.6393354060128331
3,4,6,2,570,0.6514601018279791
3,4,6,2,580,0.662414079066366
3,4,6,2,590,0.6735333371907473
3,4,8,1,20,0.023466279730200768
3,4,8,1,30,0.03511477122083306
3,4,8,1,40,0.04668297711759806
3,4,8,1,50,0.058685589116066694
3,4,8,1,60,0.06987074902281165
3,4,8,1,70,0.08164165215566754
3,4,8,1,80,0.09317551413550973
3,4,8,1,90,0.1052291658706963
3,4,8,1,100,0.116506471298635
3,4,8,1,110,0.12882591830566525
3,4,8,1,120,0.14004767406731844
3,4,8,1,130,0.15161227295175195
3,4,8,1,140,0.16284458292648196
3,4,8,1,150,0.17518466291949153
3,4,8,1,160,0.18616039725020528
3,4,8,1,170,0.19901767326518893
3,4,8,1,180,0.20962334796786308
3,4,8,1,190,0.2226335578598082
3,4,8,1,200,0.23328718496486545
3,4,8,1,210,0.2443313947878778
3,4,8,1,220,0.25616475380957127
3,4,8,1,230,0.2684389571659267
3,4,8,1,240,0.27904269518330693
3,4,8,1,250,0.2921440629288554
3,4,8,1,260,0.3013471709564328
3,4,8,1,270,0.31400702986866236
3,4,8,1,280,0.32581906812265515
3,4,8,1,290,0.3386628278531134
3,4,8,1,300,0.3493831721134484
3,4,8,1,310,0.3618118828162551
3,4,8,1,320,0.3730304650962353
3,4,8,1,330,0.3849760782904923
3,4,8,1,340,0.39696509297937155
3,4,8,1,350,0.4081239467486739
3,4,8,1,360,0.41993695916607976
3,4,8,1,370,0.4318365650251508
3,4,8,1,380,0.44276941986754537
3,4,8,1,390,0.4553587920963764
3,4,8,1,400,0.4659972148947418
3,4,8,1,410,0.47735398868098855
3,4,8,1,420,0.4881671629846096
3,4,8,1,430,0.5014181872829795
3,4,8,1,440,0.5126168029382825
3,4,8,1,450,0.5238811676390469
3,4,8,1,460,0.5337445121258497
3,4,8,1,470,0.547345984261483
3,4,8,1,480,0.5583011340349913
3,4,8,1,490,0.5709117436781526
3,4,8,1,500,0.5803914810530841
3,4,8,1,510,0.5903241918422282
3,4,8,1,520,0.6037308038212359
3,4,8,1,530,0.6172452471219003
3,4,8,1,540,0.6824271371588111
3,4,8,1,550,0.6411243109032512
3,4,8,1,560,0.6525667808018625
3,4,8,1,570,0.6649217950180173
3,4,8,1,580,0.6770563954487443
3,4,8,1,590,0.6864294800907373
3,4,8,2,20,0.022985924035310745
3,4,8,2,30,0.03449680982157588
3,4,8,2,40,0.04584606410935521
3,4,8,2,50,0.0577500625513494
3,4,8,2,60,0.0690781632438302
3,4,8,2,70,0.08065006509423256
3,4,8,2,80,0.09183218516409397
3,4,8,2,90,0.10351837379857898
3,4,8,2,100,0.11519936099648476
3,4,8,2,110,0.12670951010659337
3,4,8,2,120,0.1380807082168758
3,4,8,2,130,0.14962894329801202
3,4,8,2,140,0.16067871218547225
3,4,8,2,150,0.17267146473750472
3,4,8,2,160,0.1837519989348948
3,4,8,2,170,0.1954484861344099
3,4,8,2,180,0.20704097393900156
3,4,8,2,190,0.2192531623877585
3,4,8,2,200,0.22975922981277108
3,4,8,2,210,0.24249259708449244
3,4,8,2,220,0.253489735070616
3,4,8,2,230,0.26573429303243756
3,4,8,2,240,0.2763911630026996
3,4,8,2,250,0.2879897519014776
3,4,8,2,260,0.2989334110170603
3,4,8,2,270,0.3113494119606912
3,4,8,2,280,0.32267017709091306
3,4,8,2,290,0.3355475151911378
3,4,8,2,300,0.3454157756641507
3,4,8,2,310,0.3560723727568984
3,4,8,2,320,0.3677297653630376
3,4,8,2,330,0.3785747392103076
3,4,8,2,340,0.3899428001604974
3,4,8,2,350,0.4016115600243211
3,4,8,2,360,0.41238692589104176
3,4,8,2,370,0.4250686438754201
3,4,8,2,380,0.4351412309333682
3,4,8,2,390,0.4475428778678179
3,4,8,2,400,0.4595398469828069
3,4,8,2,410,0.47076312312856317
3,4,8,2,420,0.4820044906809926
3,4,8,2,430,0.49473185185343027
3,4,8,2,440,0.5060514397919178
3,4,8,2,450,0.5176665838807821
3,4,8,2,460,0.5284286881797016
3,4,8,2,470,0.5395577498711646
3,4,8,2,480,0.5494330888614058
3,4,8,2,490,0.5636618719436228
3,4,8,2,500,0.5739116268232465
3,4,8,2,510,0.587470063008368
3,4,8,2,520,0.5981650380417705
3,4,8,2,530,0.6091889729723334
3,4,8,2,540,0.6216183719225228
3,4,8,2,550,0.6329156570136547
3,4,8,2,560,0.6434151660650969
3,4,8,2,570,0.6544054741971195
3,4,8,2,580,0.7203349601477385
3,4,8,2,590,0.6778375059366226
3,4,10,1,20,0.024363834876567125
3,4,10,1,30,0.036714387591928244
3,4,10,1,40,0.04891656106337905
3,4,10,1,50,0.06111510004848242
3,4,10,1,60,0.07319247396662831
3,4,10,1,70,0.08560637477785349
3,4,10,1,80,0.0975527879782021
3,4,10,1,90,0.1101779998280108
3,4,10,1,100,0.12207405501976609
3,4,10,1,110,0.13483269605785608
3,4,10,1,120,0.14616097509860992
3,4,10,1,130,0.15868317987769842
3,4,10,1,140,0.17039421619847417
3,4,10,1,150,0.18255961872637272
3,4,10,1,160,0.19479049276560545
3,4,10,1,170,0.20769907115027308
3,4,10,1,180,0.2194253201596439
3,4,10,1,190,0.23170857410877943
3,4,10,1,200,0.24316836381331086
3,4,10,1,210,0.25560484314337373
3,4,10,1,220,0.26749252527952194
3,4,10,1,230,0.27930257795378566
3,4,10,1,240,0.2915833471342921
3,4,10,1,250,0.3034197259694338
3,4,10,1,260,0.3155596014112234
3,4,10,1,270,0.32808247581124306
3,4,10,1,280,0.3397413049824536
3,4,10,1,290,0.3526009628549218
3,4,10,1,300,0.3639234136790037
3,4,10,1,310,0.3760315761901438
3,4,10,1,320,0.38828151812776923
3,4,10,1,330,0.40217089373618364
3,4,10,1,340,0.4133240790106356
3,4,10,1,350,0.4253290337510407
3,4,10,1,360,0.4367522606626153
3,4,10,1,370,0.4496677261777222
3,4,10,1,380,0.4615412945859134
3,4,10,1,390,0.4745768569409847
3,4,10,1,400,0.48616680316627026
3,4,10,1,410,0.4983788919635117
3,4,10,1,420,0.5103489840403199
3,4,10,1,430,0.5226681767962873
3,4,10,1,440,0.5333571289665997
3,4,10,1,450,0.5454389499500394
3,4,10,1,460,0.5575551856309175
3,4,10,1,470,0.5720966877415776
3,4,10,1,480,0.5833698310889304
3,4,10,1,490,0.620724811218679
3,4,10,1,500,0.6057784082368016
3,4,10,1,510,0.6191235100850463
3,4,10,1,520,0.6300652897916734
3,4,10,1,530,0.64400953380391
3,4,10,1,540,0.6542277196422219
3,4,10,1,550,0.6687472010962665
3,4,10,1,560,0.6805447931401432
3,4,10,1,570,0.693223575130105
3,4,10,1,580,0.7053932221606374
3,4,10,1,590,0.718429503031075
3,4,10,2,20,0.023562494199723005
3,4,10,2,30,0.0353557332418859
3,4,10,2,40,0.04739130986854434
3,4,10,2,50,0.059213054832071066
3,4,10,2,60,0.07082202797755599
3,4,10,2,70,0.08249108213931322
3,4,10,2,80,0.094278858974576
3,4,10,2,90,0.10640385933220387
3,4,10,2,100,0.11787004489451647
3,4,10,2,110,0.13007294619455934
3,4,10,2,120,0.1410807240754366
3,4,10,2,130,0.15306144813075662
3,4,10,2,140,0.1647036448121071
3,4,10,2,150,0.17657972406595945
3,4,10,2,160,0.18818468507379293
3,4,10,2,170,0.2002760348841548
3,4,10,2,180,0.21186950709670782
3,4,10,2,190,0.22439267067238688
3,4,10,2,200,0.23565103579312563
3,4,10,2,210,0.24779369495809078
3,4,10,2,220,0.25864472705870867
3,4,10,2,230,0.2712316648103297
3,4,10,2,240,0.28139577666297555
3,4,10,2,250,0.2939350828528404
3,4,10,2,260,0.30549460276961327
3,4,10,2,270,0.31661201594397426
3,4,10,2,280,0.3286831956356764
3,4,10,2,290,0.3417342100292444
3,4,10,2,300,0.35306806210428476
3,4,10,2,310,0.3645785031840205
3,4,10,2,320,0.3756330986507237
3,4,10,2,330,0.38843973679468036
3,4,10,2,340,0.3995092366822064
3,4,10,2,350,0.41145149478688836
3,4,10,2,360,0.4220990389585495
3,4,10,2,370,0.43558122077956796
3,4,10,2,380,0.4471037331968546
3,4,10,2,390,0.4581902283243835
3,4,10,2,400,0.47019337164238095
3,4,10,2,410,0.48223350988700986
3,4,10,2,420,0.493575569242239
3,4,10,2,430,0.5050013111904263
3,4,10,2,440,0.5167222460731864
3,4,10,2,450,0.5283621782436967
3,4,10,2,460,0.5398742081597447
3,4,10,2,470,0.5531870862469077
3,4,10,2,480,0.5634741620160639
3,4,10,2,490,0.576808248180896
3,4,10,2,500,0.5963420919142663
3,4,10,2,510,0.6419807341881096
3,4,10,2,520,0.6090977559797466
3,4,10,2,530,0.6215913994237781
3,4,10,2,540,0.6331591955386102
3,4,10,2,550,0.6451642047613859
3,4,10,2,560,0.6577518628910184
3,4,10,2,570,0.6687384117394686
3,4,10,2,580,0.6802680809050798
3,4,10,2,590,0.6928471317514777
3,4,12,1,20,0.027840841095894575
3,4,12,1,30,0.04154056776314974
3,4,12,1,40,0.05521717621013522
3,4,12,1,50,0.06919451197609305
3,4,12,1,60,0.08284626109525561
3,4,12,1,70,0.09672939218580723
3,4,12,1,80,0.10993693396449089
3,4,12,1,90,0.12381893722340465
3,4,12,1,100,0.13711124239489436
3,4,12,1,110,0.15114629920572042
3,4,12,1,120,0.16431616805493832
3,4,12,1,130,0.17840537009760737
3,4,12,1,140,0.192022071685642
3,4,12,1,150,0.20618002023547888
3,4,12,1,160,0.21964666107669473
3,4,12,1,170,0.23330530477687716
3,4,12,1,180,0.2467198157683015
3,4,12,1,190,0.2597107687033713
3,4,12,1,200,0.27405905816704035
3,4,12,1,210,0.28792683174833655
3,4,12,1,220,0.2997475899755955
3,4,12,1,230,0.3136418112553656
3,4,12,1,240,0.3269682852551341
3,4,12,1,250,0.3411536021158099
3,4,12,1,260,0.3542641857638955
3,4,12,1,270,0.36809437815099955
3,4,12,1,280,0.3793575312010944
3,4,12,1,290,0.39537770906463265
3,4,12,1,300,0.40859713684767485
3,4,12,1,310,0.4236824191175401
3,4,12,1,320,0.4367764489725232
3,4,12,1,330,0.4496658267453313
3,4,12,1,340,0.46296075405552983
3,4,12,1,350,0.4765176270157099
3,4,12,1,360,0.48918141704052687
3,4,12,1,370,0.5025737890973687
3,4,12,1,380,0.516001048963517
3,4,12,1,390,0.5283888150006533
3,4,12,1,400,0.5428934432566166
3,4,12,1,410,0.5572768882848322
3,4,12,1,420,0.5707662687636912
3,4,12,1,430,0.5855896519497037
3,4,12,1,440,0.5996801308356225
3,4,12,1,450,0.6126839751377702
3,4,12,1,460,0.6258648941293359
3,4,12,1,470,0.6396626145578921
3,4,12,1,480,0.652467668056488
3,4,12,1,490,0.666935209184885
3,4,12,1,500,0.7274096207693219
3,4,12,1,510,0.6939593120478094
3,4,12,1,520,0.7055390770547092
3,4,12,1,530,0.720003257971257
3,4,12,1,540,0.7328807199373841
3,4,12,1,550,0.7462864653207362
3,4,12,1,560,0.7611032379791141
3,4,12,1,570,0.7745732390321791
3,4,12,1,580,0.787791517097503
3,4,12,1,590,0.7999715320765972
3,4,12,2,20,0.02533255983144045
3,4,12,2,30,0.037969852797687054
3,4,12,2,40,0.050624082796275616
3,4,12,2,50,0.063398368190974
3,4,12,2,60,0.07575208228081465
3,4,12,2,70,0.08853457169607282
3,4,12,2,80,0.10107888607308269
3,4,12,2,90,0.11361954640597105
3,4,12,2,100,0.12570369523018599
3,4,12,2,110,0.13892645062878728
3,4,12,2,120,0.1513753216713667
3,4,12,2,130,0.1647320338524878
3,4,12,2,140,0.17612586496397853
3,4,12,2,150,0.18951392592862248
3,4,12,2,160,0.20150998793542385
3,4,12,2,170,0.21333872666582465
3,4,12,2,180,0.22594458097591996
3,4,12,2,190,0.23893211223185062
3,4,12,2,200,0.2512431750074029
3,4,12,2,210,0.26338194822892547
3,4,12,2,220,0.27606912376359105
3,4,12,2,230,0.2892376007512212
3,4,12,2,240,0.30099423276260495
3,4,12,2,250,0.31301786517724395
3,4,12,2,260,0.32490783417597413
3,4,12,2,270,0.33882995788007975
3,4,12,2,280,0.3504975838586688
3,4,12,2,290,0.3642383352853358
3,4,12,2,300,0.37634801818057895
3,4,12,2,310,0.3872482976876199
3,4,12,2,320,0.40404616482555866
3,4,12,2,330,0.41414490388706326
3,4,12,2,340,0.4267725199460983
3,4,12,2,350,0.4653888260945678
3,4,12,2,360,0.4499879451468587
3,4,12,2,370,0.46242424519732594
3,4,12,2,380,0.47455118130892515
3,4,12,2,390,0.48803555220365524
3,4,12,2,400,0.4997392208315432
3,4,12,2,410,0.5138967619277537
3,4,12,2,420,0.5246779369190335
3,4,12,2,430,0.5378042822703719
3,4,12,2,440,0.5491614560596645
3,4,12,2,450,0.5618253932334483
3,4,12,2,460,0.575980240944773
3,4,12,2,470,0.5890100738033652
3,4,12,2,480,0.5992163140326738
3,4,12,2,490,0.6138786543160677
3,4,12,2,500,0.6227152519859374
3,4,12,2,510,0.6359938438981771
3,4,12,2,520,0.6483018030412495
3,4,12,2,530,0.6612651608884335
3,4,12,2,540,0.6733783269301057
3,4,12,2,550,0.6861288170330226
3,4,12,2,560,0.6971900942735374
3,4,12,2,570,0.7123618880286813
3,4,12,2,580,0.7233697329647839
3,4,12,2,590,0.736304135993123
4,2,2,1,20,0.022616785019636154
4,2,2,1,30,0.03393955808132887
4,2,2,1,40,0.04522958304733038
4,2,2,1,50,0.056627484038472176
4,2,2,1,60,0.06770792417228222
4,2,2,1,70,0.07934058364480734
4,2,2,1,80,0.0909676500596106
4,2,2,1,90,0.10209876531735063
4,2,2,1,100,0.11298104515299201
4,2,2,1,110,0.12477139476686716
4,2,2,1,120,0.1354380869306624
4,2,2,1,130,0.14706926979124546
4,2,2,1,140,0.15816743904724717
4,2,2,1,150,0.1698894058354199
4,2,2,1,160,0.18120001908391714
4,2,2,1,170,0.1933773667551577
4,2,2,1,180,0.20350353186950088
4,2,2,1,190,0.2148479870520532
4,2,2,1,200,0.22663282416760921
4,2,2,1,210,0.23859189078211784
4,2,2,1,220,0.24954500794410706
4,2,2,1,230,0.26008825516328216
4,2,2,1,240,0.2716622338630259
4,2,2,1,250,0.2825216669589281
4,2,2,1,260,0.2942205420695245
4,2,2,1,270,0.3053427850827575
4,2,2,1,280,0.3166393977589905
4,2,2,1,290,0.32763642724603415
4,2,2,1,300,0.33990079537034035
4,2,2,1,310,0.350660037714988
4,2,2,1,320,0.36190112587064505
4,2,2,1,330,0.37439518608152866
4,2,2,1,340,0.38508639857172966
4,2,2,1,350,0.39793951204046607
4,2,2,1,360,0.4078004490584135
4,2,2,1,370,0.420011640060693
4,2,2,1,380,0.48710946971550584
4,2,2,1,390,0.442474951967597
4,2,2,1,400,0.4535014913417399
4,2,2,1,410,0.4654285633005202
4,2,2,1,420,0.4758097901940346
4,2,2,1,430,0.4873012090101838
4,2,2,1,440,0.4986400450579822
4,2,2,1,450,0.507870995439589
4,2,2,1,460,0.5210840031504631
4,2,2,1,470,0.5314162229187787
4,2,2,1,480,0.5432017860002816
4,2,2,1,490,0.5558687630109489
4,2,2,1,500,0.5669928314164281
4,2,2,1,510,0.5778491520322859
4,2,2,1,520,0.5886618359945714
4,2,2,1,530,0.6023198640905321
4,2,2,1,540,0.6113869058899581
4,2,2,1,550,0.6235020202584565
4,2,2,1,560,0.6352643519639969
4,2,2,1,570,0.6457631709054112
4,2,2,1,580,0.6552330232225358
4,2,2,1,590,0.6678240951150656
4,2,2,2,20,0.022726566065102816
4,2,2,2,30,0.03401645598933101
4,2,2,2,40,0.045219273306429386
4,2,2,2,50,0.05667714076116681
4,2,2,2,60,0.06775708589702845
4,2,2,2,70,0.0793607821688056
4,2,2,2,80,0.09059809986501932
4,2,2,2,90,0.10187138337641954
4,2,2,2,100,0.11339452303946018
4,2,2,2,110,0.1253268551081419
4,2,2,2,120,0.1358556542545557
4,2,2,2,130,0.147233790718019
4,2,2,2,140,0.1584588810801506
4,2,2,2,150,0.17018258199095726
4,2,2,2,160,0.18168664909899235
4,2,2,2,170,0.19382109632715583
4,2,2,2,180,0.204722308088094
4,2,2,2,190,0.2153984527103603
4,2,2,2,200,0.22680574096739292
4,2,2,2,210,0.23819697881117463
4,2,2,2,220,0.24942619865760207
4,2,2,2,230,0.2614080389030278
4,2,2,2,240,0.2721853107213974
4,2,2,2,250,0.2841717218980193
4,2,2,2,260,0.295434283092618
4,2,2,2,270,0.3062836439348757
4,2,2,2,280,0.31766645098105073
4,2,2,2,290,0.3287368309684098
4,2,2,2,300,0.3402639371342957
4,2,2,2,310,0.3521178769879043
4,2,2,2,320,0.362484154291451
4,2,2,2,330,0.3756048367358744
4,2,2,2,340,0.38604774698615074
4,2,2,2,350,0.3979257196187973
4,2,2,2,360,0.40890136593952775
4,2,2,2,370,0.4201954589225352
4,2,2,2,380,0.4303018427453935
4,2,2,2,390,0.44293622579425573
4,2,2,2,400,0.45249316608533263
4,2,2,2,410,0.46661308174952865
4,2,2,2,420,0.4769890131428838
4,2,2,2,430,0.48784324200823903
4,2,2,2,440,0.5539270411245525
4,2,2,2,450,0.5106499497778714
4,2,2,2,460,0.5217867027968168
4,2,2,2,470,0.5331126018427312
4,2,2,2,480,0.5441914298571646
4,2,2,2,490,0.5578814740292728
4,2,2,2,500,0.5679465970024467
4,2,2,2,510,0.5781128439120948
4,2,2,2,520,0.5890278369188309
4,2,2,2,530,0.6016191449016333
4,2,2,2,540,0.6111349728889763
4,2,2,2,550,0.6231349967420101
4,2,2,2,560,0.63395528588444
4,2,2,2,570,0.6470429091714323
4,2,2,2,580,0.6574907237663865
4,2,2,2,590,0.6701882518827915
4,2,4,1,20,0.022718959022313356
4,2,4,1,30,0.03414297476410866
4,2,4,1,40,0.0455548488534987
4,2,4,1,50,0.05646876897662878
4,2,4,1,60,0.06804814096540213
4,2,4,1,70,0.0791875128634274
4,2,4,1,80,0.09028040524572134
4,2,4,1,90,0.10193043993785977
4,2,4,1,100,0.11294070770964026
4,2,4,1,110,0.12476100120693445
4,2,4,1,120,0.13591802585870028
4,2,4,1,130,0.14744781097397208
4,2,4,1,140,0.15888142818585038
4,2,4,1,150,0.1703385878354311
4,2,4,1,160,0.18153357412666082
4,2,4,1,170,0.19255894096568227
4,2,4,1,180,0.20410879887640476
4,2,4,1,190,0.2142985686659813
4,2,4,1,200,0.22628137189894915
4,2,4,1,210,0.23825807217508554
4,2,4,1,220,0.24934600107371807
4,2,4,1,230,0.2607151512056589
4,2,4,1,240,0.271252800244838
4,2,4,1,250,0.28366761887446046
4,2,4,1,260,0.2937767170369625
4,2,4,1,270,0.30553727876394987
4,2,4,1,280,0.3175903200171888
4,2,4,1,290,0.3283831039443612
4,2,4,1,300,0.36776175489649177
4,2,4,1,310,0.3512700670398772
4,2,4,1,320,0.36187559785321355
4,2,4,1,330,0.3739505219273269
4,2,4,1,340,0.3850893839262426
4,2,4,1,350,0.39798866072669625
4,2,4,1,360,0.40646140882745385
4,2,4,1,370,0.41880275402218103
4,2,4,1,380,0.4301312258467078
4,2,4,1,390,0.44225660990923643
4,2,4,1,400,0.45339383697137237
4,2,4,1,410,0.46286315796896815
4,2,4,1,420,0.47316134022548795
4,2,4,1,430,0.48642988689243793
4,2,4,1,440,0.4975711018778384
4,2,4,1,450,0.5086029837839305
4,2,4,1,460,0.5195723599754274
4,2,4,1,470,0.5321922888979316
4,2,4,1,480,0.5416179671883583
4,2,4,1,490,0.5524401566945016
4,2,4,1,500,0.5636743041686714
4,2,4,1,510,0.5756130241788924
4,2,4,1,520,0.5864909067749977
4,2,4,1,530,0.6002533510327339
4,2,4,1,540,0.6090716142207384
4,2,4,1,550,0.6201685122214258
4,2,4,1,560,0.6324274092912674
4,2,4,1,570,0.6422483557835221
4,2,4,1,580,0.654401995241642
4,2,4,1,590,0.6666532051749527
4,2,4,2,20,0.022633840329945087
4,2,4,2,30,0.03407115722075105
4,2,4,2,40,0.04534651571884751
4,2,4,2,50,0.05672256089746952
4,2,4,2,60,0.0677349241450429
4,2,4,2,70,0.07918076030910015
4,2,4,2,80,0.0904821902513504
4,2,4,2,90,0.1014930340461433
4,2,4,2,100,0.11264223093166947
4,2,4,2,110,0.12419467465952039
4,2,4,2,120,0.13540487689897418
4,2,4,2,130,0.14750360324978828
4,2,4,2,140,0.15853810915723443
4,2,4,2,150,0.16982145700603724
4,2,4,2,160,0.18045329302549362
4,2,4,2,170,0.19157918822020292
4,2,4,2,180,0.20341197215020657
4,2,4,2,190,0.21497276984155178
4,2,4,2,200,0.22603544406592846
4,2,4,2,210,0.23745288094505668
4,2,4,2,220,0.24863544525578618
4,2,4,2,230,0.25955043407157063
4,2,4,2,240,0.2704601911827922
4,2,4,2,250,0.28278021421283484
4,2,4,2,260,0.2933939890936017
4,2,4,2,270,0.304391885176301
4,2,4,2,280,0.3161143842153251
4,2,4,2,290,0.32830931106582284
4,2,4,2,300,0.3380915862508118
4,2,4,2,310,0.3514275480993092
4,2,4,2,320,0.3616707851178944
4,2,4,2,330,0.37349288584664464
4,2,4,2,340,0.3846620940603316
4,2,4,2,350,0.39602794917300344
4,2,4,2,360,0.4066186109557748
4,2,4,2,370,0.4189976160414517
4,2,4,2,380,0.4848707881756127
4,2,4,2,390,0.4412309601902962
4,2,4,2,400,0.45283399475738406
4,2,4,2,410,0.46380743477493525
4,2,4,2,420,0.47503716172650456
4,2,4,2,430,0.48676824010908604
4,2,4,2,440,0.4970154338516295
4,2,4,2,450,0.5084121250547469
4,2,4,2,460,0.5204205918125808
4,2,4,2,470,0.5313611417077482
4,2,4,2,480,0.5428864788264036
4,2,4,2,490,0.5539843919686973
4,2,4,2,500,0.5662282160483301
4,2,4,2,510,0.5754846651107073
4,2,4,2,520,0.5871981149539351
4,2,4,2,530,0.5985943456180394
4,2,4,2,540,0.6082780999131501
4,2,4,2,550,0.6206664778292179
4,2,4,2,560,0.6311158239841461
4,2,4,2,570,0.6438598581589758
4,2,4,2,580,0.6544062802568078
4,2,4,2,590,0.6660733721219003
4,2,6,1,20,0.0227249669842422
4,2,6,1,30,0.033889707177877426
4,2,6,1,40,0.045178746338933706
4,2,6,1,50,0.056457382161170244
4,2,6,1,60,0.06770133692771196
4,2,6,1,70,0.07930292189121246
4,2,6,1,80,0.09027592884376645
4,2,6,1,90,0.10191482212394476
4,2,6,1,100,0.11301435204222798
4,2,6,1,110,0.12526016868650913
4,2,6,1,120,0.13539380300790071
4,2,6,1,130,0.14686986105516553
4,2,6,1,140,0.15814282232895494
4,2,6,1,150,0.16977085219696164
4,2,6,1,160,0.1810613889247179
4,2,6,1,170,0.192630129866302
4,2,6,1,180,0.20356957986950874
4,2,6,1,190,0.21530302008613944
4,2,6,1,200,0.22642961610108614
4,2,6,1,210,0.23704113671556115
4,2,6,1,220,0.24848799500614405
4,2,6,1,230,0.2596045662648976
4,2,6,1,240,0.27088693669065833
4,2,6,1,250,0.28195833368226886
4,2,6,1,260,0.2947182944044471
4,2,6,1,270,0.3053659703582525
4,2,6,1,280,0.31563335517421365
4,2,6,1,290,0.3284060740843415
4,2,6,1,300,0.3388563119806349
4,2,6,1,310,0.35081339022144675
4,2,6,1,320,0.3609563452191651
4,2,6,1,330,0.3735677427612245
4,2,6,1,340,0.38329423498362303
4,2,6,1,350,0.3956420919857919
4,2,6,1,360,0.40663843089714646
4,2,6,1,370,0.41830000188201666
4,2,6,1,380,0.42879163892939687
4,2,6,1,390,0.4413790930993855
4,2,6,1,400,0.4513190481811762
4,2,6,1,410,0.4640983431600034
4,2,6,1,420,0.4738928540609777
4,2,6,1,430,0.48564842296764255
4,2,6,1,440,0.5521797221153975
4,2,6,1,450,0.509237882681191
4,2,6,1,460,0.5195145639590919
4,2,6,1,470,0.5298746200278401
4,2,6,1,480,0.54111557174474
4,2,6,1,490,0.5535259647294879
4,2,6,1,500,0.565622549969703
4,2,6,1,510,0.5794827230274677
4,2,6,1,520,0.5898803588934243
4,2,6,1,530,0.5999638419598341
4,2,6,1,540,0.6094593019224703
4,2,6,1,550,0.6213098941370845
4,2,6,1,560,0.6328265774063766
4,2,6,1,570,0.6461983728222549
4,2,6,1,580,0.6544160838238895
4,2,6,1,590,0.6674779709428549
4,2,6,2,20,0.02256966894492507
4,2,6,2,30,0.03389299567788839
4,2,6,2,40,0.04517608415335417
4,2,6,2,50,0.05656128004193306
4,2,6,2,60,0.06773517793044448
4,2,6,2,70,0.07912935176864266
4,2,6,2,80,0.0905319256708026
4,2,6,2,90,0.10141585813835263
4,2,6,2,100,0.11297605186700821
4,2,6,2,110,0.12439927272498608
4,2,6,2,120,0.13536005793139338
4,2,6,2,130,0.1468767486512661
4,2,6,2,140,0.15805841283872724
4,2,6,2,150,0.16959554608911276
4,2,6,2,160,0.18069148575887084
4,2,6,2,170,0.19254088401794434
4,2,6,2,180,0.20287512289360166
4,2,6,2,190,0.2149226637557149
4,2,6,2,200,0.22550071123987436
4,2,6,2,210,0.23768339306116104
4,2,6,2,220,0.24821489164605737
4,2,6,2,230,0.25985610391944647
4,2,6,2,240,0.2701368439011276
4,2,6,2,250,0.2820845660753548
4,2,6,2,260,0.29316562600433826
4,2,6,2,270,0.3050141781568527
4,2,6,2,280,0.3155487752519548
4,2,6,2,290,0.35505214100703597
4,2,6,2,300,0.3389805778861046
4,2,6,2,310,0.3504958129487932
4,2,6,2,320,0.36181437503546476
4,2,6,2,330,0.3729967540130019
4,2,6,2,340,0.38362604891881347
4,2,6,2,350,0.3969814903102815
4,2,6,2,360,0.4056703010573983
4,2,6,2,370,0.4179049851372838
4,2,6,2,380,0.4295310350134969
4,2,6,2,390,0.440282863099128
4,2,6,2,400,0.4517256901599467
4,2,6,2,410,0.4626507190987468
4,2,6,2,420,0.4738232707604766
4,2,6,2,430,0.4875169647857547
4,2,6,2,440,0.4973032516427338
4,2,6,2,450,0.5086909527890384
4,2,6,2,460,0.5204201773740351
4,2,6,2,470,0.5334879378788173
4,2,6,2,480,0.5424271924421191
4,2,6,2,490,0.5560792563483119
4,2,6,2,500,0.5676386849954724
4,2,6,2,510,0.5795869631692767
4,2,6,2,520,0.5916614602319896
4,2,6,2,530,0.6036494448781013
4,2,6,2,540,0.612652625888586
4,2,6,2,550,0.62666802899912
4,2,6,2,560,0.6352394009009004
4,2,6,2,570,0.6462630531750619
4,2,6,2,580,0.6580791091546416
4,2,6,2,590,0.6700016222894192
4,2,8,1,20,0.0225771670229733
4,2,8,1,30,0.03396751917898655
4,2,8,1,40,0.04539281828328967
4,2,8,1,50,0.05695858784019947
4,2,8,1,60,0.06805663602426648
4,2,8,1,70,0.07981455512344837
4,2,8,1,80,0.09061059914529324
4,2,8,1,90,0.10219073388725519
4,2,8,1,100,0.11352447606623173
4,2,8,1,110,0.12486775731667876
4,2,8,1,120,0.13621254824101925
4,2,8,1,130,0.14790310990065336
4,2,8,1,140,0.1592385987751186
4,2,8,1,150,0.170587460976094
4,2,8,1,160,0.18172159185633063
4,2,8,1,170,0.19330324092879891
4,2,8,1,180,0.20468056807294488
4,2,8,1,190,0.2165599949657917
4,2,8,1,200,0.22699408698827028
4,2,8,1,210,0.2380102821625769
4,2,8,1,220,0.25021485425531864
4,2,8,1,230,0.2601954070851207
4,2,8,1,240,0.2720877383835614
4,2,8,1,250,0.2847287110053003
4,2,8,1,260,0.29563663294538856
4,2,8,1,270,0.30742484237998724
4,2,8,1,280,0.3182402611710131
4,2,8,1,290,0.3305055322125554
4,2,8,1,300,0.341599992942065
4,2,8,1,310,0.3524261028505862
4,2,8,1,320,0.3633857830427587
4,2,8,1,330,0.37517463229596615
4,2,8,1,340,0.3876333157531917
4,2,8,1,350,0.397317283321172
4,2,8,1,360,0.4178628292866051
4,2,8,1,370,0.4678085232153535
4,2,8,1,380,0.4303138442337513
4,2,8,1,390,0.44292930280789733
4,2,8,1,400,0.45446357410401106
4,2,8,1,410,0.46663090167567134
4,2,8,1,420,0.47663677390664816
4,2,8,1,430,0.4903804757632315
4,2,8,1,440,0.5001579350791872
4,2,8,1,450,0.5115755791775882
4,2,8,1,460,0.5206019449979067
4,2,8,1,470,0.5336398761719465
4,2,8,1,480,0.5454190201126039
4,2,8,1,490,0.5583509989082813
4,2,8,1,500,0.5673384629189968
4,2,8,1,510,0.5804572179913521
4,2,8,1,520,0.589855173137039
4,2,8,1,530,0.6035379101522267
4,2,8,1,540,0.6138647850602865
4,2,8,1,550,0.6257766210474074
4,2,8,1,560,0.6371363322250545
4,2,8,1,570,0.6483877920545638
4,2,8,1,580,0.6588747221976519
4,2,8,1,590,0.6710777347907424
4,2,8,2,20,0.022705302108079195
4,2,8,2,30,0.03405737178400159
4,2,8,2,40,0.045486688148230314
4,2,8,2,50,0.05744418688118458
4,2,8,2,60,0.06812515901401639
4,2,8,2,70,0.07959961285814643
4,2,8,2,80,0.09053573105484247
4,2,8,2,90,0.10249041812494397
4,2,8,2,100,0.11346335895359516
4,2,8,2,110,0.12532848678529263
4,2,8,2,120,0.136232428252697
4,2,8,2,130,0.1480924361385405
4,2,8,2,140,0.15891316486522555
4,2,8,2,150,0.17008736403658986
4,2,8,2,160,0.18171651801094413
4,2,8,2,170,0.19357556523755193
4,2,8,2,180,0.20517561212182045
4,2,8,2,190,0.21624937979504466
4,2,8,2,200,0.2276386939920485
4,2,8,2,210,0.23887435905635357
4,2,8,2,220,0.25044270791113377
4,2,8,2,230,0.26192369870841503
4,2,8,2,240,0.2732746582478285
4,2,8,2,250,0.2839802969247103
4,2,8,2,260,0.294916998129338
4,2,8,2,270,0.3071892373263836
4,2,8,2,280,0.31812768103554845
4,2,8,2,290,0.3306416808627546
4,2,8,2,300,0.3417847389355302
4,2,8,2,310,0.3521165233105421
4,2,8,2,320,0.36350839817896485
4,2,8,2,330,0.3752887542359531
4,2,8,2,340,0.3868917813524604
4,2,8,2,350,0.39727008203044534
4,2,8,2,360,0.40941106295213103
4,2,8,2,370,0.42106542084366083
4,2,8,2,380,0.43120383424684405
4,2,8,2,390,0.4436426041647792
4,2,8,2,400,0.45447826478630304
4,2,8,2,410,0.4664326519705355
4,2,8,2,420,0.47723153000697494
4,2,8,2,430,0.5440951739437878
4,2,8,2,440,0.5002069296315312
4,2,8,2,450,0.513420342002064
4,2,8,2,460,0.5226234858855605
4,2,8,2,470,0.5345576629042625
4,2,8,2,480,0.5444180490449071
4,2,8,2,490,0.5569573659449816
4,2,8,2,500,0.5675010071136057
4,2,8,2,510,0.5803183889947832
4,2,8,2,520,0.5889925789088011
4,2,8,2,530,0.6007584063336253
4,2,8,2,540,0.6121038910932839
4,2,8,2,550,0.6243806229904294
4,2,8,2,560,0.6356968772597611
4,2,8,2,570,0.6482893922366202
4,2,8,2,580,0.6598534719087183
4,2,8,2,590,0.6696902792900801
4,2,10,1,20,0.022789980750530958
4,2,10,1,30,0.03420095378533006
4,2,10,1,40,0.045646604150533676
4,2,10,1,50,0.056783482898026705
4,2,10,1,60,0.0684013650752604
4,2,10,1,70,0.07982892915606499
4,2,10,1,80,0.09118309384211898
4,2,10,1,90,0.10255130100995302
4,2,10,1,100,0.11392070632427931
4,2,10,1,110,0.12517854990437627
4,2,10,1,120,0.13648697407916188
4,2,10,1,130,0.14788936730474234
4,2,10,1,140,0.1589472908526659
4,2,10,1,150,0.17088364902883768
4,2,10,1,160,0.18227491015568376
4,2,10,1,170,0.19428332382813096
4,2,10,1,180,0.20508106285706162
4,2,10,1,190,0.21654592594131827
4,2,10,1,200,0.22822977416217327
4,2,10,1,210,0.23907933197915554
4,2,10,1,220,0.25014039129018784
4,2,10,1,230,0.2635924438945949
4,2,10,1,240,0.27449996722862124
4,2,10,1,250,0.2855370217002928
4,2,10,1,260,0.2972763692960143
4,2,10,1,270,0.3361366246826947
4,2,10,1,280,0.3182257912121713
4,2,10,1,290,0.33070427598431706
4,2,10,1,300,0.34230344323441386
4,2,10,1,310,0.3544419496320188
4,2,10,1,320,0.3668764680624008
4,2,10,1,330,0.377422905061394
4,2,10,1,340,0.3872090452350676
4,2,10,1,350,0.3999871243722737
4,2,10,1,360,0.4106570980511606
4,2,10,1,370,0.42249368876218796
4,2,10,1,380,0.43164745392277837
4,2,10,1,390,0.44430529698729515
4,2,10,1,400,0.455122378654778
4,2,10,1,410,0.4670216809026897
4,2,10,1,420,0.4765743617899716
4,2,10,1,430,0.4905630457215011
4,2,10,1,440,0.49968970101326704
4,2,10,1,450,0.5134208058007061
4,2,10,1,460,0.5255330549553037
4,2,10,1,470,0.5357359852641821
4,2,10,1,480,0.5517223170027137
4,2,10,1,490,0.5703101810067892
4,2,10,1,500,0.5763647719286382
4,2,10,1,510,0.5905195400118828
4,2,10,1,520,0.5929615860804915
4,2,10,1,530,0.6072125602513552
4,2,10,1,540,0.6156107308343053
4,2,10,1,550,0.6291877902112901
4,2,10,1,560,0.639782543759793
4,2,10,1,570,0.6606564219109714
4,2,10,1,580,0.6646153978072107
4,2,10,1,590,0.6741341887973249
4,2,10,2,20,0.02307601273059845
4,2,10,2,30,0.034175361040979624
4,2,10,2,40,0.04541864711791277
4,2,10,2,50,0.056832640897482634
4,2,10,2,60,0.06848180992528796
4,2,10,2,70,0.07964707911014557
4,2,10,2,80,0.09183952677994967
4,2,10,2,90,0.10287149995565414
4,2,10,2,100,0.1140563772059977
4,2,10,2,110,0.1254104319959879
4,2,10,2,120,0.13665485428646207
4,2,10,2,130,0.14952884521335363
4,2,10,2,140,0.1590415625832975
4,2,10,2,150,0.17155106272548437
4,2,10,2,160,0.18243736494332552
4,2,10,2,170,0.19456980982795358
4,2,10,2,180,0.20521619636565447
4,2,10,2,190,0.2167522986419499
4,2,10,2,200,0.22867141338065267
4,2,10,2,210,0.24004026083275676
4,2,10,2,220,0.2525840029120445
4,2,10,2,230,0.26086885668337345
4,2,10,2,240,0.27288926066830754
4,2,10,2,250,0.2853479809127748
4,2,10,2,260,0.29588336031883955
4,2,10,2,270,0.3080743798054755
4,2,10,2,280,0.3185805529356003
4,2,10,2,290,0.33016612008213997
4,2,10,2,300,0.34236785070970654
4,2,10,2,310,0.3550367709249258
4,2,10,2,320,0.3659957377240062
4,2,10,2,330,0.37748459121212363
4,2,10,2,340,0.42715176474303007
4,2,10,2,350,0.4135889373719692
4,2,10,2,360,0.4099816409870982
4,2,10,2,370,0.42316793696954846
4,2,10,2,380,0.4339270577766001
4,2,10,2,390,0.44381282292306423
4,2,10,2,400,0.45561445970088243
4,2,10,2,410,0.46783252619206905
4,2,10,2,420,0.4782586498185992
4,2,10,2,430,0.48997002886608243
4,2,10,2,440,0.500181726180017
4,2,10,2,450,0.5133396247401834
4,2,10,2,460,0.5242432951927185
4,2,10,2,470,0.5376065350137651
4,2,10,2,480,0.5478091887198389
4,2,10,2,490,0.5589517378248274
4,2,10,2,500,0.5707629723474383
4,2,10,2,510,0.5823181453160942
4,2,10,2,520,0.5903349397704005
4,2,10,2,530,0.604749449994415
4,2,10,2,540,0.6153044044040143
4,2,10,2,550,0.6270120986737311
4,2,10,2,560,0.6385317407548428
4,2,10,2,570,0.6501139821484685
4,2,10,2,580,0.6603978807106614
4,2,10,2,590,0.674017146229744
4,2,12,1,20,0.023116675205528736
4,2,12,1,30,0.034406178165227175
4,2,12,1,40,0.04601431172341108
4,2,12,1,50,0.05792757077142596
4,2,12,1,60,0.06882234616205096
4,2,12,1,70,0.08040696987882257
4,2,12,1,80,0.0918047009035945
4,2,12,1,90,0.10274206008762121
4,2,12,1,100,0.11481406725943089
4,2,12,1,110,0.12626856286078691
4,2,12,1,120,0.1373646561987698
4,2,12,1,130,0.14899861393496394
4,2,12,1,140,0.16002822062000632
4,2,12,1,150,0.17155527183786035
4,2,12,1,160,0.18261886155232787
4,2,12,1,170,0.194562881719321
4,2,12,1,180,0.2062737629748881
4,2,12,1,190,0.2181826662272215
4,2,12,1,200,0.22958434419706464
4,2,12,1,210,0.24110435089096427
4,2,12,1,220,0.2521599237807095
4,2,12,1,230,0.2645879187621176
4,2,12,1,240,0.2751459660939872
4,2,12,1,250,0.2873854418285191
4,2,12,1,260,0.3000798658467829
4,2,12,1,270,0.31110828602686524
4,2,12,1,280,0.3232499212026596
4,2,12,1,290,0.33360068779438734
4,2,12,1,300,0.3443957297131419
4,2,12,1,310,0.35641268268227577
4,2,12,1,320,0.3672147416509688
4,2,12,1,330,0.38021796476095915
4,2,12,1,340,0.38976885471493006
4,2,12,1,350,0.40345387626439333
4,2,12,1,360,0.41363978013396263
4,2,12,1,370,0.4254337903112173
4,2,12,1,380,0.437516997102648
4,2,12,1,390,0.4729178957641125
4,2,12,1,400,0.4911461155861616
4,2,12,1,410,0.4710025708191097
4,2,12,1,420,0.48323722602799535
4,2,12,1,430,0.4958358258008957
4,2,12,1,440,0.5077887610532343
4,2,12,1,450,0.5184046141803265
4,2,12,1,460,0.529711589217186
4,2,12,1,470,0.5410849167965353
4,2,12,1,480,0.5522833270952106
4,2,12,1,490,0.563804296310991
4,2,12,1,500,0.5739402850158513
4,2,12,1,510,0.5869048456661403
4,2,12,1,520,0.5965566821396351
4,2,12,1,530,0.6100291348993778
4,2,12,1,540,0.6198940346948802
4,2,12,1,550,0.63263298291713
4,2,12,1,560,0.643445692025125
4,2,12,1,570,0.656290041282773
4,2,12,1,580,0.6659073121845722
4,2,12,1,590,0.6777469832450151
4,2,12,2,20,0.022861859761178493
4,2,12,2,30,0.034448239021003246
4,2,12,2,40,0.04564678389579058
4,2,12,2,50,0.05716409394517541
4,2,12,2,60,0.06870090402662754
4,2,12,2,70,0.07991849025711417
4,2,12,2,80,0.09132885280996561
4,2,12,2,90,0.10405698698014021
4,2,12,2,100,0.11512827686965466
4,2,12,2,110,0.1260082689113915
4,2,12,2,120,0.13705938728526235
4,2,12,2,130,0.14855947997421026
4,2,12,2,140,0.15997920697554946
4,2,12,2,150,0.1738818339072168
4,2,12,2,160,0.1838741539977491
4,2,12,2,170,0.19581433339044452
4,2,12,2,180,0.2075246167369187
4,2,12,2,190,0.21848686086013913
4,2,12,2,200,0.22996454872190952
4,2,12,2,210,0.24073917279019952
4,2,12,2,220,0.25239274092018604
4,2,12,2,230,0.2813976011238992
4,2,12,2,240,0.2860308480449021
4,2,12,2,250,0.28691688273102045
4,2,12,2,260,0.29870412684977055
4,2,12,2,270,0.3102135630324483
4,2,12,2,280,0.320795192848891
4,2,12,2,290,0.3335834899917245
4,2,12,2,300,0.34459401573985815
4,2,12,2,310,0.3549327407963574
4,2,12,2,320,0.36699520610272884
4,2,12,2,330,0.38125303387641907
4,2,12,2,340,0.3903450360521674
4,2,12,2,350,0.40332990186288953
4,2,12,2,360,0.4125863811932504
4,2,12,2,370,0.42558650439605117
4,2,12,2,380,0.43830542592331767
4,2,12,2,390,0.4482254609465599
4,2,12,2,400,0.4591310955584049
4,2,12,2,410,0.4709280990064144
4,2,12,2,420,0.48179988330230117
4,2,12,2,430,0.4925823491066694
4,2,12,2,440,0.5045967679470778
4,2,12,2,450,0.5166314053349197
4,2,12,2,460,0.5288361352868378
4,2,12,2,470,0.5403358587063849
4,2,12,2,480,0.5518312067724764
4,2,12,2,490,0.56272156490013
4,2,12,2,500,0.5755874868482351
4,2,12,2,510,0.5877706478349864
4,2,12,2,520,0.5994638740085065
4,2,12,2,530,0.610427089035511
4,2,12,2,540,0.6225370923057199
4,2,12,2,550,0.6330424938350916
4,2,12,2,560,0.6438968698494136
4,2,12,2,570,0.6573568591848016
4,2,12,2,580,0.6672474797815084
4,2,12,2,590,0.6811926141381264
4,3,2,1,20,0.022606955841183662
4,3,2,1,30,0.033987346570938826
4,3,2,1,40,0.04515682486817241
4,3,2,1,50,0.056593168061226606
4,3,2,1,60,0.06778834061697125
4,3,2,1,70,0.07920295279473066
4,3,2,1,80,0.09048962034285069
4,3,2,1,90,0.10167239094153047
4,3,2,1,100,0.11303208395838737
4,3,2,1,110,0.12433842290192842
4,3,2,1,120,0.1358374306000769
4,3,2,1,130,0.14688680367544293
4,3,2,1,140,0.15866066794842482
4,3,2,1,150,0.16975353891029954
4,3,2,1,160,0.18083178624510765
4,3,2,1,170,0.19207742903381586
4,3,2,1,180,0.2029986442066729
4,3,2,1,190,0.21526165585964918
4,3,2,1,200,0.22682359907776117
4,3,2,1,210,0.2374021909199655
4,3,2,1,220,0.24863113788887858
4,3,2,1,230,0.2603520075790584
4,3,2,1,240,0.27134493086487055
4,3,2,1,250,0.28313404601067305
4,3,2,1,260,0.2943736086599529
4,3,2,1,270,0.3044685279019177
4,3,2,1,280,0.37165278289467096
4,3,2,1,290,0.327854132745415
4,3,2,1,300,0.33932573394849896
4,3,2,1,310,0.3503131279721856
4,3,2,1,320,0.3614244279451668
4,3,2,1,330,0.373021449893713
4,3,2,1,340,0.3842128957621753
4,3,2,1,350,0.39569465070962906
4,3,2,1,360,0.4073348278179765
4,3,2,1,370,0.4191402653232217
4,3,2,1,380,0.42920179665088654
4,3,2,1,390,0.4415008700452745
4,3,2,1,400,0.45188443595543504
4,3,2,1,410,0.46539600705727935
4,3,2,1,420,0.47594169387593865
4,3,2,1,430,0.48762220796197653
4,3,2,1,440,0.4989522621035576
4,3,2,1,450,0.5105204302817583
4,3,2,1,460,0.5213381978683174
4,3,2,1,470,0.5320575409568846
4,3,2,1,480,0.5429559759795666
4,3,2,1,490,0.5562762608751655
4,3,2,1,500,0.56614112528041
4,3,2,1,510,0.5773705062456429
4,3,2,1,520,0.5896737733855844
4,3,2,1,530,0.6002550842240453
4,3,2,1,540,0.611647002864629
4,3,2,1,550,0.6236370257101953
4,3,2,1,560,0.6338746622204781
4,3,2,1,570,0.646363012958318
4,3,2,1,580,0.6551739471033216
4,3,2,1,590,0.6668694778345525
4,3,2,2,20,0.0226330254226923
4,3,2,2,30,0.03397373994812369
4,3,2,2,40,0.045262180268764496
4,3,2,2,50,0.05663691973313689
4,3,2,2,60,0.06784847984090447
4,3,2,2,70,0.07943842699751258
4,3,2,2,80,0.09090954205021262
4,3,2,2,90,0.10205304808914661
4,3,2,2,100,0.11373329674825072
4,3,2,2,110,0.12490863911807537
4,3,2,2,120,0.13563252706080675
4,3,2,2,130,0.1474901307374239
4,3,2,2,140,0.158734573982656
4,3,2,2,150,0.16962805856019258
4,3,2,2,160,0.18082992127165198
4,3,2,2,170,0.19299325812608004
4,3,2,2,180,0.20337121794000268
4,3,2,2,190,0.21517707500606775
4,3,2,2,200,0.22679364308714867
4,3,2,2,210,0.23828272614628077
4,3,2,2,220,0.24874827219173312
4,3,2,2,230,0.2605847539380193
4,3,2,2,240,0.2714845440350473
4,3,2,2,250,0.28384352615103126
4,3,2,2,260,0.2947493311949074
4,3,2,2,270,0.3062798287719488
4,3,2,2,280,0.3174394774250686
4,3,2,2,290,0.3288411390967667
4,3,2,2,300,0.36211039684712887
4,3,2,2,310,0.385423936881125
4,3,2,2,320,0.3613187922164798
4,3,2,2,330,0.374035791028291
4,3,2,2,340,0.38595189014449716
4,3,2,2,350,0.39754899591207504
4,3,2,2,360,0.4078678269870579
4,3,2,2,370,0.42015065997838974
4,3,2,2,380,0.43032407527789474
4,3,2,2,390,0.4420198807492852
4,3,2,2,400,0.4532063356600702
4,3,2,2,410,0.4651179723441601
4,3,2,2,420,0.4754161131568253
4,3,2,2,430,0.48762909416109324
4,3,2,2,440,0.4988891938701272
4,3,2,2,450,0.5097616189159453
4,3,2,2,460,0.5211187950335443
4,3,2,2,470,0.5340594840236008
4,3,2,2,480,0.5439794789999723
4,3,2,2,490,0.5563285108655691
4,3,2,2,500,0.5685633420944214
4,3,2,2,510,0.5773860197514296
4,3,2,2,520,0.5876646894030273
4,3,2,2,530,0.600135566201061
4,3,2,2,540,0.6110153729096055
4,3,2,2,550,0.6216589859686792
4,3,2,2,560,0.6340489620342851
4,3,2,2,570,0.646567570976913
4,3,2,2,580,0.6575074195861816
4,3,2,2,590,0.6688741990365088
4,3,4,1,20,0.022599163930863142
4,3,4,1,30,0.03425100678578019
4,3,4,1,40,0.04536379408091307
4,3,4,1,50,0.056580500677227974
4,3,4,1,60,0.06781340576708317
4,3,4,1,70,0.07914729695767164
4,3,4,1,80,0.09073835192248225
4,3,4,1,90,0.10176530200988054
4,3,4,1,100,0.11304415203630924
4,3,4,1,110,0.12466944381594658
4,3,4,1,120,0.13581868028268218
4,3,4,1,130,0.14723833790048957
4,3,4,1,140,0.15835269493982196
4,3,4,1,150,0.17006711475551128
4,3,4,1,160,0.1818569372408092
4,3,4,1,170,0.1926267510280013
4,3,4,1,180,0.20381992915645242
4,3,4,1,190,0.2150005679577589
4,3,4,1,200,0.23782160505652428
4,3,4,1,210,0.2561166458763182
4,3,4,1,220,0.2492143828421831
4,3,4,1,230,0.2608794807456434
4,3,4,1,240,0.2704277290031314
4,3,4,1,250,0.2837508637458086
4,3,4,1,260,0.29397968808189034
4,3,4,1,270,0.30597387021407485
4,3,4,1,280,0.3171173529699445
4,3,4,1,290,0.3292693248949945
4,3,4,1,300,0.34038469241932034
4,3,4,1,310,0.3518827371299267
4,3,4,1,320,0.36345079401507974
4,3,4,1,330,0.3731513558886945
4,3,4,1,340,0.38500540517270565
4,3,4,1,350,0.3968647667206824
4,3,4,1,360,0.4069758290424943
4,3,4,1,370,0.4181251390837133
4,3,4,1,380,0.42902891291305423
4,3,4,1,390,0.4414875637739897
4,3,4,1,400,0.4525965452194214
4,3,4,1,410,0.46484473580494523
4,3,4,1,420,0.4753294000402093
4,3,4,1,430,0.4881067182868719
4,3,4,1,440,0.49797697784379125
4,3,4,1,450,0.511251098010689
4,3,4,1,460,0.5204940573312342
4,3,4,1,470,0.532821502070874
4,3,4,1,480,0.5427946341224015
4,3,4,1,490,0.554806319065392
4,3,4,1,500,0.5661968309432268
4,3,4,1,510,0.5782395349815488
4,3,4,1,520,0.5887709413655102
4,3,4,1,530,0.6009618160314858
4,3,4,1,540,0.6126297609880567
4,3,4,1,550,0.6245077797211707
4,3,4,1,560,0.6352279549464583
4,3,4,1,570,0.6458745300769806
4,3,4,1,580,0.6568749798461795
4,3,4,1,590,0.6692870301194489
4,3,4,2,20,0.022592775989323854
4,3,4,2,30,0.03405521996319294
4,3,4,2,40,0.04539956385269761
4,3,4,2,50,0.05655856290832162
4,3,4,2,60,0.06786894612014294
4,3,4,2,70,0.07944105518981814
4,3,4,2,80,0.09065624000504613
4,3,4,2,90,0.1022676881402731
4,3,4,2,100,0.113377938978374
4,3,4,2,110,0.12458178028464317
4,3,4,2,120,0.13609046395868063
4,3,4,2,130,0.1473244670778513
4,3,4,2,140,0.1586222257465124
4,3,4,2,150,0.16974722081795335
4,3,4,2,160,0.1809849040582776
4,3,4,2,170,0.19259683694690466
4,3,4,2,180,0.2037158510647714
4,3,4,2,190,0.21582240611314774
4,3,4,2,200,0.22650818759575486
4,3,4,2,210,0.23713678820058703
4,3,4,2,220,0.2496645338833332
4,3,4,2,230,0.26019715890288353
4,3,4,2,240,0.27250410011038184
4,3,4,2,250,0.2828714339993894
4,3,4,2,260,0.3416162929497659
4,3,4,2,270,0.31230239756405354
4,3,4,2,280,0.31630551908165216
4,3,4,2,290,0.32822350785136223
4,3,4,2,300,0.3394243149086833
4,3,4,2,310,0.35184862185269594
4,3,4,2,320,0.3630351126194
4,3,4,2,330,0.37413871474564075
4,3,4,2,340,0.38549481704831123
4,3,4,2,350,0.3979867580346763
4,3,4,2,360,0.40837372932583094
4,3,4,2,370,0.42088488582521677
4,3,4,2,380,0.4301304863765836
4,3,4,2,390,0.4434004910290241
4,3,4,2,400,0.4530295068398118
4,3,4,2,410,0.4643952059559524
4,3,4,2,420,0.4752432252280414
4,3,4,2,430,0.4885828453116119
4,3,4,2,440,0.49940131278708577
4,3,4,2,450,0.5096278791315854
4,3,4,2,460,0.521451115142554
4,3,4,2,470,0.5332861808128655
4,3,4,2,480,0.5449766106903553
4,3,4,2,490,0.5567904277704656
4,3,4,2,500,0.5660199918784201
4,3,4,2,510,0.5779408379457891
4,3,4,2,520,0.5874474560841918
4,3,4,2,530,0.5998109141364694
4,3,4,2,540,0.6106556160375476
4,3,4,2,550,0.6240165689960122
4,3,4,2,560,0.634361295029521
4,3,4,2,570,0.64601582987234
4,3,4,2,580,0.6556728668510914
4,3,4,2,590,0.6694996100850403
4,3,6,1,20,0.02267700480297208
4,3,6,1,30,0.033904936630278826
4,3,6,1,40,0.04518172098323703
4,3,6,1,50,0.05674330424517393
4,3,6,1,60,0.0678443149663508
4,3,6,1,70,0.07937132706865668
4,3,6,1,80,0.0902456110343337
4,3,6,1,90,0.10180305130779743
4,3,6,1,100,0.11311177397146821
4,3,6,1,110,0.12457931600511074
4,3,6,1,120,0.13588764984160662
4,3,6,1,130,0.14782875310629606
4,3,6,1,140,0.15882082283496857
4,3,6,1,150,0.16959410393610597
4,3,6,1,160,0.18176711723208427
4,3,6,1,170,0.19298223219811916
4,3,6,1,180,0.203572953119874
4,3,6,1,190,0.2154013141989708
4,3,6,1,200,0.2269255011342466
4,3,6,1,210,0.23860047897323966
4,3,6,1,220,0.250428045168519
4,3,6,1,230,0.2609246629290283
4,3,6,1,240,0.27169774705544114
4,3,6,1,250,0.2831206819973886
4,3,6,1,260,0.2950739855878055
4,3,6,1,270,0.3060808889567852
4,3,6,1,280,0.317075212020427
4,3,6,1,290,0.3295383099466562
4,3,6,1,300,0.34020380210131407
4,3,6,1,310,0.3517546127550304
4,3,6,1,320,0.3624600041657686
4,3,6,1,330,0.3734315470792353
4,3,6,1,340,0.4148959289304912
4,3,6,1,350,0.4246412138454616
4,3,6,1,360,0.4075250132009387
4,3,6,1,370,0.41930731292814016
4,3,6,1,380,0.4300933047197759
4,3,6,1,390,0.44262083200737834
4,3,6,1,400,0.4520980389788747
4,3,6,1,410,0.4639143589884043
4,3,6,1,420,0.4753202763386071
4,3,6,1,430,0.48773937998339534
4,3,6,1,440,0.4989341739565134
4,3,6,1,450,0.5096631622873247
4,3,6,1,460,0.5204701949842274
4,3,6,1,470,0.5316465138457716
4,3,6,1,480,0.5434695607982576
4,3,6,1,490,0.5552151799201965
4,3,6,1,500,0.5649305153638124
4,3,6,1,510,0.5775699270889163
4,3,6,1,520,0.5870096809230745
4,3,6,1,530,0.5989608862437308
4,3,6,1,540,0.6117656813003123
4,3,6,1,550,0.6238689869642258
4,3,6,1,560,0.6354309408925474
4,3,6,1,570,0.6472532353363931
4,3,6,1,580,0.6591006661765277
4,3,6,1,590,0.6697341133840382
4,3,6,2,20,0.022722371388226748
4,3,6,2,30,0.034055840224027634
4,3,6,2,40,0.04527876805514097
4,3,6,2,50,0.05652795825153589
4,3,6,2,60,0.0677848057821393
4,3,6,2,70,0.0793843986466527
4,3,6,2,80,0.09076643642038107
4,3,6,2,90,0.10169171495363116
4,3,6,2,100,0.11324650701135397
4,3,6,2,110,0.12473667319864035
4,3,6,2,120,0.13577931793406606
4,3,6,2,130,0.14769290713593364
4,3,6,2,140,0.15890464978292584
4,3,6,2,150,0.1702292957343161
4,3,6,2,160,0.18154258886352181
4,3,6,2,170,0.19276676001027226
4,3,6,2,180,0.22465088730677962
4,3,6,2,190,0.22215289110317826
4,3,6,2,200,0.22667041281238198
4,3,6,2,210,0.2381895212456584
4,3,6,2,220,0.24930342100560665
4,3,6,2,230,0.2607512050308287
4,3,6,2,240,0.2711773803457618
4,3,6,2,250,0.28424384258687496
4,3,6,2,260,0.29473053803667426
4,3,6,2,270,0.3060654872097075
4,3,6,2,280,0.3173649781383574
4,3,6,2,290,0.32955574430525303
4,3,6,2,300,0.33991865580901504
4,3,6,2,310,0.3514182069338858
4,3,6,2,320,0.3629400320351124
4,3,6,2,330,0.37370737874880433
4,3,6,2,340,0.3841822328977287
4,3,6,2,350,0.3968015699647367
4,3,6,2,360,0.40730231534689665
4,3,6,2,370,0.4192444351501763
4,3,6,2,380,0.4299157578498125
4,3,6,2,390,0.4425214813090861
4,3,6,2,400,0.4541452396661043
4,3,6,2,410,0.46511097718030214
4,3,6,2,420,0.47635567281395197
4,3,6,2,430,0.4888518573716283
4,3,6,2,440,0.49866398284211755
4,3,6,2,450,0.5145382070913911
4,3,6,2,460,0.519778992049396
4,3,6,2,470,0.5347247123718262
4,3,6,2,480,0.5445463210344315
4,3,6,2,490,0.5564507287926972
4,3,6,2,500,0.5674356119707227
4,3,6,2,510,0.5772745897993445
4,3,6,2,520,0.588415103033185
4,3,6,2,530,0.5994634749367833
4,3,6,2,540,0.6111512519419193
4,3,6,2,550,0.6249625780619681
4,3,6,2,560,0.6352779287844896
4,3,6,2,570,0.647724143229425
4,3,6,2,580,0.657471785787493
4,3,6,2,590,0.6703675389289856
4,3,8,1,20,0.02265331568196416
4,3,8,1,30,0.033940474037081
4,3,8,1,40,0.045346484053879976
4,3,8,1,50,0.056714204140007496
4,3,8,1,60,0.06793545698747039
4,3,8,1,70,0.07961894990876317
4,3,8,1,80,0.0908500119112432
4,3,8,1,90,0.10202223993837833
4,3,8,1,100,0.11334362672641873
4,3,8,1,110,0.12500645499676466
4,3,8,1,120,0.1362058869563043
4,3,8,1,130,0.14794362615793943
4,3,8,1,140,0.1587424068711698
4,3,8,1,150,0.17045613704249263
4,3,8,1,160,0.18136023916304111
4,3,8,1,170,0.19259797781705856
4,3,8,1,180,0.2040185909718275
4,3,8,1,190,0.21666025510057807
4,3,8,1,200,0.22744418494403362
4,3,8,1,210,0.23845790792256594
4,3,8,1,220,0.24955126969143748
4,3,8,1,230,0.26073500560596585
4,3,8,1,240,0.27197613986209035
4,3,8,1,250,0.28408180410042405
4,3,8,1,260,0.29591648606583476
4,3,8,1,270,0.3072282448410988
4,3,8,1,280,0.3182025346904993
4,3,8,1,290,0.38519100099802017
4,3,8,1,300,0.3409026572480798
4,3,8,1,310,0.35360373416915536
4,3,8,1,320,0.36411546682938933
4,3,8,1,330,0.375169285107404
4,3,8,1,340,0.38538440503180027
4,3,8,1,350,0.39790531201288104
4,3,8,1,360,0.4082952500320971
4,3,8,1,370,0.42100485833361745
4,3,8,1,380,0.43112367717549205
4,3,8,1,390,0.44444006588310003
4,3,8,1,400,0.4547172002494335
4,3,8,1,410,0.46720544481649995
4,3,8,1,420,0.4779761340469122
4,3,8,1,430,0.4905239939689636
4,3,8,1,440,0.4984971536323428
4,3,8,1,450,0.509813953191042
4,3,8,1,460,0.5226593720726669
4,3,8,1,470,0.5357889090664685
4,3,8,1,480,0.5453365673311055
4,3,8,1,490,0.5568331899121404
4,3,8,1,500,0.5665979688055813
4,3,8,1,510,0.580826343037188
4,3,8,1,520,0.5901125310920179
4,3,8,1,530,0.6041729650460184
4,3,8,1,540,0.6150281941518188
4,3,8,1,550,0.6262214109301567
4,3,8,1,560,0.6352748032659292
4,3,8,1,570,0.6485418351367116
4,3,8,1,580,0.6592718549072742
4,3,8,1,590,0.6724927062168717
4,3,8,2,20,0.022794226184487343
4,3,8,2,30,0.034199563320726156
4,3,8,2,40,0.04542012931779027
4,3,8,2,50,0.05702933622524142
4,3,8,2,60,0.06833043182268739
4,3,8,2,70,0.07977430103346705
4,3,8,2,80,0.09100172203034163
4,3,8,2,90,0.10249947942793369
4,3,8,2,100,0.113790696952492
4,3,8,2,110,0.12511883489787579
4,3,8,2,120,0.13677101535722613
4,3,8,2,130,0.14842204377055168
4,3,8,2,140,0.15882297605276108
4,3,8,2,150,0.17048502806574106
4,3,8,2,160,0.1811557891778648
4,3,8,2,170,0.1931398008018732
4,3,8,2,180,0.20443330891430378
4,3,8,2,190,0.21587864076718688
4,3,8,2,200,0.22689605690538883
4,3,8,2,210,0.2387394099496305
4,3,8,2,220,0.2494627176783979
4,3,8,2,230,0.26110547315329313
4,3,8,2,240,0.27229090593755245
4,3,8,2,250,0.283750357106328
4,3,8,2,260,0.29543938115239143
4,3,8,2,270,0.30711599299684167
4,3,8,2,280,0.31780010275542736
4,3,8,2,290,0.3299816739745438
4,3,8,2,300,0.3400347367860377
4,3,8,2,310,0.3521635802462697
4,3,8,2,320,0.3639742350205779
4,3,8,2,330,0.37453088676556945
4,3,8,2,340,0.3857118422165513
4,3,8,2,350,0.3969068778678775
4,3,8,2,360,0.422993753105402
4,3,8,2,370,0.46123230876401067
4,3,8,2,380,0.4299717000685632
4,3,8,2,390,0.44153456995263696
4,3,8,2,400,0.4543250100687146
4,3,8,2,410,0.4655946190468967
4,3,8,2,420,0.4764938880689442
4,3,8,2,430,0.4872211301699281
4,3,8,2,440,0.49797199619933963
4,3,8,2,450,0.5110945161432028
4,3,8,2,460,0.5232600718736649
4,3,8,2,470,0.5331171699799597
4,3,8,2,480,0.5456474921666086
4,3,8,2,490,0.558059087023139
4,3,8,2,500,0.5665760207921267
4,3,8,2,510,0.5810631816275418
4,3,8,2,520,0.5904971892014146
4,3,8,2,530,0.6013219687156379
4,3,8,2,540,0.6127875875681639
4,3,8,2,550,0.6237931442447007
4,3,8,2,560,0.635564839001745
4,3,8,2,570,0.6467453869991004
4,3,8,2,580,0.6592983156442642
4,3,8,2,590,0.6696332450956106
4,3,10,1,20,0.022789665032178164
4,3,10,1,30,0.034224196802824736
4,3,10,1,40,0.045474616810679436
4,3,10,1,50,0.05758110107854009
4,3,10,1,60,0.06828044215217233
4,3,10,1,70,0.08002229407429695
4,3,10,1,80,0.09117943374440074
4,3,10,1,90,0.10225803591310978
4,3,10,1,100,0.11400380684062839
4,3,10,1,110,0.12564162211492658
4,3,10,1,120,0.13688667258247733
4,3,10,1,130,0.14836617093533278
4,3,10,1,140,0.15927346935495734
4,3,10,1,150,0.19842808600515127
4,3,10,1,160,0.18208012403920293
4,3,10,1,170,0.19508625799790025
4,3,10,1,180,0.2052126112394035
4,3,10,1,190,0.21709454292431474
4,3,10,1,200,0.22800809610635042
4,3,10,1,210,0.2400640631094575
4,3,10,1,220,0.25067596789449453
4,3,10,1,230,0.26238412922248244
4,3,10,1,240,0.2735232040286064
4,3,10,1,250,0.285303664393723
4,3,10,1,260,0.29695978201925755
4,3,10,1,270,0.30756259709596634
4,3,10,1,280,0.31895324774086475
4,3,10,1,290,0.33055909210816026
4,3,10,1,300,0.34192327596247196
4,3,10,1,310,0.35272745275869966
4,3,10,1,320,0.3640511119738221
4,3,10,1,330,0.3761280747130513
4,3,10,1,340,0.3870973577722907
4,3,10,1,350,0.39892791071906686
4,3,10,1,360,0.41074233315885067
4,3,10,1,370,0.42167097236961126
4,3,10,1,380,0.4328335481695831
4,3,10,1,390,0.44551423098891973
4,3,10,1,400,0.45666892221197486
4,3,10,1,410,0.46698728390038013
4,3,10,1,420,0.4779957211576402
4,3,10,1,430,0.4900951711460948
4,3,10,1,440,0.5029434398747981
4,3,10,1,450,0.5131600541062653
4,3,10,1,460,0.52510991320014
4,3,10,1,470,0.5366252046078444
4,3,10,1,480,0.5463453438133001
4,3,10,1,490,0.5577023099176586
4,3,10,1,500,0.5692222211509943
4,3,10,1,510,0.5809963829815388
4,3,10,1,520,0.5924515188671649
4,3,10,1,530,0.6056627361103892
4,3,10,1,540,0.6159005081281066
4,3,10,1,550,0.6268209517002106
4,3,10,1,560,0.6383889340795577
4,3,10,1,570,0.6496175290085375
4,3,10,1,580,0.6600885768420994
4,3,10,1,590,0.6726367911323905
4,3,10,2,20,0.02289558108896017
4,3,10,2,30,0.03406684985384345
4,3,10,2,40,0.0454519079066813
4,3,10,2,50,0.05678829504176974
4,3,10,2,60,0.06787187233567238
4,3,10,2,70,0.07950518513098359
4,3,10,2,80,0.09066097810864449
4,3,10,2,90,0.10241982294246554
4,3,10,2,100,0.11385594308376312
4,3,10,2,110,0.12492464808747172
4,3,10,2,120,0.13678997568786144
4,3,10,2,130,0.14826336270198226
4,3,10,2,140,0.159360830206424
4,3,10,2,150,0.1706302110105753
4,3,10,2,160,0.18216608790680766
4,3,10,2,170,0.19386613462120295
4,3,10,2,180,0.20429310575127602
4,3,10,2,190,0.21617273706942797
4,3,10,2,200,0.22747294511646032
4,3,10,2,210,0.2386400168761611
4,3,10,2,220,0.25031064869835973
4,3,10,2,230,0.2621415900066495
4,3,10,2,240,0.27389315981417894
4,3,10,2,250,0.28416310623288155
4,3,10,2,260,0.316891364287585
4,3,10,2,270,0.3407363947480917
4,3,10,2,280,0.31963272485882044
4,3,10,2,290,0.33100586803629994
4,3,10,2,300,0.3423900352790952
4,3,10,2,310,0.35335060209035873
4,3,10,2,320,0.3651397190988064
4,3,10,2,330,0.3765880218707025
4,3,10,2,340,0.3871074481867254
4,3,10,2,350,0.4008234431967139
4,3,10,2,360,0.4104767250828445
4,3,10,2,370,0.42278537387028337
4,3,10,2,380,0.4331926121376455
4,3,10,2,390,0.44366737082600594
4,3,10,2,400,0.45511727314442396
4,3,10,2,410,0.4662619670853019
4,3,10,2,420,0.47786726616322994
4,3,10,2,430,0.49024106189608574
4,3,10,2,440,0.4981808438897133
4,3,10,2,450,0.511343820951879
4,3,10,2,460,0.521963750012219
4,3,10,2,470,0.5344341169111431
4,3,10,2,480,0.546116768848151
4,3,10,2,490,0.5575014944188297
4,3,10,2,500,0.570313012227416
4,3,10,2,510,0.580453076865524
4,3,10,2,520,0.5937640387564898
4,3,10,2,530,0.6061600148677826
4,3,10,2,540,0.6152181481011212
4,3,10,2,550,0.6289914958178997
4,3,10,2,560,0.6387610696256161
4,3,10,2,570,0.6506994171068072
4,3,10,2,580,0.6599398907274008
4,3,10,2,590,0.6730740228667855
4,3,12,1,20,0.023081575985997915
4,3,12,1,30,0.03460941510275006
4,3,12,1,40,0.045987534802407026
4,3,12,1,50,0.05753205809742212
4,3,12,1,60,0.06908094510436058
4,3,12,1,70,0.08069753600284457
4,3,12,1,80,0.09169480483978987
4,3,12,1,90,0.10364518081769347
4,3,12,1,100,0.11468654405325651
4,3,12,1,110,0.12657841760665178
4,3,12,1,120,0.13764760503545403
4,3,12,1,130,0.14905803697183728
4,3,12,1,140,0.16073143621906638
4,3,12,1,150,0.1721664979122579
4,3,12,1,160,0.1837003636173904
4,3,12,1,170,0.19594033202156425
4,3,12,1,180,0.20803533028811216
4,3,12,1,190,0.21927777025848627
4,3,12,1,200,0.231781171169132
4,3,12,1,210,0.24300273414701223
4,3,12,1,220,0.25280977226793766
4,3,12,1,230,0.26565360417589545
4,3,12,1,240,0.2777765467762947
4,3,12,1,250,0.28959880815818906
4,3,12,1,260,0.3001724970526993
4,3,12,1,270,0.3125440659932792
4,3,12,1,280,0.32293484173715115
4,3,12,1,290,0.3357721008360386
4,3,12,1,300,0.3458853280171752
4,3,12,1,310,0.35727864503860474
4,3,12,1,320,0.3699667751789093
4,3,12,1,330,0.43650372326374054
4,3,12,1,340,0.39266404090449214
4,3,12,1,350,0.4058003812097013
4,3,12,1,360,0.41444675577804446
4,3,12,1,370,0.4278276371769607
4,3,12,1,380,0.43829509196802974
4,3,12,1,390,0.4487853031605482
4,3,12,1,400,0.4614760880358517
4,3,12,1,410,0.47361444775015116
4,3,12,1,420,0.4846768919378519
4,3,12,1,430,0.496993123088032
4,3,12,1,440,0.5063362461514771
4,3,12,1,450,0.5196258551441133
4,3,12,1,460,0.5296457638032734
4,3,12,1,470,0.5448781661689281
4,3,12,1,480,0.5521732997149229
4,3,12,1,490,0.5657111289910972
4,3,12,1,500,0.5755915981717408
4,3,12,1,510,0.5874304817989469
4,3,12,1,520,0.6010086038149893
4,3,12,1,530,0.6107001113705337
4,3,12,1,540,0.6214727340266109
4,3,12,1,550,0.6342960158362985
4,3,12,1,560,0.6445547230541706
4,3,12,1,570,0.6573432418517768
4,3,12,1,580,0.6675256928429008
4,3,12,1,590,0.6800670181401074
4,3,12,2,20,0.022922622971236706
4,3,12,2,30,0.03453305270522833
4,3,12,2,40,0.04607647284865379
4,3,12,2,50,0.05756206111982465
4,3,12,2,60,0.07787240296602249
4,3,12,2,70,0.09826664719730616
4,3,12,2,80,0.09153252886608243
4,3,12,2,90,0.10345206689089537
4,3,12,2,100,0.1144438530318439
4,3,12,2,110,0.12661406816914678
4,3,12,2,120,0.1380086475983262
4,3,12,2,130,0.14867173600941896
4,3,12,2,140,0.1609792783856392
4,3,12,2,150,0.17298047803342342
4,3,12,2,160,0.1850981330499053
4,3,12,2,170,0.19668423477560282
4,3,12,2,180,0.21386998798698187
4,3,12,2,190,0.2189747872762382
4,3,12,2,200,0.23020105808973312
4,3,12,2,210,0.24219162203371525
4,3,12,2,220,0.25290662003681064
4,3,12,2,230,0.26539352303370833
4,3,12,2,240,0.2763219689950347
4,3,12,2,250,0.28715976141393185
4,3,12,2,260,0.2991606369614601
4,3,12,2,270,0.31097313575446606
4,3,12,2,280,0.32211635261774063
4,3,12,2,290,0.3340330831706524
4,3,12,2,300,0.3453964530490339
4,3,12,2,310,0.35882334504276514
4,3,12,2,320,0.3675563232973218
4,3,12,2,330,0.38019567588344216
4,3,12,2,340,0.39163279300555587
4,3,12,2,350,0.403307958971709
4,3,12,2,360,0.413629449903965
4,3,12,2,370,0.42655232083052397
4,3,12,2,380,0.4382706191390753
4,3,12,2,390,0.44973865430802107
4,3,12,2,400,0.46068957122042775
4,3,12,2,410,0.4728051093406975
4,3,12,2,420,0.4817823679186404
4,3,12,2,430,0.4949839091859758
4,3,12,2,440,0.5077123860828578
4,3,12,2,450,0.5173612553626299
4,3,12,2,460,0.5288253710605204
4,3,12,2,470,0.5411377162672579
4,3,12,2,480,0.5508344289846718
4,3,12,2,490,0.5628583040088415
4,3,12,2,500,0.5746692190878093
4,3,12,2,510,0.5874256920069456
4,3,12,2,520,0.5979857961647213
4,3,12,2,530,0.6098837852478027
4,3,12,2,540,0.6223832666873932
4,3,12,2,550,0.6318957200273871
4,3,12,2,560,0.6445652986876667
4,3,12,2,570,0.6573990960605443
4,3,12,2,580,0.6677283658646047
4,3,12,2,590,0.6798022291623056
4,4,2,1,20,0.022734529804438353
4,4,2,1,30,0.034094525035470724
4,4,2,1,40,0.04545273771509528
4,4,2,1,50,0.05691786576062441
4,4,2,1,60,0.06794771505519748
4,4,2,1,70,0.07918928936123848
4,4,2,1,80,0.09086715616285801
4,4,2,1,90,0.1022249017842114
4,4,2,1,100,0.11303237825632095
4,4,2,1,110,0.12503414787352085
4,4,2,1,120,0.1358689800836146
4,4,2,1,130,0.1502450960688293
4,4,2,1,140,0.19973765313625336
4,4,2,1,150,0.18148225406184793
4,4,2,1,160,0.1811391981318593
4,4,2,1,170,0.19292175257578492
4,4,2,1,180,0.20379646588116884
4,4,2,1,190,0.21592546394094825
4,4,2,1,200,0.22705339593812823
4,4,2,1,210,0.2387351430952549
4,4,2,1,220,0.2494720360264182
4,4,2,1,230,0.2616047044284642
4,4,2,1,240,0.2725976691581309
4,4,2,1,250,0.2840418410487473
4,4,2,1,260,0.2943425881676376
4,4,2,1,270,0.30650953901931643
4,4,2,1,280,0.31806489499285817
4,4,2,1,290,0.3292644307948649
4,4,2,1,300,0.3407702059485018
4,4,2,1,310,0.3520359741523862
4,4,2,1,320,0.36323344288393855
4,4,2,1,330,0.37462748493999243
4,4,2,1,340,0.3856395110487938
4,4,2,1,350,0.397496294695884
4,4,2,1,360,0.4092499571852386
4,4,2,1,370,0.4202299891039729
4,4,2,1,380,0.4318409920670092
4,4,2,1,390,0.4440384437330067
4,4,2,1,400,0.4549046428874135
4,4,2,1,410,0.4657517457380891
4,4,2,1,420,0.4762937999330461
4,4,2,1,430,0.48858579294756055
4,4,2,1,440,0.4991380819119513
4,4,2,1,450,0.5115938438102603
4,4,2,1,460,0.5210257009603083
4,4,2,1,470,0.5335291801020503
4,4,2,1,480,0.5444607310928404
4,4,2,1,490,0.55713832937181
4,4,2,1,500,0.5678889607079327
4,4,2,1,510,0.5786662232130766
4,4,2,1,520,0.5894888350740075
4,4,2,1,530,0.599384072702378
4,4,2,1,540,0.6125656771473587
4,4,2,1,550,0.623165151104331
4,4,2,1,560,0.6360522303730249
4,4,2,1,570,0.6462305309250951
4,4,2,1,580,0.6578680849634111
4,4,2,1,590,0.6705679800361395
4,4,2,2,20,0.022588899824768305
4,4,2,2,30,0.03382479539141059
4,4,2,2,40,0.045078436844050884
4,4,2,2,50,0.05659564211964607
4,4,2,2,60,0.06761449296027422
4,4,2,2,70,0.07914598984643817
4,4,2,2,80,0.09021445224061608
4,4,2,2,90,0.10205865325406194
4,4,2,2,100,0.11324777407571673
4,4,2,2,110,0.12471465021371841
4,4,2,2,120,0.13629454281181097
4,4,2,2,130,0.14775812160223722
4,4,2,2,140,0.15880323806777596
4,4,2,2,150,0.17071483517065644
4,4,2,2,160,0.1812856043688953
4,4,2,2,170,0.19256556686013937
4,4,2,2,180,0.20469629811123013
4,4,2,2,190,0.21682808408513665
4,4,2,2,200,0.227061471901834
4,4,2,2,210,0.23824158683419228
4,4,2,2,220,0.2489365041255951
4,4,2,2,230,0.26082061836495996
4,4,2,2,240,0.2706968877464533
4,4,2,2,250,0.2832231246866286
4,4,2,2,260,0.3292214060202241
4,4,2,2,270,0.3266624752432108
4,4,2,2,280,0.3172273216769099
4,4,2,2,290,0.3289156388491392
4,4,2,2,300,0.3390717748552561
4,4,2,2,310,0.3505359161645174
4,4,2,2,320,0.3622046080417931
4,4,2,2,330,0.3724122839048505
4,4,2,2,340,0.38395854365080595
4,4,2,2,350,0.3980345819145441
4,4,2,2,360,0.4085325952619314
4,4,2,2,370,0.4202136849053204
4,4,2,2,380,0.4312348640523851
4,4,2,2,390,0.4436732712201774
4,4,2,2,400,0.4541021171025932
4,4,2,2,410,0.46533043310046196
4,4,2,2,420,0.4769226568751037
4,4,2,2,430,0.48849369026720524
4,4,2,2,440,0.4983618720434606
4,4,2,2,450,0.5101399319246411
4,4,2,2,460,0.5211709849536419
4,4,2,2,470,0.5320364087820053
4,4,2,2,480,0.5439058444462717
4,4,2,2,490,0.5566789768636227
4,4,2,2,500,0.5683769942261279
4,4,2,2,510,0.5799507908523083
4,4,2,2,520,0.5909055969677866
4,4,2,2,530,0.6021653199568391
4,4,2,2,540,0.6139105390757322
4,4,2,2,550,0.6249499171972275
4,4,2,2,560,0.6319999392144382
4,4,2,2,570,0.6460260530002415
4,4,2,2,580,0.6591155873611569
4,4,2,2,590,0.6974099571816623
4,4,4,1,20,0.022739321924746037
4,4,4,1,30,0.03403824334964156
4,4,4,1,40,0.04543589800596237
4,4,4,1,50,0.057012490928173065
4,4,4,1,60,0.06837100489065051
4,4,4,1,70,0.07987187337130308
4,4,4,1,80,0.09094913816079497
4,4,4,1,90,0.10251844581216574
4,4,4,1,100,0.11360237281769514
4,4,4,1,110,0.1247521499171853
4,4,4,1,120,0.13556791516020894
4,4,4,1,130,0.14737099595367908
4,4,4,1,140,0.1592899188399315
4,4,4,1,150,0.17067636596038938
4,4,4,1,160,0.18123274110257626
4,4,4,1,170,0.1937746088951826
4,4,4,1,180,0.20412147929891944
4,4,4,1,190,0.21575587382540107
4,4,4,1,200,0.22739366302266717
4,4,4,1,210,0.23855468165129423
4,4,4,1,220,0.24900273280218244
4,4,4,1,230,0.26157638477161527
4,4,4,1,240,0.27187008410692215
4,4,4,1,250,0.28387298807501793
4,4,4,1,260,0.29557149671018124
4,4,4,1,270,0.30706999404355884
4,4,4,1,280,0.31775872223079205
4,4,4,1,290,0.32979482086375356
4,4,4,1,300,0.34072713693603873
4,4,4,1,310,0.35182618303224444
4,4,4,1,320,0.3625501748174429
4,4,4,1,330,0.37435172125697136
4,4,4,1,340,0.38745564222335815
4,4,4,1,350,0.39711313182488084
4,4,4,1,360,0.40754255885258317
4,4,4,1,370,0.4208120568655431
4,4,4,1,380,0.4306009169667959
4,4,4,1,390,0.4446655958890915
4,4,4,1,400,0.4546271641738713
4,4,4,1,410,0.4649687339551747
4,4,4,1,420,0.47809567023068666
4,4,4,1,430,0.49044741271063685
4,4,4,1,440,0.5005647609941661
4,4,4,1,450,0.511775182094425
4,4,4,1,460,0.5225157290697098
4,4,4,1,470,0.5357194310054183
4,4,4,1,480,0.5450280690565705
4,4,4,1,490,0.5579313389025629
4,4,4,1,500,0.5667514051310718
4,4,4,1,510,0.5808997880667448
4,4,4,1,520,0.5934198931790888
4,4,4,1,530,0.6035832189954817
4,4,4,1,540,0.6142775281332433
4,4,4,1,550,0.6256831618957222
4,4,4,1,560,0.6360565377399325
4,4,4,1,570,0.6499931765720248
4,4,4,1,580,0.6602330482564867
4,4,4,1,590,0.6726543758995831
4,4,4,2,20,0.022625443059951067
4,4,4,2,30,0.034144191071391106
4,4,4,2,40,0.04561758600175381
4,4,4,2,50,0.0566749619320035
4,4,4,2,60,0.06804800312966108
4,4,4,2,70,0.08009487483650446
4,4,4,2,80,0.09113634377717972
4,4,4,2,90,0.10251563414931297
4,4,4,2,100,0.11361578665673733
4,4,4,2,110,0.1250128410756588
4,4,4,2,120,0.1362350839190185
4,4,4,2,130,0.14750008890405297
4,4,4,2,140,0.1586269000545144
4,4,4,2,150,0.17130006570369005
4,4,4,2,160,0.18144743563607335
4,4,4,2,170,0.19279477698728442
4,4,4,2,180,0.20450127311050892
4,4,4,2,190,0.21629942674189806
4,4,4,2,200,0.22651170939207077
4,4,4,2,210,0.23900395585224032
4,4,4,2,220,0.24979198025539517
4,4,4,2,230,0.2614722107537091
4,4,4,2,240,0.271258395165205
4,4,4,2,250,0.28335463535040617
4,4,4,2,260,0.2944846819154918
4,4,4,2,270,0.30670623714104295
4,4,4,2,280,0.3175527569837868
4,4,4,2,290,0.33001229213550687
4,4,4,2,300,0.3395314160734415
4,4,4,2,310,0.3517958181910217
4,4,4,2,320,0.3626180998980999
4,4,4,2,330,0.3741008210927248
4,4,4,2,340,0.3866835990920663
4,4,4,2,350,0.3996156109496951
4,4,4,2,360,0.4092475916258991
4,4,4,2,370,0.42247980600222945
4,4,4,2,380,0.43194038700312376
4,4,4,2,390,0.4432074250653386
4,4,4,2,400,0.4527768371626735
4,4,4,2,410,0.46654557809233665
4,4,4,2,420,0.4763986128382385
4,4,4,2,430,0.4893301147967577
4,4,4,2,440,0.5013983817771077
4,4,4,2,450,0.5120124057866633
4,4,4,2,460,0.5242526256479323
4,4,4,2,470,0.5352525808848441
4,4,4,2,480,0.546981493011117
4,4,4,2,490,0.5564536540769041
4,4,4,2,500,0.5669985311105847
4,4,4,2,510,0.580586242955178
4,4,4,2,520,0.647643671836704
4,4,4,2,530,0.601683771237731
4,4,4,2,540,0.6138982120901346
4,4,4,2,550,0.6260030949488282
4,4,4,2,560,0.6377257127314806
4,4,4,2,570,0.649082113057375
4,4,4,2,580,0.6609654147177935
4,4,4,2,590,0.6739973253570497
4,4,6,1,20,0.022951242979615927
4,4,6,1,30,0.03452981682494283
4,4,6,1,40,0.045773094054311514
4,4,6,1,50,0.05733872810378671
4,4,6,1,60,0.06864900095388293
4,4,6,1,70,0.08032966963946819
4,4,6,1,80,0.09158223774284124
4,4,6,1,90,0.10337266931310296
4,4,6,1,100,0.11467987298965454
4,4,6,1,110,0.12556453328579664
4,4,6,1,120,0.13754801591858268
4,4,6,1,130,0.14895292511209846
4,4,6,1,140,0.1609480050392449
4,4,6,1,150,0.17197130899876356
4,4,6,1,160,0.18354168022051454
4,4,6,1,170,0.19554915698245168
4,4,6,1,180,0.20696991635486484
4,4,6,1,190,0.21816657995805144
4,4,6,1,200,0.22976670088246465
4,4,6,1,210,0.24074880592525005
4,4,6,1,220,0.25195705611258745
4,4,6,1,230,0.2632659338414669
4,4,6,1,240,0.2747180229052901
4,4,6,1,250,0.2862997157499194
4,4,6,1,260,0.29848645022138953
4,4,6,1,270,0.3104649316519499
4,4,6,1,280,0.3200682117603719
4,4,6,1,290,0.33287776028737426
4,4,6,1,300,0.34348884178325534
4,4,6,1,310,0.3544800425879657
4,4,6,1,320,0.3664943389594555
4,4,6,1,330,0.38043858017772436
4,4,6,1,340,0.38883726485073566
4,4,6,1,350,0.40172440372407436
4,4,6,1,360,0.412540172226727
4,4,6,1,370,0.42197415698319674
4,4,6,1,380,0.4336100476793945
4,4,6,1,390,0.44484442519024014
4,4,6,1,400,0.4572979807853699
4,4,6,1,410,0.46804416505619884
4,4,6,1,420,0.48026606487110257
4,4,6,1,430,0.4918064447119832
4,4,6,1,440,0.5031294198706746
4,4,6,1,450,0.5156816667877138
4,4,6,1,460,0.5271728220395744
4,4,6,1,470,0.5378925963304937
4,4,6,1,480,0.5508122639730573
4,4,6,1,490,0.5624777702614665
4,4,6,1,500,0.5724892802536488
4,4,6,1,510,0.5827505900524557
4,4,6,1,520,0.5944937998428941
4,4,6,1,530,0.6090629519894719
4,4,6,1,540,0.6731139491312206
4,4,6,1,550,0.6325561790727079
4,4,6,1,560,0.641265185084194
4,4,6,1,570,0.6527606481686234
4,4,6,1,580,0.6611855318769813
4,4,6,1,590,0.6744007999077439
4,4,6,2,20,0.02267824811860919
4,4,6,2,30,0.0341682699508965
4,4,6,2,40,0.045851888600736856
4,4,6,2,50,0.05728211533278227
4,4,6,2,60,0.06851942604407668
4,4,6,2,70,0.07983405096456409
4,4,6,2,80,0.09129608608782291
4,4,6,2,90,0.10254032490774989
4,4,6,2,100,0.11349344858899713
4,4,6,2,110,0.12525000190362334
4,4,6,2,120,0.13659216789528728
4,4,6,2,130,0.1484251506626606
4,4,6,2,140,0.1588743682950735
4,4,6,2,150,0.17084866110235453
4,4,6,2,160,0.18195453565567732
4,4,6,2,170,0.19406819995492697
4,4,6,2,180,0.20488111907616258
4,4,6,2,190,0.21704959217458963
4,4,6,2,200,0.22794366208836436
4,4,6,2,210,0.23959352541714907
4,4,6,2,220,0.2508309921249747
4,4,6,2,230,0.2619057879783213
4,4,6,2,240,0.27281309897080064
4,4,6,2,250,0.2846965198405087
4,4,6,2,260,0.2956195268779993
4,4,6,2,270,0.3084643203765154
4,4,6,2,280,0.31911365408450365
4,4,6,2,290,0.32997923297807574
4,4,6,2,300,0.3414824502542615
4,4,6,2,310,0.35176729038357735
4,4,6,2,320,0.36496604699641466
4,4,6,2,330,0.37525830371305346
4,4,6,2,340,0.3853013878688216
4,4,6,2,350,0.3987051276490092
4,4,6,2,360,0.409379777032882
4,4,6,2,370,0.42352707870304585
4,4,6,2,380,0.43425704864785075
4,4,6,2,390,0.44453948363661766
4,4,6,2,400,0.4553153268061578
4,4,6,2,410,0.46690389001742005
4,4,6,2,420,0.4791495008394122
4,4,6,2,430,0.4898325097747147
4,4,6,2,440,0.5007174601778388
4,4,6,2,450,0.512723692227155
4,4,6,2,460,0.5230890437960625
4,4,6,2,470,0.534921838901937
4,4,6,2,480,0.5463252211920917
4,4,6,2,490,0.5583514650352299
4,4,6,2,500,0.5672291181981564
4,4,6,2,510,0.5821824073791504
4,4,6,2,520,0.5927694472484291
4,4,6,2,530,0.6028430489823222
4,4,6,2,540,0.6146374829113483
4,4,6,2,550,0.626097054220736
4,4,6,2,560,0.6365010431036353
4,4,6,2,570,0.6472623348236084
4,4,6,2,580,0.6584006645716727
4,4,6,2,590,0.6730347028933465
4,4,8,1,20,0.023318756837397814
4,4,8,1,30,0.0349648823030293
4,4,8,1,40,0.04676216887310147
4,4,8,1,50,0.058491412084549665
4,4,8,1,60,0.06992695620283484
4,4,8,1,70,0.08209408214315772
4,4,8,1,80,0.09349917806684971
4,4,8,1,90,0.10504432814195752
4,4,8,1,100,0.1167585770599544
4,4,8,1,110,0.1283936258405447
4,4,8,1,120,0.14007525611668825
4,4,8,1,130,0.1921853506937623
4,4,8,1,140,0.17704809410497546
4,4,8,1,150,0.17564310366287827
4,4,8,1,160,0.18625168642029166
4,4,8,1,170,0.19901873404160142
4,4,8,1,180,0.20990694500505924
4,4,8,1,190,0.22182876337319613
4,4,8,1,200,0.2330340389162302
4,4,8,1,210,0.24445736734196544
4,4,8,1,220,0.25616392819210887
4,4,8,1,230,0.26728858705610037
4,4,8,1,240,0.2799068531021476
4,4,8,1,250,0.2909506931900978
4,4,8,1,260,0.3035150892101228
4,4,8,1,270,0.31472097989171743
4,4,8,1,280,0.32575945230200887
4,4,8,1,290,0.338621802162379
4,4,8,1,300,0.34885732689872384
4,4,8,1,310,0.36164724361151457
4,4,8,1,320,0.37192770186811686
4,4,8,1,330,0.3845238331705332
4,4,8,1,340,0.39562408486381173
4,4,8,1,350,0.40891713183373213
4,4,8,1,360,0.41817922005429864
4,4,8,1,370,0.43120049871504307
4,4,8,1,380,0.44140904396772385
4,4,8,1,390,0.4534867499023676
4,4,8,1,400,0.46597978519275784
4,4,8,1,410,0.47572424123063684
4,4,8,1,420,0.4864615029655397
4,4,8,1,430,0.4998426507227123
4,4,8,1,440,0.5115388208068907
4,4,8,1,450,0.5218356451950967
4,4,8,1,460,0.5329892397858202
4,4,8,1,470,0.5466858111321926
4,4,8,1,480,0.5578273329883814
4,4,8,1,490,0.5672881072387099
4,4,8,1,500,0.5789925470016897
4,4,8,1,510,0.5924299578182399
4,4,8,1,520,0.6035276991315186
4,4,8,1,530,0.6185084413737059
4,4,8,1,540,0.6280539310537279
4,4,8,1,550,0.6404320690780878
4,4,8,1,560,0.6509682927280664
4,4,8,1,570,0.6634305790066719
4,4,8,1,580,0.673702297732234
4,4,8,1,590,0.6867963019758463
4,4,8,2,20,0.023102305363863707
4,4,8,2,30,0.034508394077420235
4,4,8,2,40,0.04590416606515646
4,4,8,2,50,0.0576886422932148
4,4,8,2,60,0.06911565875634551
4,4,8,2,70,0.08068989869207144
4,4,8,2,80,0.09259203588590026
4,4,8,2,90,0.10361005272716284
4,4,8,2,100,0.11550389369949698
4,4,8,2,110,0.12675599614158273
4,4,8,2,120,0.13856799295172095
4,4,8,2,130,0.14992661494761705
4,4,8,2,140,0.16057002311572433
4,4,8,2,150,0.17234086990356445
4,4,8,2,160,0.1838761679828167
4,4,8,2,170,0.19611078407615423
4,4,8,2,180,0.20667274808511138
4,4,8,2,190,0.21855492377653718
4,4,8,2,200,0.22970389109104872
4,4,8,2,210,0.24193775979802012
4,4,8,2,220,0.2533761910162866
4,4,8,2,230,0.2643749210983515
4,4,8,2,240,0.33030079724267125
4,4,8,2,250,0.2875158032402396
4,4,8,2,260,0.29814766393974423
4,4,8,2,270,0.31028081802651286
4,4,8,2,280,0.32172535406425595
4,4,8,2,290,0.3328916379250586
4,4,8,2,300,0.3446946111507714
4,4,8,2,310,0.3552689617499709
4,4,8,2,320,0.3667568061500788
4,4,8,2,330,0.3793384679593146
4,4,8,2,340,0.3887007380835712
4,4,8,2,350,0.40120400907471776
4,4,8,2,360,0.41245176596567035
4,4,8,2,370,0.42418259009718895
4,4,8,2,380,0.4365252130664885
4,4,8,2,390,0.447836319450289
4,4,8,2,400,0.45884531643241644
4,4,8,2,410,0.47092200024053454
4,4,8,2,420,0.48161717783659697
4,4,8,2,430,0.4936905801296234
4,4,8,2,440,0.503710072953254
4,4,8,2,450,0.5170533149503171
4,4,8,2,460,0.5275686597451568
4,4,8,2,470,0.5399023508653045
4,4,8,2,480,0.5507348622195423
4,4,8,2,490,0.5626496360637248
4,4,8,2,500,0.5737474863417447
4,4,8,2,510,0.5857924497686327
4,4,8,2,520,0.5967144947499037
4,4,8,2,530,0.6091953827999532
4,4,8,2,540,0.6206245007924736
4,4,8,2,550,0.6616691960953176
4,4,8,2,560,0.6434665927663445
4,4,8,2,570,0.6573131931945682
4,4,8,2,580,0.6651238608174026
4,4,8,2,590,0.6755579863674939
4,4,10,1,20,0.024500477127730846
4,4,10,1,30,0.036678269039839506
4,4,10,1,40,0.04899926017969847
4,4,10,1,50,0.06124152988195419
4,4,10,1,60,0.07323680724948645
4,4,10,1,70,0.08564305398613214
4,4,10,1,80,0.09734129114076495
4,4,10,1,90,0.10903906309977174
4,4,10,1,100,0.12155157001689076
4,4,10,1,110,0.13448385428637266
4,4,10,1,120,0.14603635016828775
4,4,10,1,130,0.15848072618246078
4,4,10,1,140,0.17045289790257812
4,4,10,1,150,0.18305194564163685
4,4,10,1,160,0.19455143390223384
4,4,10,1,170,0.20633794693276286
4,4,10,1,180,0.21792423585429788
4,4,10,1,190,0.23087458219379187
4,4,10,1,200,0.2427353486418724
4,4,10,1,210,0.25551312090829015
4,4,10,1,220,0.2666373187676072
4,4,10,1,230,0.2791975112631917
4,4,10,1,240,0.2901744223199785
4,4,10,1,250,0.30298315780237317
4,4,10,1,260,0.3150146398693323
4,4,10,1,270,0.32857014797627926
4,4,10,1,280,0.33933359291404486
4,4,10,1,290,0.35195065196603537
4,4,10,1,300,0.36365760397166014
4,4,10,1,310,0.3764482759870589
4,4,10,1,320,0.38815984409302473
4,4,10,1,330,0.3998629618436098
4,4,10,1,340,0.41193694109097123
4,4,10,1,350,0.42395761888474226
4,4,10,1,360,0.43594615114852786
4,4,10,1,370,0.4487383528612554
4,4,10,1,380,0.460313999094069
4,4,10,1,390,0.4731328235939145
4,4,10,1,400,0.4846072397194803
4,4,10,1,410,0.49700273014605045
4,4,10,1,420,0.5077110668644309
4,4,10,1,430,0.5201208172366023
4,4,10,1,440,0.5321670528501272
4,4,10,1,450,0.5443581067956984
4,4,10,1,460,0.555186168756336
4,4,10,1,470,0.5678765592165291
4,4,10,1,480,0.5787645443342626
4,4,10,1,490,0.5913628051057458
4,4,10,1,500,0.601495532784611
4,4,10,1,510,0.6146334283985198
4,4,10,1,520,0.6395004601217806
4,4,10,1,530,0.6360521051101387
4,4,10,1,540,0.647994332946837
4,4,10,1,550,0.6660043690353632
4,4,10,1,560,0.7267380487173796
4,4,10,1,570,0.6896053240634501
4,4,10,1,580,0.6995566156692803
4,4,10,1,590,0.7110685240477324
4,4,10,2,20,0.02353395614773035
4,4,10,2,30,0.035568296909332275
4,4,10,2,40,0.04699641698971391
4,4,10,2,50,0.059038786217570305
4,4,10,2,60,0.07065046904608607
4,4,10,2,70,0.08255637809634209
4,4,10,2,80,0.09431173605844378
4,4,10,2,90,0.10589815909042954
4,4,10,2,100,0.11740522785112262
4,4,10,2,110,0.129965343978256
4,4,10,2,120,0.1409627702087164
4,4,10,2,130,0.15337156504392624
4,4,10,2,140,0.16515118582174182
4,4,10,2,150,0.1762591078877449
4,4,10,2,160,0.18744235578924417
4,4,10,2,170,0.20002066204324365
4,4,10,2,180,0.21179701201617718
4,4,10,2,190,0.224151489790529
4,4,10,2,200,0.2345436792820692
4,4,10,2,210,0.24654564820230007
4,4,10,2,220,0.2585385893471539
4,4,10,2,230,0.2705159839242697
4,4,10,2,240,0.2818843857385218
4,4,10,2,250,0.29498806595802307
4,4,10,2,260,0.30455686803907156
4,4,10,2,270,0.31677785608917475
4,4,10,2,280,0.3281486281193793
4,4,10,2,290,0.3408230752684176
4,4,10,2,300,0.35227190190926194
4,4,10,2,310,0.3657263498753309
4,4,10,2,320,0.37500162003561854
4,4,10,2,330,0.387960541062057
4,4,10,2,340,0.3993196892552078
4,4,10,2,350,0.4112858008593321
4,4,10,2,360,0.42170892283320427
4,4,10,2,370,0.43498886562883854
4,4,10,2,380,0.44522812869399786
4,4,10,2,390,0.45783945778384805
4,4,10,2,400,0.468981706071645
4,4,10,2,410,0.4810073059052229
4,4,10,2,420,0.4930830579251051
4,4,10,2,430,0.5043776999227703
4,4,10,2,440,0.5150099550373852
4,4,10,2,450,0.5276197260245681
4,4,10,2,460,0.5380828157067299
4,4,10,2,470,0.5509847099892795
4,4,10,2,480,0.562038806732744
4,4,10,2,490,0.5746494927443564
4,4,10,2,500,0.5880356249399483
4,4,10,2,510,0.5992532121017575
4,4,10,2,520,0.612117016222328
4,4,10,2,530,0.623383681755513
4,4,10,2,540,0.6325583681464195
4,4,10,2,550,0.6585044539533556
4,4,10,2,560,0.6947379768826067
4,4,10,2,570,0.6702322633937001
4,4,10,2,580,0.6767896469682455
4,4,10,2,590,0.6895589185878634
4,4,12,1,20,0.02761873137205839
4,4,12,1,30,0.041442201007157564
4,4,12,1,40,0.05469445697963238
4,4,12,1,50,0.0685139331035316
4,4,12,1,60,0.08180447528138757
4,4,12,1,70,0.09538965485990047
4,4,12,1,80,0.10888554994016886
4,4,12,1,90,0.122281514108181
4,4,12,1,100,0.13565052300691605
4,4,12,1,110,0.14925751416012645
4,4,12,1,120,0.16224662493914366
4,4,12,1,130,0.17636704072356224
4,4,12,1,140,0.18969174940139055
4,4,12,1,150,0.2031091027893126
4,4,12,1,160,0.2167811798863113
4,4,12,1,170,0.23017492005601525
4,4,12,1,180,0.24340101005509496
4,4,12,1,190,0.2572414739988744
4,4,12,1,200,0.2705219746567309
4,4,12,1,210,0.28482644027099013
4,4,12,1,220,0.2972706099972129
4,4,12,1,230,0.3114007958211005
4,4,12,1,240,0.32452943501994014
4,4,12,1,250,0.3389776670373976
4,4,12,1,260,0.3514355132356286
4,4,12,1,270,0.3654068559408188
4,4,12,1,280,0.3795316428877413
4,4,12,1,290,0.3920404645614326
4,4,12,1,300,0.4053045599721372
4,4,12,1,310,0.4183856681920588
4,4,12,1,320,0.43083552876487374
4,4,12,1,330,0.4444372630678117
4,4,12,1,340,0.4586094906553626
4,4,12,1,350,0.4714897717349231
4,4,12,1,360,0.48475075839087367
4,4,12,1,370,0.4984658546745777
4,4,12,1,380,0.5119447321631014
4,4,12,1,390,0.5262604709714651
4,4,12,1,400,0.5384261691942811
4,4,12,1,410,0.5512846717610955
4,4,12,1,420,0.56555130565539
4,4,12,1,430,0.5796609511598945
4,4,12,1,440,0.5920608406886458
4,4,12,1,450,0.606722422875464
4,4,12,1,460,0.6192170171998441
4,4,12,1,470,0.6573999421671033
4,4,12,1,480,0.6442414540797472
4,4,12,1,490,0.6606244770810008
4,4,12,1,500,0.6724614538252354
4,4,12,1,510,0.6882316181436181
4,4,12,1,520,0.6995473681017756
4,4,12,1,530,0.7119285152293742
4,4,12,1,540,0.7247345088981092
4,4,12,1,550,0.7374080312438309
4,4,12,1,560,0.7528984029777348
4,4,12,1,570,0.76591607183218
4,4,12,1,580,0.7795718531124294
4,4,12,1,590,0.7933588828891516
4,4,12,2,20,0.025384678039699793
4,4,12,2,30,0.03766824025660753
4,4,12,2,40,0.05037291161715984
4,4,12,2,50,0.06297978200018406
4,4,12,2,60,0.07508795289322734
4,4,12,2,70,0.08809666382148862
4,4,12,2,80,0.10060993023216724
4,4,12,2,90,0.11275307508185506
4,4,12,2,100,0.12539182184264064
4,4,12,2,110,0.1377103109844029
4,4,12,2,120,0.1504417941905558
4,4,12,2,130,0.16321627795696259
4,4,12,2,140,0.17540373001247644
4,4,12,2,150,0.18797924695536494
4,4,12,2,160,0.20033303508535028
4,4,12,2,170,0.21328454790636897
4,4,12,2,180,0.22462029289454222
4,4,12,2,190,0.2379834488965571
4,4,12,2,200,0.24945172108709812
4,4,12,2,210,0.2625177362933755
4,4,12,2,220,0.2739401152357459
4,4,12,2,230,0.28844972513616085
4,4,12,2,240,0.2993962080217898
4,4,12,2,250,0.31313527980819345
4,4,12,2,260,0.32379369623959064
4,4,12,2,270,0.3379296259954572
4,4,12,2,280,0.34974074037745595
4,4,12,2,290,0.3621980529278517
4,4,12,2,300,0.3742517400532961
4,4,12,2,310,0.3868175740353763
4,4,12,2,320,0.3990078461356461
4,4,12,2,330,0.4125603260472417
4,4,12,2,340,0.4246819238178432
4,4,12,2,350,0.43535319436341524
4,4,12,2,360,0.4460363802500069
4,4,12,2,370,0.46001337422057986
4,4,12,2,380,0.47130946815013885
4,4,12,2,390,0.4863786301575601
4,4,12,2,400,0.49814750673249364
4,4,12,2,410,0.5097738332115114
4,4,12,2,420,0.5231873160228133
4,4,12,2,430,0.5365538420155644
4,4,12,2,440,0.5451327729970217
4,4,12,2,450,0.5582434223033488
4,4,12,2,460,0.5703553659841418
4,4,12,2,470,0.6345769078470767
4,4,12,2,480,0.595861810259521
4,4,12,2,490,0.6104001509957016
4,4,12,2,500,0.6205515479668975
4,4,12,2,510,0.6365810050629079
4,4,12,2,520,0.6457518041133881
4,4,12,2,530,0.6600188696756959
4,4,12,2,540,0.670990542974323
4,4,12,2,550,0.6834600721485913
4,4,12,2,560,0.6953411032445729
4,4,12,2,570,0.7101410077884793
4,4,12,2,580,0.721164723392576
4,4,12,2,590,0.7370755798183382
5,2,2,1,20,0.02265075221657753
5,2,2,1,30,0.03401411697268486
5,2,2,1,40,0.045345168095082045
5,2,2,1,50,0.05656715668737888
5,2,2,1,60,0.06785629410296679
5,2,2,1,70,0.07920837495476007
5,2,2,1,80,0.09046718664467335
5,2,2,1,90,0.10196855384856462
5,2,2,1,100,0.11276806192472577
5,2,2,1,110,0.12418619403615594
5,2,2,1,120,0.1356281670741737
5,2,2,1,130,0.14703276194632053
5,2,2,1,140,0.15810993127524853
5,2,2,1,150,0.16944375401362777
5,2,2,1,160,0.1805348671041429
5,2,2,1,170,0.19242133758962154
5,2,2,1,180,0.2040643971413374
5,2,2,1,190,0.21505875000730157
5,2,2,1,200,0.22733798436820507
5,2,2,1,210,0.23803686210885644
5,2,2,1,220,0.2498939409852028
5,2,2,1,230,0.2615903280675411
5,2,2,1,240,0.2721357699483633
5,2,2,1,250,0.28370973328128457
5,2,2,1,260,0.2958642728626728
5,2,2,1,270,0.30671771988272667
5,2,2,1,280,0.31793399062007666
5,2,2,1,290,0.3297282620333135
5,2,2,1,300,0.34022009605541825
5,2,2,1,310,0.35150835383683443
5,2,2,1,320,0.36157321790233254
5,2,2,1,330,0.37377355992794037
5,2,2,1,340,0.3859792472794652
5,2,2,1,350,0.3961395062506199
5,2,2,1,360,0.4080525948666036
5,2,2,1,370,0.41927177272737026
5,2,2,1,380,0.4301229170523584
5,2,2,1,390,0.4419277161359787
5,2,2,1,400,0.45303943287581205
5,2,2,1,410,0.4639581353403628
5,2,2,1,420,0.4724387568421662
5,2,2,1,430,0.4867981690913439
5,2,2,1,440,0.497365047223866
5,2,2,1,450,0.5103094722144306
5,2,2,1,460,0.5213999738916755
5,2,2,1,470,0.5312850181944668
5,2,2,1,480,0.5421231240034103
5,2,2,1,490,0.5517926309257746
5,2,2,1,500,0.6208389028906822
5,2,2,1,510,0.5769357411190867
5,2,2,1,520,0.586371339391917
5,2,2,1,530,0.5993752786889672
5,2,2,1,540,0.610239471308887
5,2,2,1,550,0.6204733499325812
5,2,2,1,560,0.633183638099581
5,2,2,1,570,0.6446560882031918
5,2,2,1,580,0.6559880119748414
5,2,2,1,590,0.6670109420083463
5,2,2,2,20,0.022616460919380188
5,2,2,2,30,0.03398846369236708
5,2,2,2,40,0.0453150630928576
5,2,2,2,50,0.0566815217025578
5,2,2,2,60,0.06788190081715584
5,2,2,2,70,0.07905690697953105
5,2,2,2,80,0.09002724476158619
5,2,2,2,90,0.10168357426300645
5,2,2,2,100,0.11273191636428237
5,2,2,2,110,0.12427538493648171
5,2,2,2,120,0.13550686836242676
5,2,2,2,130,0.14678874798119068
5,2,2,2,140,0.15807282319292426
5,2,2,2,150,0.1697628777474165
5,2,2,2,160,0.17954251309856772
5,2,2,2,170,0.1917286841198802
5,2,2,2,180,0.20292724017053843
5,2,2,2,190,0.21424995502457023
5,2,2,2,200,0.22543981298804283
5,2,2,2,210,0.2369146510027349
5,2,2,2,220,0.24810835300013423
5,2,2,2,230,0.2595663429237902
5,2,2,2,240,0.2706578387878835
5,2,2,2,250,0.28216500068083405
5,2,2,2,260,0.29445580299943686
5,2,2,2,270,0.30512638110667467
5,2,2,2,280,0.31612377194687724
5,2,2,2,290,0.3267604340799153
5,2,2,2,300,0.3383318749256432
5,2,2,2,310,0.3485627849586308
5,2,2,2,320,0.360704034101218
5,2,2,2,330,0.37373493798077106
5,2,2,2,340,0.3841106309555471
5,2,2,2,350,0.3966336431913078
5,2,2,2,360,0.40670914435759187
5,2,2,2,370,0.418910528998822
5,2,2,2,380,0.4302389067597687
5,2,2,2,390,0.4690281981602311
5,2,2,2,400,0.45200384594500065
5,2,2,2,410,0.46335403714329004
5,2,2,2,420,0.47540289303287864
5,2,2,2,430,0.4871501079760492
5,2,2,2,440,0.49768715212121606
5,2,2,2,450,0.5096236057579517
5,2,2,2,460,0.5191019442863762
5,2,2,2,470,0.5316995419561863
5,2,2,2,480,0.5433161491528153
5,2,2,2,490,0.554622822906822
5,2,2,2,500,0.5659258710220456
5,2,2,2,510,0.5763910971581936
5,2,2,2,520,0.5872394680045545
5,2,2,2,530,0.5976864560507238
5,2,2,2,540,0.6104545881971717
5,2,2,2,550,0.6230099876411259
5,2,2,2,560,0.6335370359010994
5,2,2,2,570,0.6449682200327516
5,2,2,2,580,0.6555364462547004
5,2,2,2,590,0.666496398858726
5,2,4,1,20,0.022527242079377174
5,2,4,1,30,0.033872838132083416
5,2,4,1,40,0.045152361039072275
5,2,4,1,50,0.05668453127145767
5,2,4,1,60,0.06790124997496605
5,2,4,1,70,0.0792241501621902
5,2,4,1,80,0.09058934496715665
5,2,4,1,90,0.1021681297570467
5,2,4,1,100,0.11337335081771016
5,2,4,1,110,0.1249565570615232
5,2,4,1,120,0.1359655032865703
5,2,4,1,130,0.14797388296574354
5,2,4,1,140,0.15815643221139908
5,2,4,1,150,0.17023336933925748
5,2,4,1,160,0.18122332729399204
5,2,4,1,170,0.192612839397043
5,2,4,1,180,0.2030183607712388
5,2,4,1,190,0.2144234641455114
5,2,4,1,200,0.22594043193385005
5,2,4,1,210,0.23774556210264564
5,2,4,1,220,0.24884136114269495
5,2,4,1,230,0.261110276915133
5,2,4,1,240,0.2716912548057735
5,2,4,1,250,0.2828893419355154
5,2,4,1,260,0.29302837373688817
5,2,4,1,270,0.30557651026174426
5,2,4,1,280,0.3165884050540626
5,2,4,1,290,0.3286624760366976
5,2,4,1,300,0.3399001471698284
5,2,4,1,310,0.3500883476808667
5,2,4,1,320,0.3616869458928704
5,2,4,1,330,0.37355812918394804
5,2,4,1,340,0.38343471894040704
5,2,4,1,350,0.39598375698551536
5,2,4,1,360,0.4074689941480756
5,2,4,1,370,0.4195546586997807
5,2,4,1,380,0.42887632409110665
5,2,4,1,390,0.44147213688120246
5,2,4,1,400,0.45286855613812804
5,2,4,1,410,0.46443377900868654
5,2,4,1,420,0.47579408809542656
5,2,4,1,430,0.4872087682597339
5,2,4,1,440,0.5042304168455303
5,2,4,1,450,0.5582762802951038
5,2,4,1,460,0.5207697208970785
5,2,4,1,470,0.5314869424328208
5,2,4,1,480,0.5424578487873077
5,2,4,1,490,0.5540595892816782
5,2,4,1,500,0.564722403883934
5,2,4,1,510,0.577217023819685
5,2,4,1,520,0.5872666668146849
5,2,4,1,530,0.6006185449659824
5,2,4,1,540,0.6129385232925415
5,2,4,1,550,0.6212890651077032
5,2,4,1,560,0.6327154329046607
5,2,4,1,570,0.6459155823104084
5,2,4,1,580,0.6560824741609395
5,2,4,1,590,0.668459446169436
5,2,4,2,20,0.022607492748647928
5,2,4,2,30,0.03411742486059666
5,2,4,2,40,0.04528619581833482
5,2,4,2,50,0.0565403257496655
5,2,4,2,60,0.06759499991312623
5,2,4,2,70,0.07931170472875237
5,2,4,2,80,0.09061474213376641
5,2,4,2,90,0.10163415689021349
5,2,4,2,100,0.11273955227807164
5,2,4,2,110,0.12454545591026545
5,2,4,2,120,0.13558313576504588
5,2,4,2,130,0.14734672009944916
5,2,4,2,140,0.15849324129521847
5,2,4,2,150,0.16957845585420728
5,2,4,2,160,0.1808001180179417
5,2,4,2,170,0.19298430206254125
5,2,4,2,180,0.20279273996129632
5,2,4,2,190,0.2153246970847249
5,2,4,2,200,0.22602498158812523
5,2,4,2,210,0.23834942700341344
5,2,4,2,220,0.2493909951299429
5,2,4,2,230,0.26094923075288534
5,2,4,2,240,0.27123504085466266
5,2,4,2,250,0.2827801061794162
5,2,4,2,260,0.2945869332179427
5,2,4,2,270,0.3061959068290889
5,2,4,2,280,0.3163650082424283
5,2,4,2,290,0.32816656678915024
5,2,4,2,300,0.3392484192736447
5,2,4,2,310,0.3506427085958421
5,2,4,2,320,0.3621683749370277
5,2,4,2,330,0.37321837432682514
5,2,4,2,340,0.38450991502031684
5,2,4,2,350,0.39623422315344214
5,2,4,2,360,0.40694471867755055
5,2,4,2,370,0.4185287212021649
5,2,4,2,380,0.42897185729816556
5,2,4,2,390,0.4420101107098162
5,2,4,2,400,0.4522938597947359
5,2,4,2,410,0.46398282796144485
5,2,4,2,420,0.4751945799216628
5,2,4,2,430,0.48701801523566246
5,2,4,2,440,0.49833070393651724
5,2,4,2,450,0.5099644288420677
5,2,4,2,460,0.520945006981492
5,2,4,2,470,0.5310996691696346
5,2,4,2,480,0.543452347163111
5,2,4,2,490,0.5582355759106576
5,2,4,2,500,0.621096455026418
5,2,4,2,510,0.5776939080096781
5,2,4,2,520,0.5881422739475965
5,2,4,2,530,0.6000324310734868
5,2,4,2,540,0.6106368163600564
5,2,4,2,550,0.6234297310002148
5,2,4,2,560,0.6337081198580563
5,2,4,2,570,0.6445994479581714
5,2,4,2,580,0.6554957712069154
5,2,4,2,590,0.6680519208312035
5,2,6,1,20,0.022687645629048347
5,2,6,1,30,0.034030188806355
5,2,6,1,40,0.045178744941949844
5,2,6,1,50,0.05654105730354786
5,2,6,1,60,0.06767130363732576
5,2,6,1,70,0.07928733713924885
5,2,6,1,80,0.09056059503927827
5,2,6,1,90,0.1020574988797307
5,2,6,1,100,0.1129764849320054
5,2,6,1,110,0.12423930317163467
5,2,6,1,120,0.13629243103787303
5,2,6,1,130,0.14712846791371703
5,2,6,1,140,0.15817644307389855
5,2,6,1,150,0.1702734581194818
5,2,6,1,160,0.1809139489196241
5,2,6,1,170,0.1930912029929459
5,2,6,1,180,0.20316717820242047
5,2,6,1,190,0.21495741372928023
5,2,6,1,200,0.2259835060685873
5,2,6,1,210,0.23799301916733384
5,2,6,1,220,0.24832937819883227
5,2,6,1,230,0.2603576662950218
5,2,6,1,240,0.2714666370302439
5,2,6,1,250,0.2827083319425583
5,2,6,1,260,0.2948570582084358
5,2,6,1,270,0.3053483641706407
5,2,6,1,280,0.31638782005757093
5,2,6,1,290,0.3293257812038064
5,2,6,1,300,0.33900878485292196
5,2,6,1,310,0.3493883367627859
5,2,6,1,320,0.3608372141607106
5,2,6,1,330,0.3734729769639671
5,2,6,1,340,0.3843364370986819
5,2,6,1,350,0.3972736611030996
5,2,6,1,360,0.40773267298936844
5,2,6,1,370,0.41910149715840816
5,2,6,1,380,0.45792421139776707
5,2,6,1,390,0.4413627749308944
5,2,6,1,400,0.4516100841574371
5,2,6,1,410,0.46423213509842753
5,2,6,1,420,0.4741729348897934
5,2,6,1,430,0.48629725724458694
5,2,6,1,440,0.49879504507407546
5,2,6,1,450,0.5105467890389264
5,2,6,1,460,0.5226790350861847
5,2,6,1,470,0.533465342130512
5,2,6,1,480,0.5451297098770738
5,2,6,1,490,0.5562565489672124
5,2,6,1,500,0.5679901749826968
5,2,6,1,510,0.5798779176548123
5,2,6,1,520,0.5907256528735161
5,2,6,1,530,0.6020846152678132
5,2,6,1,540,0.6129725202918053
5,2,6,1,550,0.6235975632444024
5,2,6,1,560,0.6355077559128404
5,2,6,1,570,0.64639035705477
5,2,6,1,580,0.6577029810287058
5,2,6,1,590,0.6696151099167764
5,2,6,2,20,0.022771085146814585
5,2,6,2,30,0.03393631102517247
5,2,6,2,40,0.04524883534759283
5,2,6,2,50,0.05664778733626008
5,2,6,2,60,0.06839128211140633
5,2,6,2,70,0.07965003186836839
5,2,6,2,80,0.09086869796738029
5,2,6,2,90,0.10261805402114987
5,2,6,2,100,0.11356145096942782
5,2,6,2,110,0.12484615994617343
5,2,6,2,120,0.13638390973210335
5,2,6,2,130,0.1476485407911241
5,2,6,2,140,0.15911415684968233
5,2,6,2,150,0.17076297430321574
5,2,6,2,160,0.1825457699596882
5,2,6,2,170,0.19301415281370282
5,2,6,2,180,0.20400968426838517
5,2,6,2,190,0.215962884016335
5,2,6,2,200,0.2277694996446371
5,2,6,2,210,0.23890182934701443
5,2,6,2,220,0.2494024420157075
5,2,6,2,230,0.26103688310831785
5,2,6,2,240,0.272867483086884
5,2,6,2,250,0.28356442507356405
5,2,6,2,260,0.2942922539077699
5,2,6,2,270,0.306391229853034
5,2,6,2,280,0.31752604711800814
5,2,6,2,290,0.32981482008472085
5,2,6,2,300,0.33927023876458406
5,2,6,2,310,0.35199137357994914
5,2,6,2,320,0.3627277039922774
5,2,6,2,330,0.37545697297900915
5,2,6,2,340,0.3861920079216361
5,2,6,2,350,0.3975829049013555
5,2,6,2,360,0.4071730221621692
5,2,6,2,370,0.42059280909597874
5,2,6,2,380,0.42964066099375486
5,2,6,2,390,0.4422890362329781
5,2,6,2,400,0.4537338991649449
5,2,6,2,410,0.4657914265990257
5,2,6,2,420,0.47651978163048625
5,2,6,2,430,0.5135848671197891
5,2,6,2,440,0.5289286761544645
5,2,6,2,450,0.5116588757373393
5,2,6,2,460,0.5223766220733523
5,2,6,2,470,0.534101293887943
5,2,6,2,480,0.5449179327115417
5,2,6,2,490,0.5552759789861739
5,2,6,2,500,0.5655954838730395
5,2,6,2,510,0.5782027528621256
5,2,6,2,520,0.590842345263809
5,2,6,2,530,0.6019873660989106
5,2,6,2,540,0.6120332288555801
5,2,6,2,550,0.6256178789772093
5,2,6,2,560,0.6358675989322364
5,2,6,2,570,0.6493025510571897
5,2,6,2,580,0.6588475229218602
5,2,6,2,590,0.6714033191092312
5,2,8,1,20,0.022895346861332655
5,2,8,1,30,0.034172946121543646
5,2,8,1,40,0.045390207786113024
5,2,8,1,50,0.056887838058173656
5,2,8,1,60,0.06821783585473895
5,2,8,1,70,0.07973284693434834
5,2,8,1,80,0.09095753077417612
5,2,8,1,90,0.10268971975892782
5,2,8,1,100,0.11397474398836493
5,2,8,1,110,0.1251292540691793
5,2,8,1,120,0.1365131800994277
5,2,8,1,130,0.14789014216512442
5,2,8,1,140,0.15968260914087296
5,2,8,1,150,0.17096010223031044
5,2,8,1,160,0.1820899243466556
5,2,8,1,170,0.19331400794908404
5,2,8,1,180,0.20427305297926068
5,2,8,1,190,0.21573028899729252
5,2,8,1,200,0.2265974059700966
5,2,8,1,210,0.2387714870274067
5,2,8,1,220,0.24979926832020283
5,2,8,1,230,0.26177108101546764
5,2,8,1,240,0.2721669818274677
5,2,8,1,250,0.28433458786457777
5,2,8,1,260,0.2951174648478627
5,2,8,1,270,0.306157642044127
5,2,8,1,280,0.3179264832288027
5,2,8,1,290,0.3299640309996903
5,2,8,1,300,0.34020212665200233
5,2,8,1,310,0.35231661796569824
5,2,8,1,320,0.36363576212897897
5,2,8,1,330,0.3735291203483939
5,2,8,1,340,0.38647662196308374
5,2,8,1,350,0.3967705420218408
5,2,8,1,360,0.4099100478924811
5,2,8,1,370,0.41984405601397157
5,2,8,1,380,0.4320530709810555
5,2,8,1,390,0.4425901058129966
5,2,8,1,400,0.4543911679647863
5,2,8,1,410,0.46567243291065097
5,2,8,1,420,0.47705228300765157
5,2,8,1,430,0.4889054149389267
5,2,8,1,440,0.500364086125046
5,2,8,1,450,0.5120316231623292
5,2,8,1,460,0.5225159069523215
5,2,8,1,470,0.5343518471345305
5,2,8,1,480,0.6000639069825411
5,2,8,1,490,0.5578814190812409
5,2,8,1,500,0.5676755933091044
5,2,8,1,510,0.5804574731737375
5,2,8,1,520,0.5909044328145683
5,2,8,1,530,0.6021020929329097
5,2,8,1,540,0.6141217281110585
5,2,8,1,550,0.623986286111176
5,2,8,1,560,0.6376649718731642
5,2,8,1,570,0.6469322321936488
5,2,8,1,580,0.6582807986997068
5,2,8,1,590,0.6703007770702243
5,2,8,2,20,0.02284540282562375
5,2,8,2,30,0.03407992282882333
5,2,8,2,40,0.04543472221121192
5,2,8,2,50,0.056991000194102526
5,2,8,2,60,0.06820386275649071
5,2,8,2,70,0.07954057492315769
5,2,8,2,80,0.09102531103417277
5,2,8,2,90,0.10248163715004921
5,2,8,2,100,0.11374958278611302
5,2,8,2,110,0.12517910217866302
5,2,8,2,120,0.13619967876002192
5,2,8,2,130,0.14808158623054624
5,2,8,2,140,0.1595363817177713
5,2,8,2,150,0.1707580452784896
5,2,8,2,160,0.1817754846997559
5,2,8,2,170,0.19279266893863678
5,2,8,2,180,0.2041204208508134
5,2,8,2,190,0.2159787230193615
5,2,8,2,200,0.2269675089046359
5,2,8,2,210,0.23942440934479237
5,2,8,2,220,0.2501369430683553
5,2,8,2,230,0.26220553694292903
5,2,8,2,240,0.27229505917057395
5,2,8,2,250,0.2834829678758979
5,2,8,2,260,0.2932611480355263
5,2,8,2,270,0.30557450093328953
5,2,8,2,280,0.31782068964093924
5,2,8,2,290,0.3285177289508283
5,2,8,2,300,0.3397679883055389
5,2,8,2,310,0.35250897891819477
5,2,8,2,320,0.36284492863342166
5,2,8,2,330,0.37497406220063567
5,2,8,2,340,0.38489918876439333
5,2,8,2,350,0.39713271986693144
5,2,8,2,360,0.4365515001118183
5,2,8,2,370,0.4185742740519345
5,2,8,2,380,0.4320117086172104
5,2,8,2,390,0.44354977598413825
5,2,8,2,400,0.4541048570536077
5,2,8,2,410,0.4642105423845351
5,2,8,2,420,0.47615273064002395
5,2,8,2,430,0.4872384131886065
5,2,8,2,440,0.49754752591252327
5,2,8,2,450,0.512567759025842
5,2,8,2,460,0.5218780231662095
5,2,8,2,470,0.5319380727596581
5,2,8,2,480,0.5442584990523756
5,2,8,2,490,0.5558083946816623
5,2,8,2,500,0.5697574438527226
5,2,8,2,510,0.5796697968617082
5,2,8,2,520,0.5897556710988283
5,2,8,2,530,0.6014996632002294
5,2,8,2,540,0.613021622877568
5,2,8,2,550,0.6245921589434147
5,2,8,2,560,0.6338884308934212
5,2,8,2,570,0.6472418741323054
5,2,8,2,580,0.6590049881488085
5,2,8,2,590,0.6692582881078124
5,2,10,1,20,0.022816594690084457
5,2,10,1,30,0.034052461851388216
5,2,10,1,40,0.045491987839341164
5,2,10,1,50,0.05684817722067237
5,2,10,1,60,0.06807471020147204
5,2,10,1,70,0.07976121827960014
5,2,10,1,80,0.0912219132296741
5,2,10,1,90,0.10290674492716789
5,2,10,1,100,0.11400655517354608
5,2,10,1,110,0.12547216098755598
5,2,10,1,120,0.13664094917476177
5,2,10,1,130,0.14775082236155868
5,2,10,1,140,0.1596518000587821
5,2,10,1,150,0.17122315196320415
5,2,10,1,160,0.1817636350169778
5,2,10,1,170,0.19377703499048948
5,2,10,1,180,0.20541903097182512
5,2,10,1,190,0.21730055892840028
5,2,10,1,200,0.22825233777984977
5,2,10,1,210,0.24030483094975352
5,2,10,1,220,0.25074748881161213
5,2,10,1,230,0.26284359116107225
5,2,10,1,240,0.27376485988497734
5,2,10,1,250,0.284767578355968
5,2,10,1,260,0.29619145905599
5,2,10,1,270,0.30775940231978893
5,2,10,1,280,0.31916266214102507
5,2,10,1,290,0.33009273698553443
5,2,10,1,300,0.3417030987329781
5,2,10,1,310,0.35316854203119874
5,2,10,1,320,0.3648431352339685
5,2,10,1,330,0.3766448409296572
5,2,10,1,340,0.38666820898652077
5,2,10,1,350,0.39896074682474136
5,2,10,1,360,0.4101779293268919
5,2,10,1,370,0.4228079286403954
5,2,10,1,380,0.43313766503706574
5,2,10,1,390,0.4467691918835044
5,2,10,1,400,0.4569711717776954
5,2,10,1,410,0.4678465314209461
5,2,10,1,420,0.5330008789896965
5,2,10,1,430,0.49085799837484956
5,2,10,1,440,0.5014273808337748
5,2,10,1,450,0.5144398543052375
5,2,10,1,460,0.5246743359602988
5,2,10,1,470,0.5367277739569545
5,2,10,1,480,0.5470839920453727
5,2,10,1,490,0.5581566179171205
5,2,10,1,500,0.5676863957196474
5,2,10,1,510,0.5790448170155287
5,2,10,1,520,0.5902057820931077
5,2,10,1,530,0.6023047189228237
5,2,10,1,540,0.612723910715431
5,2,10,1,550,0.6289006238803267
5,2,10,1,560,0.6368045271374285
5,2,10,1,570,0.6503075659275055
5,2,10,1,580,0.6621524328365922
5,2,10,1,590,0.6728132697753608
5,2,10,2,20,0.022787395864725113
5,2,10,2,30,0.03448386676609516
5,2,10,2,40,0.04550743708387017
5,2,10,2,50,0.05750083830207586
5,2,10,2,60,0.06806317297741771
5,2,10,2,70,0.07987520704045892
5,2,10,2,80,0.09089302364736795
5,2,10,2,90,0.10272412095218897
5,2,10,2,100,0.11367801018059254
5,2,10,2,110,0.125136808026582
5,2,10,2,120,0.13723501795902848
5,2,10,2,130,0.1485064928419888
5,2,10,2,140,0.15991691499948502
5,2,10,2,150,0.17106440477073193
5,2,10,2,160,0.1834935792721808
5,2,10,2,170,0.19465036876499653
5,2,10,2,180,0.20585604663938284
5,2,10,2,190,0.2174269468523562
5,2,10,2,200,0.22840712824836373
5,2,10,2,210,0.24026597384363413
5,2,10,2,220,0.25098408991470933
5,2,10,2,230,0.2630623131990433
5,2,10,2,240,0.2746024332009256
5,2,10,2,250,0.2847805982455611
5,2,10,2,260,0.29654182493686676
5,2,10,2,270,0.3083542129024863
5,2,10,2,280,0.32006887113675475
5,2,10,2,290,0.33161303400993347
5,2,10,2,300,0.34309449000284076
5,2,10,2,310,0.3534346651285887
5,2,10,2,320,0.36484549287706614
5,2,10,2,330,0.3768265158869326
5,2,10,2,340,0.38886179495602846
5,2,10,2,350,0.40047155413776636
5,2,10,2,360,0.4108338626101613
5,2,10,2,370,0.4230791009031236
5,2,10,2,380,0.4335299162194133
5,2,10,2,390,0.444900318980217
5,2,10,2,400,0.45548376021906734
5,2,10,2,410,0.4684330471791327
5,2,10,2,420,0.4818825642578304
5,2,10,2,430,0.49136587884277105
5,2,10,2,440,0.5023290337994695
5,2,10,2,450,0.5148036908358335
5,2,10,2,460,0.5240837847813964
5,2,10,2,470,0.58916882192716
5,2,10,2,480,0.5534355831332505
5,2,10,2,490,0.5603749160654843
5,2,10,2,500,0.5705838361755013
5,2,10,2,510,0.5809570178389549
5,2,10,2,520,0.5938607226125896
5,2,10,2,530,0.6040499066002667
5,2,10,2,540,0.6158739952370524
5,2,10,2,550,0.6299088899977505
5,2,10,2,560,0.6398284886963665
5,2,10,2,570,0.6504465439356863
5,2,10,2,580,0.6621933532878757
5,2,10,2,590,0.6741593731567264
5,2,12,1,20,0.023041061125695705
5,2,12,1,30,0.03449157392606139
5,2,12,1,40,0.04616127023473382
5,2,12,1,50,0.05758105078712106
5,2,12,1,60,0.06896074721589684
5,2,12,1,70,0.08077101968228817
5,2,12,1,80,0.09160602604970336
5,2,12,1,90,0.10346406884491444
5,2,12,1,100,0.1145755099132657
5,2,12,1,110,0.12623391160741448
5,2,12,1,120,0.13735962519422174
5,2,12,1,130,0.14890152122825384
5,2,12,1,140,0.16092889895662665
5,2,12,1,150,0.17244536196812987
5,2,12,1,160,0.1834886590950191
5,2,12,1,170,0.19586553797125816
5,2,12,1,180,0.20653271907940507
5,2,12,1,190,0.21900763735175133
5,2,12,1,200,0.23027767706662416
5,2,12,1,210,0.2423424869775772
5,2,12,1,220,0.2534134201705456
5,2,12,1,230,0.26477955374866724
5,2,12,1,240,0.2761413427069783
5,2,12,1,250,0.2878611530177295
5,2,12,1,260,0.2992678270675242
5,2,12,1,270,0.3114762669429183
5,2,12,1,280,0.3231803518719971
5,2,12,1,290,0.3340722699649632
5,2,12,1,300,0.34604251105338335
5,2,12,1,310,0.35868503898382187
5,2,12,1,320,0.36758053582161665
5,2,12,1,330,0.38114043697714806
5,2,12,1,340,0.42010050686076283
5,2,12,1,350,0.40353410923853517
5,2,12,1,360,0.4143956103362143
5,2,12,1,370,0.4270978132262826
5,2,12,1,380,0.43811782309785485
5,2,12,1,390,0.44907181430608034
5,2,12,1,400,0.46126334043219686
5,2,12,1,410,0.4713172856718302
5,2,12,1,420,0.4830813459120691
5,2,12,1,430,0.4961461736820638
5,2,12,1,440,0.5058619291521609
5,2,12,1,450,0.5198571500368416
5,2,12,1,460,0.5280740959569812
5,2,12,1,470,0.5428476799279451
5,2,12,1,480,0.5514596230350435
5,2,12,1,490,0.5649810018949211
5,2,12,1,500,0.5753542291931808
5,2,12,1,510,0.5868784938938916
5,2,12,1,520,0.598901032935828
5,2,12,1,530,0.6122214086353779
5,2,12,1,540,0.6195127498358488
5,2,12,1,550,0.6326462300494313
5,2,12,1,560,0.6432261941954494
5,2,12,1,570,0.6545980433002114
5,2,12,1,580,0.6665810183621943
5,2,12,1,590,0.6783519349992275
5,2,12,2,20,0.02295842207968235
5,2,12,2,30,0.03453911701217294
5,2,12,2,40,0.045831359922885895
5,2,12,2,50,0.05756509304046631
5,2,12,2,60,0.06885012378916144
5,2,12,2,70,0.08015908300876617
5,2,12,2,80,0.09151650499552488
5,2,12,2,90,0.10309166787192225
5,2,12,2,100,0.11474428605288267
5,2,12,2,110,0.12644798681139946
5,2,12,2,120,0.13671241886913776
5,2,12,2,130,0.14853207534179091
5,2,12,2,140,0.16154540982097387
5,2,12,2,150,0.1736156609840691
5,2,12,2,160,0.18421526299789548
5,2,12,2,170,0.19566798582673073
5,2,12,2,180,0.20717619406059384
5,2,12,2,190,0.2189055848866701
5,2,12,2,200,0.23045336501672864
5,2,12,2,210,0.2415667730383575
5,2,12,2,220,0.25314543722197413
5,2,12,2,230,0.2654331000521779
5,2,12,2,240,0.27707768185064197
5,2,12,2,250,0.2884607519954443
5,2,12,2,260,0.2995126945897937
5,2,12,2,270,0.31104211462661624
5,2,12,2,280,0.32284580916166306
5,2,12,2,290,0.3343956549651921
5,2,12,2,300,0.34581027599051595
5,2,12,2,310,0.3577068569138646
5,2,12,2,320,0.36822170903906226
5,2,12,2,330,0.38109429320320487
5,2,12,2,340,0.39089678786695004
5,2,12,2,350,0.40311128087341785
5,2,12,2,360,0.41377731831744313
5,2,12,2,370,0.42470338800922036
5,2,12,2,380,0.43714176723733544
5,2,12,2,390,0.4481417126953602
5,2,12,2,400,0.49974758410826325
5,2,12,2,410,0.4843429862521589
5,2,12,2,420,0.4812403880059719
5,2,12,2,430,0.4941672612912953
5,2,12,2,440,0.5052040130831301
5,2,12,2,450,0.5181397260166705
5,2,12,2,460,0.5293821389786899
5,2,12,2,470,0.5406369771808386
5,2,12,2,480,0.5518078813329339
5,2,12,2,490,0.5755815329030156
5,2,12,2,500,0.5726823676377535
5,2,12,2,510,0.586825089994818
5,2,12,2,520,0.5970173086971045
5,2,12,2,530,0.6100848196074367
5,2,12,2,540,0.6221861066296697
5,2,12,2,550,0.6338432752527297
5,2,12,2,560,0.6445892150513828
5,2,12,2,570,0.6551471832208335
5,2,12,2,580,0.6675375569611788
5,2,12,2,590,0.6812911331653595
5,3,2,1,20,0.02265148889273405
5,3,2,1,30,0.034027327317744493
5,3,2,1,40,0.04537862911820412
5,3,2,1,50,0.056730799842625856
5,3,2,1,60,0.0682371691800654
5,3,2,1,70,0.07949667098000646
5,3,2,1,80,0.09065389866009355
5,3,2,1,90,0.10242766235023737
5,3,2,1,100,0.11296452907845378
5,3,2,1,110,0.12499371962621808
5,3,2,1,120,0.13619802799075842
5,3,2,1,130,0.14727200102061033
5,3,2,1,140,0.1594907701946795
5,3,2,1,150,0.17147187236696482
5,3,2,1,160,0.18106138613075018
5,3,2,1,170,0.1930679241195321
5,3,2,1,180,0.20361929386854172
5,3,2,1,190,0.21566334599629045
5,3,2,1,200,0.22723358403891325
5,3,2,1,210,0.23814235720783472
5,3,2,1,220,0.24931994592770934
5,3,2,1,230,0.2613106151111424
5,3,2,1,240,0.27361960895359516
5,3,2,1,250,0.28530388604849577
5,3,2,1,260,0.29758118698373437
5,3,2,1,270,0.3079312830232084
5,3,2,1,280,0.31860937597230077
5,3,2,1,290,0.32888669008389115
5,3,2,1,300,0.34070692397654057
5,3,2,1,310,0.35197303676977754
5,3,2,1,320,0.3652329947799444
5,3,2,1,330,0.3756957449950278
5,3,2,1,340,0.3899202770553529
5,3,2,1,350,0.3969146176241338
5,3,2,1,360,0.41028735041618347
5,3,2,1,370,0.418893301859498
5,3,2,1,380,0.43092171289026737
5,3,2,1,390,0.44275363394990563
5,3,2,1,400,0.4542526388540864
5,3,2,1,410,0.4639290301129222
5,3,2,1,420,0.4751092600636184
5,3,2,1,430,0.4876916082575917
5,3,2,1,440,0.49822986824437976
5,3,2,1,450,0.5090580158866942
5,3,2,1,460,0.5192180569283664
5,3,2,1,470,0.5307555529288948
5,3,2,1,480,0.5432040877640247
5,3,2,1,490,0.5579539528116584
5,3,2,1,500,0.5666881469078362
5,3,2,1,510,0.5774383866228163
5,3,2,1,520,0.5888302125968039
5,3,2,1,530,0.6015469515696168
5,3,2,1,540,0.614158530253917
5,3,2,1,550,0.62594971107319
5,3,2,1,560,0.6373148052953184
5,3,2,1,570,0.6474353638477623
5,3,2,1,580,0.6573715419508517
5,3,2,1,590,0.6723416871391237
5,3,2,2,20,0.0226617562584579
5,3,2,2,30,0.03406003303825855
5,3,2,2,40,0.045469102915376425
5,3,2,2,50,0.056759774684906006
5,3,2,2,60,0.06780384900048375
5,3,2,2,70,0.0799497039988637
5,3,2,2,80,0.09090260695666075
5,3,2,2,90,0.10282845515757799
5,3,2,2,100,0.11344948131591082
5,3,2,2,110,0.12488100910559297
5,3,2,2,120,0.13627181807532907
5,3,2,2,130,0.14790796814486384
5,3,2,2,140,0.15960389003157616
5,3,2,2,150,0.1705831540748477
5,3,2,2,160,0.18174773082137108
5,3,2,2,170,0.1923028607852757
5,3,2,2,180,0.20396462315693498
5,3,2,2,190,0.2149659781716764
5,3,2,2,200,0.22664811229333282
5,3,2,2,210,0.2373925717547536
5,3,2,2,220,0.2490638829767704
5,3,2,2,230,0.2608008002862334
5,3,2,2,240,0.2718922565691173
5,3,2,2,250,0.28275268943980336
5,3,2,2,260,0.29477175092324615
5,3,2,2,270,0.3060349654406309
5,3,2,2,280,0.31767625687643886
5,3,2,2,290,0.3297069347463548
5,3,2,2,300,0.3403181191533804
5,3,2,2,310,0.3506179889664054
5,3,2,2,320,0.36281075514853
5,3,2,2,330,0.3746077031828463
5,3,2,2,340,0.3865308649837971
5,3,2,2,350,0.3991247620433569
5,3,2,2,360,0.41000765888020396
5,3,2,2,370,0.42051502130925655
5,3,2,2,380,0.4313834495842457
5,3,2,2,390,0.44382688170298934
5,3,2,2,400,0.45395479490980506
5,3,2,2,410,0.46682199323549867
5,3,2,2,420,0.47703793505206704
5,3,2,2,430,0.49024528823792934
5,3,2,2,440,0.49872145615518093
5,3,2,2,450,0.5107191600836813
5,3,2,2,460,0.5198444053530693
5,3,2,2,470,0.5329110883176327
5,3,2,2,480,0.5427147666923702
5,3,2,2,490,0.5585483331233263
5,3,2,2,500,0.5652561779133976
5,3,2,2,510,0.5793699878267944
5,3,2,2,520,0.5902828173711896
5,3,2,2,530,0.6017708801664412
5,3,2,2,540,0.6127371471375227
5,3,2,2,550,0.6221197140403092
5,3,2,2,560,0.6344899293035269
5,3,2,2,570,0.6449512387625873
5,3,2,2,580,0.65729596093297
5,3,2,2,590,0.6701032859273255
5,3,4,1,20,0.0227234591729939
5,3,4,1,30,0.034180267713963985
5,3,4,1,40,0.04543952504172921
5,3,4,1,50,0.05695149069651961
5,3,4,1,60,0.06832408998161554
5,3,4,1,70,0.07963603595271707
5,3,4,1,80,0.09115475695580244
5,3,4,1,90,0.1020507700741291
5,3,4,1,100,0.113578244112432
5,3,4,1,110,0.12516461918130517
5,3,4,1,120,0.13604567106813192
5,3,4,1,130,0.14758850634098053
5,3,4,1,140,0.15926136914640665
5,3,4,1,150,0.17106555122882128
5,3,4,1,160,0.18222816102206707
5,3,4,1,170,0.19386545196175575
5,3,4,1,180,0.20422171708196402
5,3,4,1,190,0.21572872204706073
5,3,4,1,200,0.22730846889317036
5,3,4,1,210,0.23829794907942414
5,3,4,1,220,0.2489297050051391
5,3,4,1,230,0.2612452181056142
5,3,4,1,240,0.27245495095849037
5,3,4,1,250,0.28411755990237
5,3,4,1,260,0.2965967101044953
5,3,4,1,270,0.30725040566176176
5,3,4,1,280,0.31803015107288957
5,3,4,1,290,0.32921256544068456
5,3,4,1,300,0.33976346626877785
5,3,4,1,310,0.35114898439496756
5,3,4,1,320,0.3628148203715682
5,3,4,1,330,0.3738577673211694
5,3,4,1,340,0.3859964059665799
5,3,4,1,350,0.39795196801424026
5,3,4,1,360,0.4067843300290406
5,3,4,1,370,0.4188612401485443
5,3,4,1,380,0.4300934378989041
5,3,4,1,390,0.44226493034511805
5,3,4,1,400,0.454104560893029
5,3,4,1,410,0.4655240783467889
5,3,4,1,420,0.4770593820139766
5,3,4,1,430,0.48887324007228017
5,3,4,1,440,0.50091457599774
5,3,4,1,450,0.5110846748575568
5,3,4,1,460,0.5200747447088361
5,3,4,1,470,0.533802785910666
5,3,4,1,480,0.5431479620747268
5,3,4,1,490,0.5537967416457832
5,3,4,1,500,0.5671256841160357
5,3,4,1,510,0.5792626976035535
5,3,4,1,520,0.5877376780845225
5,3,4,1,530,0.6051422939635813
5,3,4,1,540,0.6129159079864621
5,3,4,1,550,0.6263070302084088
5,3,4,1,560,0.6361276837997139
5,3,4,1,570,0.6491375071927905
5,3,4,1,580,0.6581922522746027
5,3,4,1,590,0.6721878657117486
5,3,4,2,20,0.022670093923807144
5,3,4,2,30,0.034325990825891495
5,3,4,2,40,0.045605132821947336
5,3,4,2,50,0.05675541562959552
5,3,4,2,60,0.0680794264189899
5,3,4,2,70,0.07947952393442392
5,3,4,2,80,0.09084104001522064
5,3,4,2,90,0.10241551324725151
5,3,4,2,100,0.1137081771157682
5,3,4,2,110,0.1251309011131525
5,3,4,2,120,0.13605721294879913
5,3,4,2,130,0.1478610853664577
5,3,4,2,140,0.1593395872041583
5,3,4,2,150,0.17222461011260748
5,3,4,2,160,0.18174289586022496
5,3,4,2,170,0.19247638620436192
5,3,4,2,180,0.20377857564017177
5,3,4,2,190,0.21650158008560538
5,3,4,2,200,0.22681709565222263
5,3,4,2,210,0.23816473502665758
5,3,4,2,220,0.24984169704839587
5,3,4,2,230,0.2612363318912685
5,3,4,2,240,0.2719843671657145
5,3,4,2,250,0.28407560708001256
5,3,4,2,260,0.2948450609110296
5,3,4,2,270,0.3076120400801301
5,3,4,2,280,0.3179442686960101
5,3,4,2,290,0.32951080799102783
5,3,4,2,300,0.3390811197459698
5,3,4,2,310,0.3512119953520596
5,3,4,2,320,0.36305390298366547
5,3,4,2,330,0.37573463236913085
5,3,4,2,340,0.3851728602312505
5,3,4,2,350,0.39747294411063194
5,3,4,2,360,0.40844927029684186
5,3,4,2,370,0.4205175181850791
5,3,4,2,380,0.4299857970327139
5,3,4,2,390,0.44320683274418116
5,3,4,2,400,0.4547801841981709
5,3,4,2,410,0.4669526172801852
5,3,4,2,420,0.47807864286005497
5,3,4,2,430,0.48945103073492646
5,3,4,2,440,0.4980992851778865
5,3,4,2,450,0.5105977058410645
5,3,4,2,460,0.5210623973980546
5,3,4,2,470,0.532401692122221
5,3,4,2,480,0.5439771772362292
5,3,4,2,490,0.5565940281376243
5,3,4,2,500,0.5682384399697185
5,3,4,2,510,0.5788744981400669
5,3,4,2,520,0.5901611559092999
5,3,4,2,530,0.6023326790891588
5,3,4,2,540,0.6113275811076164
5,3,4,2,550,0.6243492881767452
5,3,4,2,560,0.635512120090425
5,3,4,2,570,0.6483612321317196
5,3,4,2,580,0.6592650949023664
5,3,4,2,590,0.6713666459545493
5,3,6,1,20,0.02272314904257655
5,3,6,1,30,0.03409476112574339
5,3,6,1,40,0.04529878869652748
5,3,6,1,50,0.05677693197503686
5,3,6,1,60,0.06821852084249258
5,3,6,1,70,0.07943455874919891
5,3,6,1,80,0.090967474039644
5,3,6,1,90,0.10267704213038087
5,3,6,1,100,0.11383841373026371
5,3,6,1,110,0.12488253507763147
5,3,6,1,120,0.13641574187204242
5,3,6,1,130,0.14823855319991708
5,3,6,1,140,0.15851775417104363
5,3,6,1,150,0.170431659091264
5,3,6,1,160,0.18188169598579407
5,3,6,1,170,0.19270214531570673
5,3,6,1,180,0.20431607402861118
5,3,6,1,190,0.2163553861901164
5,3,6,1,200,0.22750764805823565
5,3,6,1,210,0.239023313857615
5,3,6,1,220,0.2503948821686208
5,3,6,1,230,0.26162895699962974
5,3,6,1,240,0.27231238782405853
5,3,6,1,250,0.2843721439130604
5,3,6,1,260,0.2962061818689108
5,3,6,1,270,0.3080351580865681
5,3,6,1,280,0.3177849408239126
5,3,6,1,290,0.33040827699005604
5,3,6,1,300,0.3394916602410376
5,3,6,1,310,0.35242358315736055
5,3,6,1,320,0.3628711081109941
5,3,6,1,330,0.37534715700894594
5,3,6,1,340,0.3858276610262692
5,3,6,1,350,0.39831314887851477
5,3,6,1,360,0.4089571787044406
5,3,6,1,370,0.422648006118834
5,3,6,1,380,0.43131509702652693
5,3,6,1,390,0.4443510682322085
5,3,6,1,400,0.45416868198662996
5,3,6,1,410,0.4665070977061987
5,3,6,1,420,0.4762580282986164
5,3,6,1,430,0.48834533896297216
5,3,6,1,440,0.49883949011564255
5,3,6,1,450,0.5114920828491449
5,3,6,1,460,0.5236254576593637
5,3,6,1,470,0.5336103178560734
5,3,6,1,480,0.544535840395838
5,3,6,1,490,0.5572291468270123
5,3,6,1,500,0.5683782119303942
5,3,6,1,510,0.5790598387829959
5,3,6,1,520,0.5906729423440993
5,3,6,1,530,0.6040312959812582
5,3,6,1,540,0.6133193098939955
5,3,6,1,550,0.62515769014135
5,3,6,1,560,0.6352892490103841
5,3,6,1,570,0.649062599055469
5,3,6,1,580,0.6585947759449482
5,3,6,1,590,0.6714275311678648
5,3,6,2,20,0.02265292266383767
5,3,6,2,30,0.03415857581421733
5,3,6,2,40,0.04560433840379119
5,3,6,2,50,0.05695154471322894
5,3,6,2,60,0.06828860472887754
5,3,6,2,70,0.07990443659946322
5,3,6,2,80,0.09135329024866223
5,3,6,2,90,0.10263196984305978
5,3,6,2,100,0.11367773497477174
5,3,6,2,110,0.1249233391135931
5,3,6,2,120,0.13564311293885112
5,3,6,2,130,0.14864127105101943
5,3,6,2,140,0.1595346052199602
5,3,6,2,150,0.17113307816907763
5,3,6,2,160,0.18220281088724732
5,3,6,2,170,0.19346554018557072
5,3,6,2,180,0.20460669416934252
5,3,6,2,190,0.2162735341116786
5,3,6,2,200,0.22681000689044595
5,3,6,2,210,0.2391970339231193
5,3,6,2,220,0.24958864320069551
5,3,6,2,230,0.26216721208766103
5,3,6,2,240,0.27169815078377724
5,3,6,2,250,0.2831781371496618
5,3,6,2,260,0.29507745802402496
5,3,6,2,270,0.3059306968934834
5,3,6,2,280,0.3171948450617492
5,3,6,2,290,0.32886543683707714
5,3,6,2,300,0.34032679395750165
5,3,6,2,310,0.3525310242548585
5,3,6,2,320,0.3623097687959671
5,3,6,2,330,0.3754312968812883
5,3,6,2,340,0.38500489108264446
5,3,6,2,350,0.3976439982652664
5,3,6,2,360,0.40800115279853344
5,3,6,2,370,0.4188236533664167
5,3,6,2,380,0.4309203689917922
5,3,6,2,390,0.44257326098158956
5,3,6,2,400,0.4547765883617103
5,3,6,2,410,0.46642841771245
5,3,6,2,420,0.47770703909918666
5,3,6,2,430,0.48847916908562183
5,3,6,2,440,0.4999829768203199
5,3,6,2,450,0.5106426794081926
5,3,6,2,460,0.5231900080107152
5,3,6,2,470,0.5346748349256814
5,3,6,2,480,0.5435614115558565
5,3,6,2,490,0.5561220017261803
5,3,6,2,500,0.5678975572809577
5,3,6,2,510,0.5776142771355808
5,3,6,2,520,0.5885031097568572
5,3,6,2,530,0.6010655197314918
5,3,6,2,540,0.6126212910749018
5,3,6,2,550,0.6261098883114755
5,3,6,2,560,0.637007003184408
5,3,6,2,570,0.6488896100781858
5,3,6,2,580,0.6602805429138243
5,3,6,2,590,0.6712878439575434
5,3,8,1,20,0.022837921045720577
5,3,8,1,30,0.03423117706552148
5,3,8,1,40,0.04562043771147728
5,3,8,1,50,0.056869514752179384
5,3,8,1,60,0.06814863532781601
5,3,8,1,70,0.08016591472551227
5,3,8,1,80,0.09113132115453482
5,3,8,1,90,0.10252352198585868
5,3,8,1,100,0.11340174870565534
5,3,8,1,110,0.12495217612013221
5,3,8,1,120,0.13651497708633542
5,3,8,1,130,0.14846439799293876
5,3,8,1,140,0.15973030077293515
5,3,8,1,150,0.17040670895949006
5,3,8,1,160,0.18215274577960372
5,3,8,1,170,0.19371615210548043
5,3,8,1,180,0.2044377620331943
5,3,8,1,190,0.21578990714624524
5,3,8,1,200,0.22808010783046484
5,3,8,1,210,0.238749576266855
5,3,8,1,220,0.24962633289396763
5,3,8,1,230,0.26265771966427565
5,3,8,1,240,0.27303845481947064
5,3,8,1,250,0.2854305747896433
5,3,8,1,260,0.2965611959807575
5,3,8,1,270,0.3080137218348682
5,3,8,1,280,0.3188123251311481
5,3,8,1,290,0.33133178669959307
5,3,8,1,300,0.34175240295007825
5,3,8,1,310,0.3535307892598212
5,3,8,1,320,0.3656002003699541
5,3,8,1,330,0.3764793649315834
5,3,8,1,340,0.38699458818882704
5,3,8,1,350,0.39913726365193725
5,3,8,1,360,0.4089045636355877
5,3,8,1,370,0.4226334150880575
5,3,8,1,380,0.43226809008046985
5,3,8,1,390,0.4434462320059538
5,3,8,1,400,0.45436148811131716
5,3,8,1,410,0.46807531686499715
5,3,8,1,420,0.47829944686964154
5,3,8,1,430,0.49049422005191445
5,3,8,1,440,0.5006627682596445
5,3,8,1,450,0.5119700189679861
5,3,8,1,460,0.524267019238323
5,3,8,1,470,0.5371994152665138
5,3,8,1,480,0.5455938428640366
5,3,8,1,490,0.55832923296839
5,3,8,1,500,0.568290350958705
5,3,8,1,510,0.5787472478114069
5,3,8,1,520,0.5902469893917441
5,3,8,1,530,0.6026492398232222
5,3,8,1,540,0.6141736297868192
5,3,8,1,550,0.6276060780510306
5,3,8,1,560,0.6363949878141284
5,3,8,1,570,0.6498665646649897
5,3,8,1,580,0.6601860299706459
5,3,8,1,590,0.6722424100153148
5,3,8,2,20,0.022817084100097418
5,3,8,2,30,0.03429832402616739
5,3,8,2,40,0.045404712203890085
5,3,8,2,50,0.0573333939537406
5,3,8,2,60,0.0688239629380405
5,3,8,2,70,0.0795451570302248
5,3,8,2,80,0.09097176790237427
5,3,8,2,90,0.10238342359662056
5,3,8,2,100,0.11367398872971535
5,3,8,2,110,0.12550561735406518
5,3,8,2,120,0.13652257807552814
5,3,8,2,130,0.14792550262063742
5,3,8,2,140,0.15893734106794
5,3,8,2,150,0.17068368708714843
5,3,8,2,160,0.18141758628189564
5,3,8,2,170,0.19358153687790036
5,3,8,2,180,0.2047703475691378
5,3,8,2,190,0.21678784675896168
5,3,8,2,200,0.22645630734041333
5,3,8,2,210,0.24040330899879336
5,3,8,2,220,0.2501012859866023
5,3,8,2,230,0.2611725707538426
5,3,8,2,240,0.27345021022483706
5,3,8,2,250,0.28377901716157794
5,3,8,2,260,0.2956357141956687
5,3,8,2,270,0.3073989017866552
5,3,8,2,280,0.3173407670110464
5,3,8,2,290,0.33102134289219975
5,3,8,2,300,0.34056970197707415
5,3,8,2,310,0.35213210014626384
5,3,8,2,320,0.36222580214962363
5,3,8,2,330,0.3750513312406838
5,3,8,2,340,0.38763238303363323
5,3,8,2,350,0.39868992613628507
5,3,8,2,360,0.409702907782048
5,3,8,2,370,0.42053696420043707
5,3,8,2,380,0.43190063908696175
5,3,8,2,390,0.44413452595472336
5,3,8,2,400,0.4552154974080622
5,3,8,2,410,0.4670115918852389
5,3,8,2,420,0.4781141337007284
5,3,8,2,430,0.49065511487424374
5,3,8,2,440,0.5011833468452096
5,3,8,2,450,0.5126589061692357
5,3,8,2,460,0.5230063870549202
5,3,8,2,470,0.5350363519974053
5,3,8,2,480,0.5458821426145732
5,3,8,2,490,0.5572098619304597
5,3,8,2,500,0.5682929838076234
5,3,8,2,510,0.5809619161300361
5,3,8,2,520,0.5907127098180354
5,3,8,2,530,0.6035228972323239
5,3,8,2,540,0.6141010290011764
5,3,8,2,550,0.6266658557578921
5,3,8,2,560,0.6366692432202399
5,3,8,2,570,0.6490446222014725
5,3,8,2,580,0.6597124482505023
5,3,8,2,590,0.6734040179289877
5,3,10,1,20,0.02300868695601821
5,3,10,1,30,0.03456446807831526
5,3,10,1,40,0.04586168611422181
5,3,10,1,50,0.05730009591206908
5,3,10,1,60,0.06860401201993227
5,3,10,1,70,0.08053627191111445
5,3,10,1,80,0.09158781822770834
5,3,10,1,90,0.10328190121799707
5,3,10,1,100,0.1142157819122076
5,3,10,1,110,0.12600588286295533
5,3,10,1,120,0.13681714423000813
5,3,10,1,130,0.14927272498607635
5,3,10,1,140,0.15959947789087892
5,3,10,1,150,0.17125500598922372
5,3,10,1,160,0.18272780999541283
5,3,10,1,170,0.1945479870773852
5,3,10,1,180,0.2054737121798098
5,3,10,1,190,0.21783086704090238
5,3,10,1,200,0.22802422661334276
5,3,10,1,210,0.24066003924235702
5,3,10,1,220,0.2518493700772524
5,3,10,1,230,0.262831904925406
5,3,10,1,240,0.2742585469968617
5,3,10,1,250,0.285207686945796
5,3,10,1,260,0.2970791640691459
5,3,10,1,270,0.30884801503270864
5,3,10,1,280,0.319654222112149
5,3,10,1,290,0.3312966888770461
5,3,10,1,300,0.3425607858225703
5,3,10,1,310,0.3541207672096789
5,3,10,1,320,0.3636195072904229
5,3,10,1,330,0.3775100368075073
5,3,10,1,340,0.38983535300940275
5,3,10,1,350,0.3996277996338904
5,3,10,1,360,0.41120319813489914
5,3,10,1,370,0.4235885492525995
5,3,10,1,380,0.43507143668830395
5,3,10,1,390,0.4458345673047006
5,3,10,1,400,0.45690424693748355
5,3,10,1,410,0.4667878421023488
5,3,10,1,420,0.479469102807343
5,3,10,1,430,0.4901888659223914
5,3,10,1,440,0.5027000838890672
5,3,10,1,450,0.5131076667457819
5,3,10,1,460,0.5273745669983327
5,3,10,1,470,0.5362492511048913
5,3,10,1,480,0.547612362075597
5,3,10,1,490,0.5614175708033144
5,3,10,1,500,0.5716248117387295
5,3,10,1,510,0.5845369598828256
5,3,10,1,520,0.5948288207873702
5,3,10,1,530,0.6066524256020784
5,3,10,1,540,0.614973186980933
5,3,10,1,550,0.6281563360244036
5,3,10,1,560,0.6376315057277679
5,3,10,1,570,0.6508501153439283
5,3,10,1,580,0.6625242987647653
5,3,10,1,590,0.674059331882745
5,3,10,2,20,0.022814986761659384
5,3,10,2,30,0.034394939430058
5,3,10,2,40,0.04564094915986061
5,3,10,2,50,0.057166125159710646
5,3,10,2,60,0.06890734983608127
5,3,10,2,70,0.07984460005536675
5,3,10,2,80,0.09101544227451086
5,3,10,2,90,0.10253360122442245
5,3,10,2,100,0.1141073009930551
5,3,10,2,110,0.1259440490975976
5,3,10,2,120,0.13730894587934017
5,3,10,2,130,0.14850917924195528
5,3,10,2,140,0.1607712311670184
5,3,10,2,150,0.17135475622490048
5,3,10,2,160,0.18280930211767554
5,3,10,2,170,0.19380524987354875
5,3,10,2,180,0.2048799181357026
5,3,10,2,190,0.21741076419129968
5,3,10,2,200,0.22931305598467588
5,3,10,2,210,0.24082438182085752
5,3,10,2,220,0.2514196098782122
5,3,10,2,230,0.26388809317722917
5,3,10,2,240,0.27473828196525574
5,3,10,2,250,0.2864549099467695
5,3,10,2,260,0.2986071310006082
5,3,10,2,270,0.3077162876725197
5,3,10,2,280,0.31793947611004114
5,3,10,2,290,0.32970833871513605
5,3,10,2,300,0.3405057699419558
5,3,10,2,310,0.35185052501037717
5,3,10,2,320,0.36258389614522457
5,3,10,2,330,0.3756409911438823
5,3,10,2,340,0.3879509619437158
5,3,10,2,350,0.3986267251893878
5,3,10,2,360,0.4093315126374364
5,3,10,2,370,0.42171674594283104
5,3,10,2,380,0.43234876496717334
5,3,10,2,390,0.4441311778500676
5,3,10,2,400,0.45667048590257764
5,3,10,2,410,0.46694919699802995
5,3,10,2,420,0.47769415006041527
5,3,10,2,430,0.48915036488324404
5,3,10,2,440,0.4995711613446474
5,3,10,2,450,0.5111887170933187
5,3,10,2,460,0.5235018022358418
5,3,10,2,470,0.5346268699504435
5,3,10,2,480,0.545732123311609
5,3,10,2,490,0.555790398735553
5,3,10,2,500,0.5687170559540391
5,3,10,2,510,0.5800889348611236
5,3,10,2,520,0.5907956268638372
5,3,10,2,530,0.6023988723754883
5,3,10,2,540,0.6133692809380591
5,3,10,2,550,0.6260581742972136
5,3,10,2,560,0.6371619421988726
5,3,10,2,570,0.6462451019324362
5,3,10,2,580,0.6606101081706583
5,3,10,2,590,0.6716480292379856
5,3,12,1,20,0.022975144907832146
5,3,12,1,30,0.03446748526766896
5,3,12,1,40,0.04594002477824688
5,3,12,1,50,0.05733783496543765
5,3,12,1,60,0.06868732906877995
5,3,12,1,70,0.08031932078301907
5,3,12,1,80,0.09173800703138113
5,3,12,1,90,0.10305738309398293
5,3,12,1,100,0.11441105091944337
5,3,12,1,110,0.1260413732379675
5,3,12,1,120,0.13697878504171968
5,3,12,1,130,0.14921745425090194
5,3,12,1,140,0.15996148623526096
5,3,12,1,150,0.17109324084594846
5,3,12,1,160,0.18295457120984793
5,3,12,1,170,0.19500991702079773
5,3,12,1,180,0.2059796671383083
5,3,12,1,190,0.21892352774739265
5,3,12,1,200,0.23053892655298114
5,3,12,1,210,0.24210870312526822
5,3,12,1,220,0.2530181920155883
5,3,12,1,230,0.2641185871325433
5,3,12,1,240,0.2761550769209862
5,3,12,1,250,0.2881903420202434
5,3,12,1,260,0.3000853513367474
5,3,12,1,270,0.3113725339062512
5,3,12,1,280,0.3220581258647144
5,3,12,1,290,0.33306773379445076
5,3,12,1,300,0.3448255159892142
5,3,12,1,310,0.3571328981779516
5,3,12,1,320,0.36903912387788296
5,3,12,1,330,0.38060398399829865
5,3,12,1,340,0.3905018959194422
5,3,12,1,350,0.4024976440705359
5,3,12,1,360,0.4134987909346819
5,3,12,1,370,0.4256802969612181
5,3,12,1,380,0.43720975797623396
5,3,12,1,390,0.4489199290983379
5,3,12,1,400,0.4596154112368822
5,3,12,1,410,0.4705010741017759
5,3,12,1,420,0.48170046927407384
5,3,12,1,430,0.49249572679400444
5,3,12,1,440,0.5055014090612531
5,3,12,1,450,0.5188671248033643
5,3,12,1,460,0.5285780979320407
5,3,12,1,470,0.5403400552459061
5,3,12,1,480,0.5521219740621746
5,3,12,1,490,0.5643430133350194
5,3,12,1,500,0.5742516829632223
5,3,12,1,510,0.5861623319797218
5,3,12,1,520,0.5982483518309891
5,3,12,1,530,0.6069348510354757
5,3,12,1,540,0.6187794641591609
5,3,12,1,550,0.6303877881728113
5,3,12,1,560,0.6406655311584473
5,3,12,1,570,0.653389586135745
5,3,12,1,580,0.665478597395122
5,3,12,1,590,0.6787179838865995
5,3,12,2,20,0.022884609643369913
5,3,12,2,30,0.03429855406284332
5,3,12,2,40,0.0457449471578002
5,3,12,2,50,0.057143762707710266
5,3,12,2,60,0.06862458819523454
5,3,12,2,70,0.079924994148314
5,3,12,2,80,0.0913182282820344
5,3,12,2,90,0.10290236119180918
5,3,12,2,100,0.11423936299979687
5,3,12,2,110,0.12514286488294601
5,3,12,2,120,0.13693936029449105
5,3,12,2,130,0.1489987950772047
5,3,12,2,140,0.1611827490851283
5,3,12,2,150,0.17344100214540958
5,3,12,2,160,0.1841873717494309
5,3,12,2,170,0.19558400101959705
5,3,12,2,180,0.207536858972162
5,3,12,2,190,0.21811688132584095
5,3,12,2,200,0.22955758264288306
5,3,12,2,210,0.24161763628944755
5,3,12,2,220,0.2520297751761973
5,3,12,2,230,0.2639662455767393
5,3,12,2,240,0.27566690603271127
5,3,12,2,250,0.2885503889992833
5,3,12,2,260,0.3000052832067013
5,3,12,2,270,0.3118328219279647
5,3,12,2,280,0.3217220096848905
5,3,12,2,290,0.33462737826630473
5,3,12,2,300,0.3459590529091656
5,3,12,2,310,0.3573600430972874
5,3,12,2,320,0.37629409739747643
5,3,12,2,330,0.3804365526884794
5,3,12,2,340,0.39224611688405275
5,3,12,2,350,0.40487098321318626
5,3,12,2,360,0.41342994198203087
5,3,12,2,370,0.426589366979897
5,3,12,2,380,0.4373166128061712
5,3,12,2,390,0.44800226390361786
5,3,12,2,400,0.4582983967848122
5,3,12,2,410,0.4709487250074744
5,3,12,2,420,0.4825876457616687
5,3,12,2,430,0.49439756432548165
5,3,12,2,440,0.5048214648850262
5,3,12,2,450,0.5170993050560355
5,3,12,2,460,0.5286711021326482
5,3,12,2,470,0.5400508870370686
5,3,12,2,480,0.5525360070168972
5,3,12,2,490,0.5653456570580602
5,3,12,2,500,0.5756941670551896
5,3,12,2,510,0.5865183491259813
5,3,12,2,520,0.5970599288120866
5,3,12,2,530,0.6120976312085986
5,3,12,2,540,0.6221498330123723
5,3,12,2,550,0.6340158199891448
5,3,12,2,560,0.6458384338766336
5,3,12,2,570,0.6577182561159134
5,3,12,2,580,0.6681070113554597
5,3,12,2,590,0.6821381459012628
5,4,2,1,20,0.022961927112191916
5,4,2,1,30,0.035165110137313604
5,4,2,1,40,0.04509809613227844
5,4,2,1,50,0.05678412038832903
5,4,2,1,60,0.06845954293385148
5,4,2,1,70,0.08008355926722288
5,4,2,1,80,0.09091898519545794
5,4,2,1,90,0.10284148110076785
5,4,2,1,100,0.11369758006185293
5,4,2,1,110,0.125080072786659
5,4,2,1,120,0.13579133013263345
5,4,2,1,130,0.14731875527650118
5,4,2,1,140,0.15870534628629684
5,4,2,1,150,0.17026469903066754
5,4,2,1,160,0.18191725807264447
5,4,2,1,170,0.19408825924620032
5,4,2,1,180,0.2042734189890325
5,4,2,1,190,0.21544844983145595
5,4,2,1,200,0.22707382403314114
5,4,2,1,210,0.23810823075473309
5,4,2,1,220,0.24957116320729256
5,4,2,1,230,0.260376182384789
5,4,2,1,240,0.2713999138213694
5,4,2,1,250,0.28332240181043744
5,4,2,1,260,0.29571989411488175
5,4,2,1,270,0.30618269415572286
5,4,2,1,280,0.3176748249679804
5,4,2,1,290,0.32935906993225217
5,4,2,1,300,0.3401493630371988
5,4,2,1,310,0.3509752112440765
5,4,2,1,320,0.3629544279538095
5,4,2,1,330,0.3743025278672576
5,4,2,1,340,0.38512087194249034
5,4,2,1,350,0.3999826991930604
5,4,2,1,360,0.4084265483543277
5,4,2,1,370,0.42028048587962985
5,4,2,1,380,0.43261200189590454
5,4,2,1,390,0.44477551570162177
5,4,2,1,400,0.4544089990667999
5,4,2,1,410,0.4679935150779784
5,4,2,1,420,0.47489655995741487
5,4,2,1,430,0.4874205868691206
5,4,2,1,440,0.5012399777770042
5,4,2,1,450,0.5103139849379659
5,4,2,1,460,0.5210279249586165
5,4,2,1,470,0.5318270577117801
5,4,2,1,480,0.5427701747976243
5,4,2,1,490,0.5548085337504745
5,4,2,1,500,0.5651840972714126
5,4,2,1,510,0.5763954911381006
5,4,2,1,520,0.5891914679668844
5,4,2,1,530,0.6029277462512255
5,4,2,1,540,0.609951444901526
5,4,2,1,550,0.6250211480073631
5,4,2,1,560,0.6351811429485679
5,4,2,1,570,0.6571816052310169
5,4,2,1,580,0.6582564767450094
5,4,2,1,590,0.6722948206588626
5,4,2,2,20,0.022802999708801508
5,4,2,2,30,0.03461757814511657
5,4,2,2,40,0.045637145172804594
5,4,2,2,50,0.05710321292281151
5,4,2,2,60,0.06825289689004421
5,4,2,2,70,0.07976088905707002
5,4,2,2,80,0.09115712018683553
5,4,2,2,90,0.10272439289838076
5,4,2,2,100,0.11443367693573236
5,4,2,2,110,0.12506634090095758
5,4,2,2,120,0.13685515196993947
5,4,2,2,130,0.14829422673210502
5,4,2,2,140,0.15940389595925808
5,4,2,2,150,0.17059830529615283
5,4,2,2,160,0.1818289551883936
5,4,2,2,170,0.19263511523604393
5,4,2,2,180,0.20444008521735668
5,4,2,2,190,0.2153668338432908
5,4,2,2,200,0.22726803459227085
5,4,2,2,210,0.23854052601382136
5,4,2,2,220,0.24917738093063235
5,4,2,2,230,0.26082589384168386
5,4,2,2,240,0.27232053922489285
5,4,2,2,250,0.29151320923119783
5,4,2,2,260,0.29800195386633277
5,4,2,2,270,0.30656610196456313
5,4,2,2,280,0.31836013216525316
5,4,2,2,290,0.329001079313457
5,4,2,2,300,0.33723979303613305
5,4,2,2,310,0.34851768193766475
5,4,2,2,320,0.36039066035300493
5,4,2,2,330,0.3735166001133621
5,4,2,2,340,0.3842977499589324
5,4,2,2,350,0.3959396369755268
5,4,2,2,360,0.40842497581616044
5,4,2,2,370,0.41889662528410554
5,4,2,2,380,0.42963942512869835
5,4,2,2,390,0.4421138190664351
5,4,2,2,400,0.4537002998404205
5,4,2,2,410,0.4650840708054602
5,4,2,2,420,0.47735964180901647
5,4,2,2,430,0.48844567220658064
5,4,2,2,440,0.49921464966610074
5,4,2,2,450,0.5106650730594993
5,4,2,2,460,0.5324172680266201
5,4,2,2,470,0.5340405809693038
5,4,2,2,480,0.5467537599615753
5,4,2,2,490,0.5564236529171467
5,4,2,2,500,0.570369491353631
5,4,2,2,510,0.5814028028398752
5,4,2,2,520,0.5894218818284571
5,4,2,2,530,0.5992790600284934
5,4,2,2,540,0.6100581148639321
5,4,2,2,550,0.6261321129277349
5,4,2,2,560,0.63741783099249
5,4,2,2,570,0.6533157578669488
5,4,2,2,580,0.6576541769318283
5,4,2,2,590,0.6742715830914676
5,4,4,1,20,0.022765638772398233
5,4,4,1,30,0.03437891323119402
5,4,4,1,40,0.04610357712954283
5,4,4,1,50,0.05763998068869114
5,4,4,1,60,0.06947417417541146
5,4,4,1,70,0.08043506788089871
5,4,4,1,80,0.09137002704665065
5,4,4,1,90,0.10289781913161278
5,4,4,1,100,0.1144972019828856
5,4,4,1,110,0.12637794483453035
5,4,4,1,120,0.13658560486510396
5,4,4,1,130,0.14844088908284903
5,4,4,1,140,0.1602563690394163
5,4,4,1,150,0.17143588094040751
5,4,4,1,160,0.18184540513902903
5,4,4,1,170,0.1945294002071023
5,4,4,1,180,0.20834354497492313
5,4,4,1,190,0.21969867404550314
5,4,4,1,200,0.23873035795986652
5,4,4,1,210,0.24840576807036996
5,4,4,1,220,0.2506842748261988
5,4,4,1,230,0.26248250901699066
5,4,4,1,240,0.27272924315184355
5,4,4,1,250,0.2875167769379914
5,4,4,1,260,0.30023101437836885
5,4,4,1,270,0.3095406489446759
5,4,4,1,280,0.3194283260963857
5,4,4,1,290,0.33171831630170345
5,4,4,1,300,0.3415839639492333
5,4,4,1,310,0.353013358078897
5,4,4,1,320,0.3640793049708009
5,4,4,1,330,0.37721006106585264
5,4,4,1,340,0.38671148708090186
5,4,4,1,350,0.39882199419662356
5,4,4,1,360,0.4102732380852103
5,4,4,1,370,0.42193430196493864
5,4,4,1,380,0.43368175299838185
5,4,4,1,390,0.446384253911674
5,4,4,1,400,0.4554885979741812
5,4,4,1,410,0.4666373021900654
5,4,4,1,420,0.47861553309485316
5,4,4,1,430,0.48842124501243234
5,4,4,1,440,0.5013249227777123
5,4,4,1,450,0.5135216540656984
5,4,4,1,460,0.5230289697647095
5,4,4,1,470,0.5360101899132133
5,4,4,1,480,0.5454494752921164
5,4,4,1,490,0.5596736529842019
5,4,4,1,500,0.56995355989784
5,4,4,1,510,0.5821452857926488
5,4,4,1,520,0.5928309196606278
5,4,4,1,530,0.6059940159320831
5,4,4,1,540,0.6175632458180189
5,4,4,1,550,0.628604469820857
5,4,4,1,560,0.6381949852220714
5,4,4,1,570,0.6477873427793384
5,4,4,1,580,0.6600702172145247
5,4,4,1,590,0.668335918802768
5,4,4,2,20,0.02248565200716257
5,4,4,2,30,0.03394475718960166
5,4,4,2,40,0.04517650883644819
5,4,4,2,50,0.05667918594554067
5,4,4,2,60,0.06790646491572261
5,4,4,2,70,0.07918369024991989
5,4,4,2,80,0.09024266805499792
5,4,4,2,90,0.10262208431959152
5,4,4,2,100,0.11301561817526817
5,4,4,2,110,0.12514571798965335
5,4,4,2,120,0.135784313082695
5,4,4,2,130,0.14726645033806562
5,4,4,2,140,0.15923093585297465
5,4,4,2,150,0.16920528002083302
5,4,4,2,160,0.18059886014088988
5,4,4,2,170,0.1920811589807272
5,4,4,2,180,0.20314826723188162
5,4,4,2,190,0.2162612951360643
5,4,4,2,200,0.2263862700201571
5,4,4,2,210,0.2375222290866077
5,4,4,2,220,0.24818167369812727
5,4,4,2,230,0.2597930012270808
5,4,4,2,240,0.2703361180610955
5,4,4,2,250,0.2828990528360009
5,4,4,2,260,0.2937130047939718
5,4,4,2,270,0.30507271410897374
5,4,4,2,280,0.3161877868697047
5,4,4,2,290,0.3272078549489379
5,4,4,2,300,0.3389118821360171
5,4,4,2,310,0.3520672512240708
5,4,4,2,320,0.3614968229085207
5,4,4,2,330,0.3728261119686067
5,4,4,2,340,0.3838660013861954
5,4,4,2,350,0.39445739425718784
5,4,4,2,360,0.40627645002678037
5,4,4,2,370,0.4180246493779123
5,4,4,2,380,0.4284713678061962
5,4,4,2,390,0.4405303611420095
5,4,4,2,400,0.45136719988659024
5,4,4,2,410,0.4619513088837266
5,4,4,2,420,0.4733487833291292
5,4,4,2,430,0.4842605572193861
5,4,4,2,440,0.496168808080256
5,4,4,2,450,0.5090888510458171
5,4,4,2,460,0.5242623956874013
5,4,4,2,470,0.5313840047456324
5,4,4,2,480,0.542865555267781
5,4,4,2,490,0.5557027971372008
5,4,4,2,500,0.5677972198463976
5,4,4,2,510,0.5769143081270158
5,4,4,2,520,0.5883675958029926
5,4,4,2,530,0.602212755009532
5,4,4,2,540,0.6121741132810712
5,4,4,2,550,0.6231456878595054
5,4,4,2,560,0.6327744699083269
5,4,4,2,570,0.6463628578931093
5,4,4,2,580,0.6566796158440411
5,4,4,2,590,0.668426217045635
5,4,6,1,20,0.02284691808745265
5,4,6,1,30,0.034289875999093056
5,4,6,1,40,0.04562580678611994
5,4,6,1,50,0.05692990217357874
5,4,6,1,60,0.06838676426559687
5,4,6,1,70,0.07986942678689957
5,4,6,1,80,0.09084526589140296
5,4,6,1,90,0.10225754883140326
5,4,6,1,100,0.11387019278481603
5,4,6,1,110,0.12547980761155486
5,4,6,1,120,0.13689072569832206
5,4,6,1,130,0.14764756942167878
5,4,6,1,140,0.15938483690842986
5,4,6,1,150,0.1711616339161992
5,4,6,1,160,0.18250997783616185
5,4,6,1,170,0.1947292829863727
5,4,6,1,180,0.20602264674380422
5,4,6,1,190,0.21771538397297263
5,4,6,1,200,0.22838476486504078
5,4,6,1,210,0.24005156802013516
5,4,6,1,220,0.2512505790218711
5,4,6,1,230,0.2625197791494429
5,4,6,1,240,0.2736349981278181
5,4,6,1,250,0.28523410204797983
5,4,6,1,260,0.2968337549827993
5,4,6,1,270,0.30770227080211043
5,4,6,1,280,0.31790086533874273
5,4,6,1,290,0.3298734459094703
5,4,6,1,300,0.34234585519880056
5,4,6,1,310,0.3535141544416547
5,4,6,1,320,0.3643949399702251
5,4,6,1,330,0.3760468550026417
5,4,6,1,340,0.38792643835768104
5,4,6,1,350,0.40027805883437395
5,4,6,1,360,0.41100912308320403
5,4,6,1,370,0.423480574041605
5,4,6,1,380,0.43460897682234645
5,4,6,1,390,0.44554690504446626
5,4,6,1,400,0.4558854647912085
5,4,6,1,410,0.4669933351688087
5,4,6,1,420,0.4789086878299713
5,4,6,1,430,0.4893549829721451
5,4,6,1,440,0.4998122747056186
5,4,6,1,450,0.5130063081160188
5,4,6,1,460,0.5238048289902508
5,4,6,1,470,0.5348364990204573
5,4,6,1,480,0.5451456997543573
5,4,6,1,490,0.5593712809495628
5,4,6,1,500,0.573716992046684
5,4,6,1,510,0.5828586630523205
5,4,6,1,520,0.5916539467871189
5,4,6,1,530,0.6048275050707161
5,4,6,1,540,0.6153751430101693
5,4,6,1,550,0.6269457810558379
5,4,6,1,560,0.637704495806247
5,4,6,1,570,0.6514847259968519
5,4,6,1,580,0.6641789888963103
5,4,6,1,590,0.672663439065218
5,4,6,2,20,0.023140515200793743
5,4,6,2,30,0.03429197100922465
5,4,6,2,40,0.04568522935733199
5,4,6,2,50,0.057320982217788696
5,4,6,2,60,0.06845871591940522
5,4,6,2,70,0.08017690619453788
5,4,6,2,80,0.09130336716771126
5,4,6,2,90,0.1027294690720737
5,4,6,2,100,0.11464657820761204
5,4,6,2,110,0.12630660692229867
5,4,6,2,120,0.13697543600574136
5,4,6,2,130,0.14843212580308318
5,4,6,2,140,0.15966770937666297
5,4,6,2,150,0.1711116130463779
5,4,6,2,160,0.18219416309148073
5,4,6,2,170,0.19420548621565104
5,4,6,2,180,0.20524230785667896
5,4,6,2,190,0.21724562672898173
5,4,6,2,200,0.22723041800782084
5,4,6,2,210,0.23969632387161255
5,4,6,2,220,0.251601864118129
5,4,6,2,230,0.2636926402337849
5,4,6,2,240,0.27212767815217376
5,4,6,2,250,0.2841885578818619
5,4,6,2,260,0.2958308937959373
5,4,6,2,270,0.30793108930811286
5,4,6,2,280,0.3190147210843861
5,4,6,2,290,0.3301632860675454
5,4,6,2,300,0.341114554554224
5,4,6,2,310,0.3527843998745084
5,4,6,2,320,0.3648650720715523
5,4,6,2,330,0.3765077777206898
5,4,6,2,340,0.3873420567251742
5,4,6,2,350,0.3986759469844401
5,4,6,2,360,0.4098524609580636
5,4,6,2,370,0.42234436701983213
5,4,6,2,380,0.4323617988266051
5,4,6,2,390,0.44450380001217127
5,4,6,2,400,0.4548524250276387
5,4,6,2,410,0.4671852421015501
5,4,6,2,420,0.47732977708801627
5,4,6,2,430,0.4902751292102039
5,4,6,2,440,0.5017607808113098
5,4,6,2,450,0.515137770678848
5,4,6,2,460,0.5243126670829952
5,4,6,2,470,0.5346364909783006
5,4,6,2,480,0.5464213122613728
5,4,6,2,490,0.5577712627127767
5,4,6,2,500,0.56986831035465
5,4,6,2,510,0.5817748778499663
5,4,6,2,520,0.5910434820689261
5,4,6,2,530,0.6035754391923547
5,4,6,2,540,0.614837100263685
5,4,6,2,550,0.6259465483017266
5,4,6,2,560,0.6373053346760571
5,4,6,2,570,0.6491020699031651
5,4,6,2,580,0.659278366714716
5,4,6,2,590,0.6716327047906816
5,4,8,1,20,0.02335089584812522
5,4,8,1,30,0.03501745592802763
5,4,8,1,40,0.04661191767081618
5,4,8,1,50,0.05831266287714243
5,4,8,1,60,0.06998371705412865
5,4,8,1,70,0.08196083270013332
5,4,8,1,80,0.09262424428015947
5,4,8,1,90,0.10439292807132006
5,4,8,1,100,0.11602884996682405
5,4,8,1,110,0.1279437020421028
5,4,8,1,120,0.13922604825347662
5,4,8,1,130,0.15117549803107977
5,4,8,1,140,0.16203465685248375
5,4,8,1,150,0.17379287397488952
5,4,8,1,160,0.18535977602005005
5,4,8,1,170,0.19701852789148688
5,4,8,1,180,0.2087654727511108
5,4,8,1,190,0.2204912230372429
5,4,8,1,200,0.2315608519129455
5,4,8,1,210,0.2431500069797039
5,4,8,1,220,0.2546290191821754
5,4,8,1,230,0.2666341341100633
5,4,8,1,240,0.27747958805412054
5,4,8,1,250,0.2896910170093179
5,4,8,1,260,0.30012923013418913
5,4,8,1,270,0.3127729962579906
5,4,8,1,280,0.3242216557264328
5,4,8,1,290,0.3358966428786516
5,4,8,1,300,0.347274340223521
5,4,8,1,310,0.35969735495746136
5,4,8,1,320,0.3702292740345001
5,4,8,1,330,0.38104879204183817
5,4,8,1,340,0.39426963590085506
5,4,8,1,350,0.4057820299640298
5,4,8,1,360,0.4174834559671581
5,4,8,1,370,0.42952775536105037
5,4,8,1,380,0.43999010045081377
5,4,8,1,390,0.4506687708199024
5,4,8,1,400,0.46200484270229936
5,4,8,1,410,0.474444717168808
5,4,8,1,420,0.48419407615438104
5,4,8,1,430,0.49825303675606847
5,4,8,1,440,0.5079515548422933
5,4,8,1,450,0.5201204889453948
5,4,8,1,460,0.5311616989783943
5,4,8,1,470,0.544429016765207
5,4,8,1,480,0.5539052560925484
5,4,8,1,490,0.5676793158054352
5,4,8,1,500,0.5777442189864814
5,4,8,1,510,0.5879112998954952
5,4,8,1,520,0.5993383121676743
5,4,8,1,530,0.6121289199218154
5,4,8,1,540,0.6254438268952072
5,4,8,1,550,0.6390740820206702
5,4,8,1,560,0.6472150832414627
5,4,8,1,570,0.6587588479742408
5,4,8,1,580,0.669748482760042
5,4,8,1,590,0.6859211353585124
5,4,8,2,20,0.023007231298834085
5,4,8,2,30,0.034741491079330444
5,4,8,2,40,0.04610902490094304
5,4,8,2,50,0.05726559367030859
5,4,8,2,60,0.06884213211014867
5,4,8,2,70,0.08045045798644423
5,4,8,2,80,0.09213808597996831
5,4,8,2,90,0.10353764472529292
5,4,8,2,100,0.11522272089496255
5,4,8,2,110,0.12676583975553513
5,4,8,2,120,0.13829381577670574
5,4,8,2,130,0.15017631324008107
5,4,8,2,140,0.16094753704965115
5,4,8,2,150,0.17345424834638834
5,4,8,2,160,0.1845948942936957
5,4,8,2,170,0.19635152537375689
5,4,8,2,180,0.20714594516903162
5,4,8,2,190,0.21918858215212822
5,4,8,2,200,0.23134370427578688
5,4,8,2,210,0.24438939010724425
5,4,8,2,220,0.2523751948028803
5,4,8,2,230,0.2626050361432135
5,4,8,2,240,0.27448153821751475
5,4,8,2,250,0.28497392404824495
5,4,8,2,260,0.29689039196819067
5,4,8,2,270,0.3090136796236038
5,4,8,2,280,0.3214034498669207
5,4,8,2,290,0.3330182982608676
5,4,8,2,300,0.34455592278391123
5,4,8,2,310,0.3556583099998534
5,4,8,2,320,0.36726273503154516
5,4,8,2,330,0.380195134319365
5,4,8,2,340,0.3906107568182051
5,4,8,2,350,0.4027215698733926
5,4,8,2,360,0.4139358280226588
5,4,8,2,370,0.4257388859987259
5,4,8,2,380,0.43618577811867
5,4,8,2,390,0.44853906612843275
5,4,8,2,400,0.4603565470315516
5,4,8,2,410,0.4716308154165745
5,4,8,2,420,0.4832368469797075
5,4,8,2,430,0.4948975662700832
5,4,8,2,440,0.5126990070566535
5,4,8,2,450,0.5180583586916327
5,4,8,2,460,0.5307835401035845
5,4,8,2,470,0.5430235317908227
5,4,8,2,480,0.5535041182301939
5,4,8,2,490,0.5656698290258646
5,4,8,2,500,0.5771176107227802
5,4,8,2,510,0.5902676931582391
5,4,8,2,520,0.6029427372850478
5,4,8,2,530,0.6155242319218814
5,4,8,2,540,0.6227344810031354
5,4,8,2,550,0.634701531380415
5,4,8,2,560,0.6451962860301137
5,4,8,2,570,0.6581022026948631
5,4,8,2,580,0.6675193388946354
5,4,8,2,590,0.6779770138673484
5,4,10,1,20,0.024553715251386166
5,4,10,1,30,0.036547631956636906
5,4,10,1,40,0.048679542262107134
5,4,10,1,50,0.060936431866139174
5,4,10,1,60,0.07297623995691538
5,4,10,1,70,0.08532359823584557
5,4,10,1,80,0.09731991309672594
5,4,10,1,90,0.10928783193230629
5,4,10,1,100,0.12124666292220354
5,4,10,1,110,0.1335479188710451
5,4,10,1,120,0.14592326106503606
5,4,10,1,130,0.15815376490354538
5,4,10,1,140,0.16975906305015087
5,4,10,1,150,0.18194351997226477
5,4,10,1,160,0.19410454481840134
5,4,10,1,170,0.2064569848589599
5,4,10,1,180,0.21785299386829138
5,4,10,1,190,0.230707794893533
5,4,10,1,200,0.24285813700407743
5,4,10,1,210,0.2548476289957762
5,4,10,1,220,0.2665157411247492
5,4,10,1,230,0.27921071369200945
5,4,10,1,240,0.2913207639940083
5,4,10,1,250,0.30358901619911194
5,4,10,1,260,0.3162643569521606
5,4,10,1,270,0.328854882158339
5,4,10,1,280,0.340512206312269
5,4,10,1,290,0.3525293511338532
5,4,10,1,300,0.3651487729512155
5,4,10,1,310,0.37568417005240917
5,4,10,1,320,0.38855356397107244
5,4,10,1,330,0.4014813909307122
5,4,10,1,340,0.4120258097536862
5,4,10,1,350,0.42557774391025305
5,4,10,1,360,0.43665462965145707
5,4,10,1,370,0.4485544483177364
5,4,10,1,380,0.4612040938809514
5,4,10,1,390,0.47619287529960275
5,4,10,1,400,0.4827390592545271
5,4,10,1,410,0.5038952650502324
5,4,10,1,420,0.5064681270159781
5,4,10,1,430,0.5183733659796417
5,4,10,1,440,0.5303572900593281
5,4,10,1,450,0.5449769520200789
5,4,10,1,460,0.5580297796986997
5,4,10,1,470,0.5697738220915198
5,4,10,1,480,0.5804035481996834
5,4,10,1,490,0.5919715110212564
5,4,10,1,500,0.6045830580405891
5,4,10,1,510,0.6173590840771794
5,4,10,1,520,0.6262494139373302
5,4,10,1,530,0.6412629317492247
5,4,10,1,540,0.6536120492964983
5,4,10,1,550,0.6663954388350248
5,4,10,1,560,0.677845248952508
5,4,10,1,570,0.6945716319605708
5,4,10,1,580,0.7023582300171256
5,4,10,1,590,0.7136154598556459
5,4,10,2,20,0.023553161416202784
5,4,10,2,30,0.03544822707772255
5,4,10,2,40,0.04731022194027901
5,4,10,2,50,0.059160112868994474
5,4,10,2,60,0.07057148776948452
5,4,10,2,70,0.08248434588313103
5,4,10,2,80,0.09424113482236862
5,4,10,2,90,0.10575582273304462
5,4,10,2,100,0.11763278208673
5,4,10,2,110,0.12986213713884354
5,4,10,2,120,0.14108961401507258
5,4,10,2,130,0.15510318474844098
5,4,10,2,140,0.16576382191851735
5,4,10,2,150,0.17768490593880415
5,4,10,2,160,0.18898942228406668
5,4,10,2,170,0.20160322915762663
5,4,10,2,180,0.212115874979645
5,4,10,2,190,0.2242997931316495
5,4,10,2,200,0.23609391506761312
5,4,10,2,210,0.2476156633347273
5,4,10,2,220,0.25970653304830194
5,4,10,2,230,0.2714729649014771
5,4,10,2,240,0.28257574839517474
5,4,10,2,250,0.29423309676349163
5,4,10,2,260,0.3053184081800282
5,4,10,2,270,0.3174047116190195
5,4,10,2,280,0.32898971159011126
5,4,10,2,290,0.3406339273788035
5,4,10,2,300,0.35182139417156577
5,4,10,2,310,0.3637712732888758
5,4,10,2,320,0.3766003637574613
5,4,10,2,330,0.38795087207108736
5,4,10,2,340,0.3989859442226589
5,4,10,2,350,0.41215498512610793
5,4,10,2,360,0.42432787315919995
5,4,10,2,370,0.4360485761426389
5,4,10,2,380,0.4475356247276068
5,4,10,2,390,0.45857380609959364
5,4,10,2,400,0.47044101310893893
5,4,10,2,410,0.48242073971778154
5,4,10,2,420,0.4937379756011069
5,4,10,2,430,0.5069065876305103
5,4,10,2,440,0.5164716639555991
5,4,10,2,450,0.5306463469751179
5,4,10,2,460,0.5406383820809424
5,4,10,2,470,0.5532981790602207
5,4,10,2,480,0.5627552270889282
5,4,10,2,490,0.5788726629689336
5,4,10,2,500,0.5879779830574989
5,4,10,2,510,0.6008977578021586
5,4,10,2,520,0.6095965057611465
5,4,10,2,530,0.6256965850479901
5,4,10,2,540,0.6353777730837464
5,4,10,2,550,0.6465394087135792
5,4,10,2,560,0.6575081120245159
5,4,10,2,570,0.670054703950882
5,4,10,2,580,0.6807857071980834
5,4,10,2,590,0.6937865470536053
5,4,12,1,20,0.027800756972283125
5,4,12,1,30,0.04147882433608174
5,4,12,1,40,0.05509609403088689
5,4,12,1,50,0.06837422912940383
5,4,12,1,60,0.08174663130193949
5,4,12,1,70,0.09567943727597594
5,4,12,1,80,0.10912393499165773
5,4,12,1,90,0.1225511790253222
5,4,12,1,100,0.1358734117820859
5,4,12,1,110,0.14954645978286862
5,4,12,1,120,0.1625362173654139
5,4,12,1,130,0.17625304404646158
5,4,12,1,140,0.18912979122251272
5,4,12,1,150,0.20272271707654
5,4,12,1,160,0.21641435800120234
5,4,12,1,170,0.2301331339403987
5,4,12,1,180,0.24350921716541052
5,4,12,1,190,0.2571331961080432
5,4,12,1,200,0.2707854090258479
5,4,12,1,210,0.28412200463935733
5,4,12,1,220,0.2969543910585344
5,4,12,1,230,0.3118815333582461
5,4,12,1,240,0.3237926010042429
5,4,12,1,250,0.3374771918170154
5,4,12,1,260,0.35155012318864465
5,4,12,1,270,0.36450624326243997
5,4,12,1,280,0.37909513618797064
5,4,12,1,290,0.39314210694283247
5,4,12,1,300,0.4049632390961051
5,4,12,1,310,0.41896812710911036
5,4,12,1,320,0.4309509042650461
5,4,12,1,330,0.44498743023723364
5,4,12,1,340,0.4577237479388714
5,4,12,1,350,0.4740123222582042
5,4,12,1,360,0.48573608696460724
5,4,12,1,370,0.49929798813536763
5,4,12,1,380,0.5122791663743556
5,4,12,1,390,0.5264044660143554
5,4,12,1,400,0.5374512700363994
5,4,12,1,410,0.5517967781051993
5,4,12,1,420,0.5650060367770493
5,4,12,1,430,0.581033943220973
5,4,12,1,440,0.5925978249870241
5,4,12,1,450,0.6070159892551601
5,4,12,1,460,0.6207669209688902
5,4,12,1,470,0.6349448268301785
5,4,12,1,480,0.6485635917633772
5,4,12,1,490,0.661919963080436
5,4,12,1,500,0.6731966091319919
5,4,12,1,510,0.6846587061882019
5,4,12,1,520,0.6988530508242548
5,4,12,1,530,0.7152969781309366
5,4,12,1,540,0.7268335879780352
5,4,12,1,550,0.7415159461088479
5,4,12,1,560,0.7514198198914528
5,4,12,1,570,0.7663596412166953
5,4,12,1,580,0.7768192701041698
5,4,12,1,590,0.792622484266758
5,4,12,2,20,0.02524226438254118
5,4,12,2,30,0.03779579699039459
5,4,12,2,40,0.05014690710231662
5,4,12,2,50,0.06311559490859509
5,4,12,2,60,0.07542415894567966
5,4,12,2,70,0.08793930988758802
5,4,12,2,80,0.10037685884162784
5,4,12,2,90,0.11334072519093752
5,4,12,2,100,0.12564329197630286
5,4,12,2,110,0.13836827501654625
5,4,12,2,120,0.15070398664101958
5,4,12,2,130,0.1628761189058423
5,4,12,2,140,0.17528154514729977
5,4,12,2,150,0.18853801768273115
5,4,12,2,160,0.200375332031399
5,4,12,2,170,0.2130646761506796
5,4,12,2,180,0.22530817706137896
5,4,12,2,190,0.23763928608968854
5,4,12,2,200,0.24971402576193213
5,4,12,2,210,0.26280922209843993
5,4,12,2,220,0.27509207371622324
5,4,12,2,230,0.2874752660281956
5,4,12,2,240,0.29894124204292893
5,4,12,2,250,0.31271085422486067
5,4,12,2,260,0.32484912499785423
5,4,12,2,270,0.33848580112680793
5,4,12,2,280,0.35072248708456755
5,4,12,2,290,0.36401630006730556
5,4,12,2,300,0.37506319023668766
5,4,12,2,310,0.38830859307199717
5,4,12,2,320,0.40092738205567
5,4,12,2,330,0.4124885140918195
5,4,12,2,340,0.424453295301646
5,4,12,2,350,0.4374102442525327
5,4,12,2,360,0.4481453928165138
5,4,12,2,370,0.46378764417022467
5,4,12,2,380,0.47510656574741006
5,4,12,2,390,0.4866025918163359
5,4,12,2,400,0.4981913580559194
5,4,12,2,410,0.5103113348595798
5,4,12,2,420,0.5231786868534982
5,4,12,2,430,0.5346728852018714
5,4,12,2,440,0.5472843907773495
5,4,12,2,450,0.5597362508997321
5,4,12,2,460,0.5717982118949294
5,4,12,2,470,0.5842399229295552
5,4,12,2,480,0.5945268678478897
5,4,12,2,490,0.608822270296514
5,4,12,2,500,0.6200568140484393
5,4,12,2,510,0.6338168862275779
5,4,12,2,520,0.6455288790166378
5,4,12,2,530,0.6591753200627863
5,4,12,2,540,0.6711620837450027
5,4,12,2,550,0.6832900261506438
5,4,12,2,560,0.6940776878036559
5,4,12,2,570,0.7080764179117978
5,4,12,2,580,0.7198177976533771
5,4,12,2,590,0.7339901328086853
6,2,2,1,20,0.022749052848666906
6,2,2,1,30,0.034012312069535255
6,2,2,1,40,0.04529080027714372
6,2,2,1,50,0.05675561120733619
6,2,2,1,60,0.06799744023010135
6,2,2,1,70,0.07947964128106833
6,2,2,1,80,0.090406677685678
6,2,2,1,90,0.10174860991537571
6,2,2,1,100,0.11301192780956626
6,2,2,1,110,0.12471401831135154
6,2,2,1,120,0.13557193987071514
6,2,2,1,130,0.1471456279978156
6,2,2,1,140,0.15877727093175054
6,2,2,1,150,0.17014685133472085
6,2,2,1,160,0.18099361890926957
6,2,2,1,170,0.19252577563747764
6,2,2,1,180,0.20312252594158053
6,2,2,1,190,0.21437278809025884
6,2,2,1,200,0.22608455317094922
6,2,2,1,210,0.23822419391945004
6,2,2,1,220,0.24852620717138052
6,2,2,1,230,0.2613683291710913
6,2,2,1,240,0.2708492870442569
6,2,2,1,250,0.28277993481606245
6,2,2,1,260,0.2942690048366785
6,2,2,1,270,0.30566068086773157
6,2,2,1,280,0.31758411787450314
6,2,2,1,290,0.3290063380263746
6,2,2,1,300,0.34002832788974047
6,2,2,1,310,0.3505044039338827
6,2,2,1,320,0.36198769696056843
6,2,2,1,330,0.37388342060148716
6,2,2,1,340,0.3846989767625928
6,2,2,1,350,0.3956502862274647
6,2,2,1,360,0.4071980747394264
6,2,2,1,370,0.419936440885067
6,2,2,1,380,0.4301804485730827
6,2,2,1,390,0.4415761958807707
6,2,2,1,400,0.45206394931301475
6,2,2,1,410,0.46448512095957994
6,2,2,1,420,0.47615590738132596
6,2,2,1,430,0.4871125789359212
6,2,2,1,440,0.49948580423370004
6,2,2,1,450,0.5107508799992502
6,2,2,1,460,0.5215419731102884
6,2,2,1,470,0.5329201929271221
6,2,2,1,480,0.5448257690295577
6,2,2,1,490,0.5541666122153401
6,2,2,1,500,0.5665020709857345
6,2,2,1,510,0.5792351639829576
6,2,2,1,520,0.5895377979613841
6,2,2,1,530,0.5981012498959899
6,2,2,1,540,0.6082513639703393
6,2,2,1,550,0.6200249348767102
6,2,2,1,560,0.6303668622858822
6,2,2,1,570,0.6427126158960164
6,2,2,1,580,0.6544851711951196
6,2,2,1,590,0.6659512096084654
6,2,2,2,20,0.022591932211071253
6,2,2,2,30,0.03392039239406586
6,2,2,2,40,0.044997147750109434
6,2,2,2,50,0.05648596119135618
6,2,2,2,60,0.06766991503536701
6,2,2,2,70,0.07896242290735245
6,2,2,2,80,0.09017918910831213
6,2,2,2,90,0.10184911219403148
6,2,2,2,100,0.11274258326739073
6,2,2,2,110,0.1241077478043735
6,2,2,2,120,0.13532480131834745
6,2,2,2,130,0.1471861321479082
6,2,2,2,140,0.15914667584002018
6,2,2,2,150,0.16990266693755984
6,2,2,2,160,0.18059743288904428
6,2,2,2,170,0.1919603981077671
6,2,2,2,180,0.20331357279792428
6,2,2,2,190,0.21475878404453397
6,2,2,2,200,0.2263196581043303
6,2,2,2,210,0.23773689894005656
6,2,2,2,220,0.24797958321869373
6,2,2,2,230,0.25989584904164076
6,2,2,2,240,0.27149065490812063
6,2,2,2,250,0.2828156310133636
6,2,2,2,260,0.29377670399844646
6,2,2,2,270,0.3046616008505225
6,2,2,2,280,0.31501759914681315
6,2,2,2,290,0.32672105776146054
6,2,2,2,300,0.33846625918522477
6,2,2,2,310,0.34988050581887364
6,2,2,2,320,0.36080334801226854
6,2,2,2,330,0.37228472623974085
6,2,2,2,340,0.38351146690547466
6,2,2,2,350,0.3950278270058334
6,2,2,2,360,0.40494561521336436
6,2,2,2,370,0.41782754100859165
6,2,2,2,380,0.4287441838532686
6,2,2,2,390,0.44039729004725814
6,2,2,2,400,0.4505392722785473
6,2,2,2,410,0.4643080811947584
6,2,2,2,420,0.4738328899256885
6,2,2,2,430,0.48612241400405765
6,2,2,2,440,0.4977615033276379
6,2,2,2,450,0.5104732038453221
6,2,2,2,460,0.5185079108923674
6,2,2,2,470,0.5314729353412986
6,2,2,2,480,0.5422764159739017
6,2,2,2,490,0.5526360552757978
6,2,2,2,500,0.5673186061903834
6,2,2,2,510,0.5757966283708811
6,2,2,2,520,0.5879624909721315
6,2,2,2,530,0.5992294191382825
6,2,2,2,540,0.6095102950930595
6,2,2,2,550,0.6217401819303632
6,2,2,2,560,0.6311426078900695
6,2,2,2,570,0.6455532787367702
6,2,2,2,580,0.6555810570716858
6,2,2,2,590,0.6695865169167519
6,2,4,1,20,0.022663484327495098
6,2,4,1,30,0.03381625609472394
6,2,4,1,40,0.045028611086308956
6,2,4,1,50,0.05655277892947197
6,2,4,1,60,0.06804829090833664
6,2,4,1,70,0.07912349002435803
6,2,4,1,80,0.09018811397254467
6,2,4,1,90,0.10214997502043843
6,2,4,1,100,0.11261804308742285
6,2,4,1,110,0.12478558719158173
6,2,4,1,120,0.1354942349717021
6,2,4,1,130,0.1470818119123578
6,2,4,1,140,0.15775427082553506
6,2,4,1,150,0.16979960212484002
6,2,4,1,160,0.18056848784908652
6,2,4,1,170,0.19217965984717011
6,2,4,1,180,0.20376370567828417
6,2,4,1,190,0.2141177267767489
6,2,4,1,200,0.22579057607799768
6,2,4,1,210,0.23733604094013572
6,2,4,1,220,0.2488537640310824
6,2,4,1,230,0.2594856871291995
6,2,4,1,240,0.27049402985721827
6,2,4,1,250,0.2829513531178236
6,2,4,1,260,0.29301271960139275
6,2,4,1,270,0.3056257711723447
6,2,4,1,280,0.31467541493475437
6,2,4,1,290,0.32730522518977523
6,2,4,1,300,0.3388044177554548
6,2,4,1,310,0.3494689310900867
6,2,4,1,320,0.36081086238846183
6,2,4,1,330,0.37308770697563887
6,2,4,1,340,0.3836223720572889
6,2,4,1,350,0.39511486887931824
6,2,4,1,360,0.4051555208861828
6,2,4,1,370,0.41839163191616535
6,2,4,1,380,0.43174986401572824
6,2,4,1,390,0.44314404716715217
6,2,4,1,400,0.4552338249050081
6,2,4,1,410,0.4680216759443283
6,2,4,1,420,0.4783811438828707
6,2,4,1,430,0.4897880181670189
6,2,4,1,440,0.5007776906713843
6,2,4,1,450,0.5127501473762095
6,2,4,1,460,0.5234598587267101
6,2,4,1,470,0.5354509148746729
6,2,4,1,480,0.5445770230144262
6,2,4,1,490,0.558882606215775
6,2,4,1,500,0.5697071491740644
6,2,4,1,510,0.5823514442890882
6,2,4,1,520,0.5912787881679833
6,2,4,1,530,0.6058988459408283
6,2,4,1,540,0.6173832602798939
6,2,4,1,550,0.6273063020780683
6,2,4,1,560,0.6381966159678996
6,2,4,1,570,0.6435725130140781
6,2,4,1,580,0.6539013581350446
6,2,4,1,590,0.6688578752800822
6,2,4,2,20,0.022552998270839453
6,2,4,2,30,0.034008405171334743
6,2,4,2,40,0.04525632504373789
6,2,4,2,50,0.05643600085750222
6,2,4,2,60,0.06775928800925612
6,2,4,2,70,0.07893747696653008
6,2,4,2,80,0.09055499220266938
6,2,4,2,90,0.10173161514103413
6,2,4,2,100,0.11295110592618585
6,2,4,2,110,0.12451294576749206
6,2,4,2,120,0.13560365699231625
6,2,4,2,130,0.14724708814173937
6,2,4,2,140,0.15935580898076296
6,2,4,2,150,0.16866940585896373
6,2,4,2,160,0.17953205714002252
6,2,4,2,170,0.1920093260705471
6,2,4,2,180,0.20246544294059277
6,2,4,2,190,0.21536245895549655
6,2,4,2,200,0.22600187221542
6,2,4,2,210,0.23723215889185667
6,2,4,2,220,0.24876510770991445
6,2,4,2,230,0.26205059979110956
6,2,4,2,240,0.2712123361416161
6,2,4,2,250,0.28315736493095756
6,2,4,2,260,0.29353115474805236
6,2,4,2,270,0.3063951241783798
6,2,4,2,280,0.3164299288764596
6,2,4,2,290,0.3284114431589842
6,2,4,2,300,0.3386725769378245
6,2,4,2,310,0.3504154831171036
6,2,4,2,320,0.36229602713137865
6,2,4,2,330,0.3742713360115886
6,2,4,2,340,0.3844959861598909
6,2,4,2,350,0.39694084879010916
6,2,4,2,360,0.40669211419299245
6,2,4,2,370,0.4178758282214403
6,2,4,2,380,0.4286152278073132
6,2,4,2,390,0.44086927035823464
6,2,4,2,400,0.45157176489010453
6,2,4,2,410,0.46355584915727377
6,2,4,2,420,0.47554681170731783
6,2,4,2,430,0.48796470975503325
6,2,4,2,440,0.49956538574770093
6,2,4,2,450,0.5108030349947512
6,2,4,2,460,0.5208536428399384
6,2,4,2,470,0.5320577300153673
6,2,4,2,480,0.5447746678255498
6,2,4,2,490,0.5556532689370215
6,2,4,2,500,0.5641607246361673
6,2,4,2,510,0.5772113897837698
6,2,4,2,520,0.5869871182367206
6,2,4,2,530,0.5996271101757884
6,2,4,2,540,0.6100178179331124
6,2,4,2,550,0.6229359949938953
6,2,4,2,560,0.6336049679666758
6,2,4,2,570,0.6444045933894813
6,2,4,2,580,0.6544009847566485
6,2,4,2,590,0.665774819906801
6,2,6,1,20,0.022633833810687065
6,2,6,1,30,0.03400927083566785
6,2,6,1,40,0.04532031901180744
6,2,6,1,50,0.05659963097423315
6,2,6,1,60,0.06780302710831165
6,2,6,1,70,0.07907632691785693
6,2,6,1,80,0.09015929885208607
6,2,6,1,90,0.10158818494528532
6,2,6,1,100,0.11257034773007035
6,2,6,1,110,0.12406112486496568
6,2,6,1,120,0.13555277371779084
6,2,6,1,130,0.14660609420388937
6,2,6,1,140,0.15790866687893867
6,2,6,1,150,0.16917854081839323
6,2,6,1,160,0.18014121102169156
6,2,6,1,170,0.19175520539283752
6,2,6,1,180,0.2030192227102816
6,2,6,1,190,0.21482240688055754
6,2,6,1,200,0.22681758273392916
6,2,6,1,210,0.23645035829395056
6,2,6,1,220,0.2483775676228106
6,2,6,1,230,0.259611408226192
6,2,6,1,240,0.2697828751988709
6,2,6,1,250,0.28227375028654933
6,2,6,1,260,0.2931477166712284
6,2,6,1,270,0.3056138171814382
6,2,6,1,280,0.3155043083243072
6,2,6,1,290,0.32721330923959613
6,2,6,1,300,0.33848015079274774
6,2,6,1,310,0.35053158598020673
6,2,6,1,320,0.359136946965009
6,2,6,1,330,0.3725136579014361
6,2,6,1,340,0.38469030568376184
6,2,6,1,350,0.3942356063053012
6,2,6,1,360,0.40756556019186974
6,2,6,1,370,0.4182532620616257
6,2,6,1,380,0.42795543698593974
6,2,6,1,390,0.4413782609626651
6,2,6,1,400,0.45113607263192534
6,2,6,1,410,0.4630100638605654
6,2,6,1,420,0.4723486709408462
6,2,6,1,430,0.4854079452343285
6,2,6,1,440,0.49538001604378223
6,2,6,1,450,0.5079568829387426
6,2,6,1,460,0.5190321691334248
6,2,6,1,470,0.5299655450507998
6,2,6,1,480,0.5412465021945536
6,2,6,1,490,0.5517417006194592
6,2,6,1,500,0.563177552074194
6,2,6,1,510,0.5739346472546458
6,2,6,1,520,0.5860251458361745
6,2,6,1,530,0.5986183187924325
6,2,6,1,540,0.6102907760068774
6,2,6,1,550,0.6218288224190474
6,2,6,1,560,0.6330600781366229
6,2,6,1,570,0.6436823410913348
6,2,6,1,580,0.6544664627872407
6,2,6,1,590,0.6665940340608358
6,2,6,2,20,0.022776317782700062
6,2,6,2,30,0.033994413912296295
6,2,6,2,40,0.04501790786162019
6,2,6,2,50,0.05634451424703002
6,2,6,2,60,0.06780515890568495
6,2,6,2,70,0.0792291802354157
6,2,6,2,80,0.0907545629888773
6,2,6,2,90,0.1012521181255579
6,2,6,2,100,0.11243886500597
6,2,6,2,110,0.12391872005537152
6,2,6,2,120,0.1354574616998434
6,2,6,2,130,0.14704812411218882
6,2,6,2,140,0.1577412667684257
6,2,6,2,150,0.16924637416377664
6,2,6,2,160,0.18002261873334646
6,2,6,2,170,0.19242526916787028
6,2,6,2,180,0.20343535812571645
6,2,6,2,190,0.21487163798883557
6,2,6,2,200,0.22562057990580797
6,2,6,2,210,0.23678858811035752
6,2,6,2,220,0.24829900776967406
6,2,6,2,230,0.2601372920908034
6,2,6,2,240,0.2704521301202476
6,2,6,2,250,0.28292702371254563
6,2,6,2,260,0.29387435829266906
6,2,6,2,270,0.3056745710782707
6,2,6,2,280,0.3167278873734176
6,2,6,2,290,0.32809680001810193
6,2,6,2,300,0.34057796699926257
6,2,6,2,310,0.35079200426116586
6,2,6,2,320,0.36163491988554597
6,2,6,2,330,0.37502445094287395
6,2,6,2,340,0.38373480876907706
6,2,6,2,350,0.39568666787818074
6,2,6,2,360,0.40608000103384256
6,2,6,2,370,0.41833585873246193
6,2,6,2,380,0.42917374381795526
6,2,6,2,390,0.4400472827255726
6,2,6,2,400,0.4516437388956547
6,2,6,2,410,0.46316358307376504
6,2,6,2,420,0.47548310505226254
6,2,6,2,430,0.48566755605861545
6,2,6,2,440,0.49658592976629734
6,2,6,2,450,0.5098394341766834
6,2,6,2,460,0.518663743045181
6,2,6,2,470,0.5328319719992578
6,2,6,2,480,0.5417479588650167
6,2,6,2,490,0.5555756613612175
6,2,6,2,500,0.5637291450984776
6,2,6,2,510,0.5753752901218832
6,2,6,2,520,0.5884975651279092
6,2,6,2,530,0.6004859050735831
6,2,6,2,540,0.6120885880663991
6,2,6,2,550,0.6242028563283384
6,2,6,2,560,0.6344966487959027
6,2,6,2,570,0.6464803833514452
6,2,6,2,580,0.656360206194222
6,2,6,2,590,0.6691392711363733
6,2,8,1,20,0.02271141903474927
6,2,8,1,30,0.03419012110680342
6,2,8,1,40,0.04539997410029173
6,2,8,1,50,0.05674788681790233
6,2,8,1,60,0.06796586886048317
6,2,8,1,70,0.07964642532169819
6,2,8,1,80,0.09021677589043975
6,2,8,1,90,0.10198320588096976
6,2,8,1,100,0.11334021389484406
6,2,8,1,110,0.12502345582470298
6,2,8,1,120,0.1356941112317145
6,2,8,1,130,0.14734185999259353
6,2,8,1,140,0.1591671146452427
6,2,8,1,150,0.16995292715728283
6,2,8,1,160,0.18171257618814707
6,2,8,1,170,0.19311907514929771
6,2,8,1,180,0.20430432399734855
6,2,8,1,190,0.21588492626324296
6,2,8,1,200,0.22758572781458497
6,2,8,1,210,0.2393262037076056
6,2,8,1,220,0.24985433416441083
6,2,8,1,230,0.2613797481171787
6,2,8,1,240,0.2722715511918068
6,2,8,1,250,0.28417905792593956
6,2,8,1,260,0.2954590762965381
6,2,8,1,270,0.307577274274081
6,2,8,1,280,0.31737298099324107
6,2,8,1,290,0.3314092978835106
6,2,8,1,300,0.34046464739367366
6,2,8,1,310,0.35206457506865263
6,2,8,1,320,0.36261830711737275
6,2,8,1,330,0.37484066002070904
6,2,8,1,340,0.38531984901055694
6,2,8,1,350,0.3973538940772414
6,2,8,1,360,0.40889428881928325
6,2,8,1,370,0.4198250821791589
6,2,8,1,380,0.431590145919472
6,2,8,1,390,0.4431040771305561
6,2,8,1,400,0.4527257839217782
6,2,8,1,410,0.46630652667954564
6,2,8,1,420,0.4780042301863432
6,2,8,1,430,0.4889216241426766
6,2,8,1,440,0.5009256657212973
6,2,8,1,450,0.5109638161957264
6,2,8,1,460,0.5224404241889715
6,2,8,1,470,0.534351218957454
6,2,8,1,480,0.5444737491197884
6,2,8,1,490,0.5570629681460559
6,2,8,1,500,0.5666749719530344
6,2,8,1,510,0.5783152990043163
6,2,8,1,520,0.5888942773453891
6,2,8,1,530,0.602506838273257
6,2,8,1,540,0.6120897559449077
6,2,8,1,550,0.6251785568892956
6,2,8,1,560,0.6366953309625387
6,2,8,1,570,0.6477479040622711
6,2,8,1,580,0.6569510488770902
6,2,8,1,590,0.6692899349145591
6,2,8,2,20,0.022589293774217367
6,2,8,2,30,0.034232072066515684
6,2,8,2,40,0.04527443228289485
6,2,8,2,50,0.05668989289551973
6,2,8,2,60,0.06820243084803224
6,2,8,2,70,0.07914021098986268
6,2,8,2,80,0.09055667789652944
6,2,8,2,90,0.10186778102070093
6,2,8,2,100,0.11354166129603982
6,2,8,2,110,0.12459885375574231
6,2,8,2,120,0.13623489812016487
6,2,8,2,130,0.14760063495486975
6,2,8,2,140,0.1586486496962607
6,2,8,2,150,0.17038159584626555
6,2,8,2,160,0.18182233814150095
6,2,8,2,170,0.19330926798284054
6,2,8,2,180,0.2039775368757546
6,2,8,2,190,0.21528476430103183
6,2,8,2,200,0.2275533452630043
6,2,8,2,210,0.2387202330864966
6,2,8,2,220,0.2500283643603325
6,2,8,2,230,0.2616814309731126
6,2,8,2,240,0.2727828021161258
6,2,8,2,250,0.28436544397845864
6,2,8,2,260,0.29603258706629276
6,2,8,2,270,0.30731140030547976
6,2,8,2,280,0.31824668776243925
6,2,8,2,290,0.33009841991588473
6,2,8,2,300,0.3415420069359243
6,2,8,2,310,0.3524594120681286
6,2,8,2,320,0.3649555118754506
6,2,8,2,330,0.3765567294321954
6,2,8,2,340,0.3857961343601346
6,2,8,2,350,0.3989868853241205
6,2,8,2,360,0.40976300509646535
6,2,8,2,370,0.4216929478570819
6,2,8,2,380,0.43172119883820415
6,2,8,2,390,0.44290768494829535
6,2,8,2,400,0.4536136519163847
6,2,8,2,410,0.46537812799215317
6,2,8,2,420,0.4760303199291229
6,2,8,2,430,0.4874091949313879
6,2,8,2,440,0.49812001921236515
6,2,8,2,450,0.5099273133091629
6,2,8,2,460,0.5213025561533868
6,2,8,2,470,0.5332755707204342
6,2,8,2,480,0.5452959830872715
6,2,8,2,490,0.5524106631055474
6,2,8,2,500,0.5612698649056256
6,2,8,2,510,0.5742649412713945
6,2,8,2,520,0.5885175890289247
6,2,8,2,530,0.6005798978731036
6,2,8,2,540,0.6124180019833148
6,2,8,2,550,0.6190369012765586
6,2,8,2,560,0.6280998182483017
6,2,8,2,570,0.6415236238390207
6,2,8,2,580,0.656697073020041
6,2,8,2,590,0.6671628910116851
6,2,10,1,20,0.022708581760525703
6,2,10,1,30,0.03430894762277603
6,2,10,1,40,0.04546493524685502
6,2,10,1,50,0.05686612706631422
6,2,10,1,60,0.06811507185921073
6,2,10,1,70,0.07957989815622568
6,2,10,1,80,0.09102778881788254
6,2,10,1,90,0.10234081093221903
6,2,10,1,100,0.11341930273920298
6,2,10,1,110,0.12525481125339866
6,2,10,1,120,0.13577252719551325
6,2,10,1,130,0.1475629871711135
6,2,10,1,140,0.1593864900059998
6,2,10,1,150,0.1703836601227522
6,2,10,1,160,0.18187311431393027
6,2,10,1,170,0.1945044957101345
6,2,10,1,180,0.20460534002631903
6,2,10,1,190,0.21699558524414897
6,2,10,1,200,0.22643856378272176
6,2,10,1,210,0.239211596082896
6,2,10,1,220,0.25035486929118633
6,2,10,1,230,0.26291266828775406
6,2,10,1,240,0.2731230943463743
6,2,10,1,250,0.28460491681471467
6,2,10,1,260,0.2964829197153449
6,2,10,1,270,0.3067567409016192
6,2,10,1,280,0.31823743786662817
6,2,10,1,290,0.32983412174507976
6,2,10,1,300,0.3415149156935513
6,2,10,1,310,0.35371258202940226
6,2,10,1,320,0.3647260209545493
6,2,10,1,330,0.37638207990676165
6,2,10,1,340,0.38723320001736283
6,2,10,1,350,0.3994563827291131
6,2,10,1,360,0.4087700881063938
6,2,10,1,370,0.4208889347501099
6,2,10,1,380,0.43277168832719326
6,2,10,1,390,0.4445692771114409
6,2,10,1,400,0.4548106510192156
6,2,10,1,410,0.4674383760429919
6,2,10,1,420,0.47957981983199716
6,2,10,1,430,0.490427830722183
6,2,10,1,440,0.504205428995192
6,2,10,1,450,0.5128117278218269
6,2,10,1,460,0.5237289271317422
6,2,10,1,470,0.5358603377826512
6,2,10,1,480,0.5458455439656973
6,2,10,1,490,0.5574914491735399
6,2,10,1,500,0.568153906147927
6,2,10,1,510,0.5812992071732879
6,2,10,1,520,0.5917398547753692
6,2,10,1,530,0.604780200868845
6,2,10,1,540,0.6150886327959597
6,2,10,1,550,0.6265661651268601
6,2,10,1,560,0.6358673218637705
6,2,10,1,570,0.6496032839640975
6,2,10,1,580,0.6606188709847629
6,2,10,1,590,0.6725766519084573
6,2,10,2,20,0.022761004976928234
6,2,10,2,30,0.03405945794656873
6,2,10,2,40,0.04564688913524151
6,2,10,2,50,0.056827657856047153
6,2,10,2,60,0.06786027923226357
6,2,10,2,70,0.07946899021044374
6,2,10,2,80,0.09042774280533195
6,2,10,2,90,0.10218258714303374
6,2,10,2,100,0.11362457182258368
6,2,10,2,110,0.12447953503578901
6,2,10,2,120,0.13639753218740225
6,2,10,2,130,0.14790470339357853
6,2,10,2,140,0.15971627831459045
6,2,10,2,150,0.17081183893606067
6,2,10,2,160,0.18216166831552982
6,2,10,2,170,0.1936960592865944
6,2,10,2,180,0.2050999291241169
6,2,10,2,190,0.21749632386490703
6,2,10,2,200,0.22820061165839434
6,2,10,2,210,0.24133653426542878
6,2,10,2,220,0.25026000291109085
6,2,10,2,230,0.2621081927791238
6,2,10,2,240,0.2730436800047755
6,2,10,2,250,0.28456038935109973
6,2,10,2,260,0.29732326976954937
6,2,10,2,270,0.3081355099566281
6,2,10,2,280,0.3195328051224351
6,2,10,2,290,0.3309246739372611
6,2,10,2,300,0.34266311302781105
6,2,10,2,310,0.3531539747491479
6,2,10,2,320,0.3648979999125004
6,2,10,2,330,0.3762797932140529
6,2,10,2,340,0.3881300678476691
6,2,10,2,350,0.40056300861760974
6,2,10,2,360,0.4094097469933331
6,2,10,2,370,0.4235359150916338
6,2,10,2,380,0.4345942223444581
6,2,10,2,390,0.4443186381831765
6,2,10,2,400,0.4547434151172638
6,2,10,2,410,0.46777734719216824
6,2,10,2,420,0.4773875791579485
6,2,10,2,430,0.4897422781214118
6,2,10,2,440,0.5015231599099934
6,2,10,2,450,0.5123455082066357
6,2,10,2,460,0.524026355240494
6,2,10,2,470,0.5361710200086236
6,2,10,2,480,0.545081150252372
6,2,10,2,490,0.557003574911505
6,2,10,2,500,0.5675248927436769
6,2,10,2,510,0.5823976257815957
6,2,10,2,520,0.5906193698756397
6,2,10,2,530,0.605000093113631
6,2,10,2,540,0.6144694983959198
6,2,10,2,550,0.6255841078236699
6,2,10,2,560,0.6376485507935286
6,2,10,2,570,0.6495301797986031
6,2,10,2,580,0.6612319899722934
6,2,10,2,590,0.6734148715622723
6,2,12,1,20,0.022908405866473913
6,2,12,1,30,0.034490181133151054
6,2,12,1,40,0.045646049082279205
6,2,12,1,50,0.057260619942098856
6,2,12,1,60,0.06890800781548023
6,2,12,1,70,0.0804710416123271
6,2,12,1,80,0.09173092991113663
6,2,12,1,90,0.10340183600783348
6,2,12,1,100,0.114793311804533
6,2,12,1,110,0.1262875790707767
6,2,12,1,120,0.13760643685236573
6,2,12,1,130,0.14913470624014735
6,2,12,1,140,0.1604066016152501
6,2,12,1,150,0.17236256692558527
6,2,12,1,160,0.1837210999801755
6,2,12,1,170,0.19575843727216125
6,2,12,1,180,0.2069548089057207
6,2,12,1,190,0.2182141006924212
6,2,12,1,200,0.23023239010944963
6,2,12,1,210,0.2415815768763423
6,2,12,1,220,0.2563002798706293
6,2,12,1,230,0.26481509068980813
6,2,12,1,240,0.27522272802889347
6,2,12,1,250,0.2862049387767911
6,2,12,1,260,0.2967645572498441
6,2,12,1,270,0.3095882278867066
6,2,12,1,280,0.32042274298146367
6,2,12,1,290,0.3319816431030631
6,2,12,1,300,0.3453199048526585
6,2,12,1,310,0.35680349403992295
6,2,12,1,320,0.3679465181194246
6,2,12,1,330,0.38080106396228075
6,2,12,1,340,0.38980727968737483
6,2,12,1,350,0.403113957028836
6,2,12,1,360,0.4132135291583836
6,2,12,1,370,0.42608743999153376
6,2,12,1,380,0.4354950641281903
6,2,12,1,390,0.44863086799159646
6,2,12,1,400,0.4605782409198582
6,2,12,1,410,0.4719282961450517
6,2,12,1,420,0.48451528418809175
6,2,12,1,430,0.4947437420487404
6,2,12,1,440,0.5059095290489495
6,2,12,1,450,0.5181712098419666
6,2,12,1,460,0.5295989471487701
6,2,12,1,470,0.5408198181539774
6,2,12,1,480,0.5535666602663696
6,2,12,1,490,0.5653677950613201
6,2,12,1,500,0.5755035718902946
6,2,12,1,510,0.5879806340672076
6,2,12,1,520,0.5983183700591326
6,2,12,1,530,0.6110244831070304
6,2,12,1,540,0.6213245969265699
6,2,12,1,550,0.6319984523579478
6,2,12,1,560,0.6449199388734996
6,2,12,1,570,0.6566811427474022
6,2,12,1,580,0.665252530016005
6,2,12,1,590,0.679518457967788
6,2,12,2,20,0.02311644796282053
6,2,12,2,30,0.03452671971172094
6,2,12,2,40,0.045969778671860695
6,2,12,2,50,0.05736260395497084
6,2,12,2,60,0.06876639276742935
6,2,12,2,70,0.08035507425665855
6,2,12,2,80,0.09156810399144888
6,2,12,2,90,0.1029888722114265
6,2,12,2,100,0.11472856532782316
6,2,12,2,110,0.12605414865538478
6,2,12,2,120,0.1373025430366397
6,2,12,2,130,0.14891709806397557
6,2,12,2,140,0.16210979269817472
6,2,12,2,150,0.17342994501814246
6,2,12,2,160,0.1851835995912552
6,2,12,2,170,0.19670991692692041
6,2,12,2,180,0.20748708536848426
6,2,12,2,190,0.2193281790241599
6,2,12,2,200,0.2308489507995546
6,2,12,2,210,0.24227907788008451
6,2,12,2,220,0.25356484297662973
6,2,12,2,230,0.265236287843436
6,2,12,2,240,0.27622199105098844
6,2,12,2,250,0.2881641876883805
6,2,12,2,260,0.29956554202362895
6,2,12,2,270,0.3122429000213742
6,2,12,2,280,0.32355387322604656
6,2,12,2,290,0.3360365820117295
6,2,12,2,300,0.34585397876799107
6,2,12,2,310,0.3585325349122286
6,2,12,2,320,0.3682359140366316
6,2,12,2,330,0.3826752700842917
6,2,12,2,340,0.3918330343440175
6,2,12,2,350,0.4038236662745476
6,2,12,2,360,0.4163677077740431
6,2,12,2,370,0.4262157413177192
6,2,12,2,380,0.43682722095400095
6,2,12,2,390,0.4492327026091516
6,2,12,2,400,0.46082336781546474
6,2,12,2,410,0.4721592618152499
6,2,12,2,420,0.48490285966545343
6,2,12,2,430,0.4953233730047941
6,2,12,2,440,0.5055678933858871
6,2,12,2,450,0.5171449338085949
6,2,12,2,460,0.5306712556630373
6,2,12,2,470,0.5410702233202755
6,2,12,2,480,0.5536553598940372
6,2,12,2,490,0.565350647084415
6,2,12,2,500,0.5764684556052089
6,2,12,2,510,0.5879305321723223
6,2,12,2,520,0.5991771812550724
6,2,12,2,530,0.6106767849996686
6,2,12,2,540,0.6208220557309687
6,2,12,2,550,0.6329350667074323
6,2,12,2,560,0.6436877180822194
6,2,12,2,570,0.6564184059388936
6,2,12,2,580,0.666618952061981
6,2,12,2,590,0.6798288291320205
6,3,2,1,20,0.022596206981688738
6,3,2,1,30,0.034025973174721
6,3,2,1,40,0.04545702412724495
6,3,2,1,50,0.05690936790779233
6,3,2,1,60,0.06819245498627424
6,3,2,1,70,0.07955718273296952
6,3,2,1,80,0.09072173666208982
6,3,2,1,90,0.10241855308413506
6,3,2,1,100,0.1136274510063231
6,3,2,1,110,0.12531317910179496
6,3,2,1,120,0.13642705604434013
6,3,2,1,130,0.14787109615281224
6,3,2,1,140,0.15890318900346756
6,3,2,1,150,0.17103182105347514
6,3,2,1,160,0.18190288543701172
6,3,2,1,170,0.193532673176378
6,3,2,1,180,0.20454311510547996
6,3,2,1,190,0.21519024996086955
6,3,2,1,200,0.22699691308662295
6,3,2,1,210,0.23846275499090552
6,3,2,1,220,0.25014044623821974
6,3,2,1,230,0.26073605520650744
6,3,2,1,240,0.2727043069899082
6,3,2,1,250,0.2825659401714802
6,3,2,1,260,0.2933121481910348
6,3,2,1,270,0.30607873667031527
6,3,2,1,280,0.31793065601959825
6,3,2,1,290,0.3290792112238705
6,3,2,1,300,0.3395854588598013
6,3,2,1,310,0.35018382826820016
6,3,2,1,320,0.3626325656659901
6,3,2,1,330,0.3746433272026479
6,3,2,1,340,0.38535501901060343
6,3,2,1,350,0.396775932982564
6,3,2,1,360,0.40797818126156926
6,3,2,1,370,0.41957195894792676
6,3,2,1,380,0.42950707394629717
6,3,2,1,390,0.44292709697037935
6,3,2,1,400,0.45308065600693226
6,3,2,1,410,0.46496821427717805
6,3,2,1,420,0.475908312946558
6,3,2,1,430,0.48909093998372555
6,3,2,1,440,0.49983204808086157
6,3,2,1,450,0.511428686324507
6,3,2,1,460,0.5217290092259645
6,3,2,1,470,0.5309356758370996
6,3,2,1,480,0.5441388585604727
6,3,2,1,490,0.5550247449427843
6,3,2,1,500,0.5640753740444779
6,3,2,1,510,0.5753637892194092
6,3,2,1,520,0.5916038840077817
6,3,2,1,530,0.6005777260288596
6,3,2,1,540,0.6075239861384034
6,3,2,1,550,0.6221276139840484
6,3,2,1,560,0.634782908950001
6,3,2,1,570,0.6486633769236505
6,3,2,1,580,0.6585995927453041
6,3,2,1,590,0.6683000163175166
6,3,2,2,20,0.022662571165710688
6,3,2,2,30,0.034108906984329224
6,3,2,2,40,0.04559470620006323
6,3,2,2,50,0.05680780438706279
6,3,2,2,60,0.0682529010809958
6,3,2,2,70,0.0800346378237009
6,3,2,2,80,0.09073081007227302
6,3,2,2,90,0.10236112400889397
6,3,2,2,100,0.11376843508332968
6,3,2,2,110,0.12492722412571311
6,3,2,2,120,0.13612691313028336
6,3,2,2,130,0.1478655464015901
6,3,2,2,140,0.1585980518721044
6,3,2,2,150,0.170947281178087
6,3,2,2,160,0.1815622877329588
6,3,2,2,170,0.19289057981222868
6,3,2,2,180,0.20396952098235488
6,3,2,2,190,0.21732263127341866
6,3,2,2,200,0.22751824790611863
6,3,2,2,210,0.2374493172392249
6,3,2,2,220,0.2481575906276703
6,3,2,2,230,0.2594650541432202
6,3,2,2,240,0.27152303233742714
6,3,2,2,250,0.28245673701167107
6,3,2,2,260,0.29604613222181797
6,3,2,2,270,0.3039073678664863
6,3,2,2,280,0.3171954699791968
6,3,2,2,290,0.32794524589553475
6,3,2,2,300,0.33951504807919264
6,3,2,2,310,0.35170375695452094
6,3,2,2,320,0.36188080720603466
6,3,2,2,330,0.3730700630694628
6,3,2,2,340,0.38617852004244924
6,3,2,2,350,0.39620203571394086
6,3,2,2,360,0.406506618950516
6,3,2,2,370,0.4188523958437145
6,3,2,2,380,0.42959581268951297
6,3,2,2,390,0.4409067127853632
6,3,2,2,400,0.45263261487707496
6,3,2,2,410,0.46389883989468217
6,3,2,2,420,0.47562027303501964
6,3,2,2,430,0.4868019800633192
6,3,2,2,440,0.497833298984915
6,3,2,2,450,0.5102374111302197
6,3,2,2,460,0.5201707449741662
6,3,2,2,470,0.5319864479824901
6,3,2,2,480,0.5433503119274974
6,3,2,2,490,0.5534937246702611
6,3,2,2,500,0.5651135346852243
6,3,2,2,510,0.5768286599777639
6,3,2,2,520,0.587444051168859
6,3,2,2,530,0.5978333288803697
6,3,2,2,540,0.6098230946809053
6,3,2,2,550,0.6213661627843976
6,3,2,2,560,0.6340467943809927
6,3,2,2,570,0.6467480547726154
6,3,2,2,580,0.6555207897908986
6,3,2,2,590,0.6683317958377302
6,3,4,1,20,0.02255400875583291
6,3,4,1,30,0.034126678947359324
6,3,4,1,40,0.0454079732298851
6,3,4,1,50,0.056676854845136404
6,3,4,1,60,0.06777657475322485
6,3,4,1,70,0.07991085713729262
6,3,4,1,80,0.09040316101163626
6,3,4,1,90,0.10221211798489094
6,3,4,1,100,0.11335246916860342
6,3,4,1,110,0.12521663215011358
6,3,4,1,120,0.1353996228426695
6,3,4,1,130,0.14708416489884257
6,3,4,1,140,0.15860730921849608
6,3,4,1,150,0.1701754010282457
6,3,4,1,160,0.1815111879259348
6,3,4,1,170,0.19245014479383826
6,3,4,1,180,0.203676946926862
6,3,4,1,190,0.2150613758713007
6,3,4,1,200,0.22636656370013952
6,3,4,1,210,0.23926527332514524
6,3,4,1,220,0.24913274263963103
6,3,4,1,230,0.26113554928451777
6,3,4,1,240,0.27098285034298897
6,3,4,1,250,0.2821559188887477
6,3,4,1,260,0.29445247491821647
6,3,4,1,270,0.30586929712444544
6,3,4,1,280,0.3165129655972123
6,3,4,1,290,0.3293608371168375
6,3,4,1,300,0.33918070886284113
6,3,4,1,310,0.3512496999464929
6,3,4,1,320,0.3633171268738806
6,3,4,1,330,0.37199253495782614
6,3,4,1,340,0.38211747305467725
6,3,4,1,350,0.3933780719526112
6,3,4,1,360,0.4043033942580223
6,3,4,1,370,0.4153849300928414
6,3,4,1,380,0.42680320190265775
6,3,4,1,390,0.43924786895513535
6,3,4,1,400,0.4496854981407523
6,3,4,1,410,0.46415681205689907
6,3,4,1,420,0.47663670498877764
6,3,4,1,430,0.4874010537751019
6,3,4,1,440,0.5016388259828091
6,3,4,1,450,0.5104153510183096
6,3,4,1,460,0.5205108961090446
6,3,4,1,470,0.5337015897966921
6,3,4,1,480,0.5434644985944033
6,3,4,1,490,0.5550889479927719
6,3,4,1,500,0.5673694419674575
6,3,4,1,510,0.5787536730058491
6,3,4,1,520,0.5917558511719108
6,3,4,1,530,0.5987552511505783
6,3,4,1,540,0.6094708903692663
6,3,4,1,550,0.619350001681596
6,3,4,1,560,0.6298442548140883
6,3,4,1,570,0.6439561112783849
6,3,4,1,580,0.6533996229991317
6,3,4,1,590,0.6665756590664387
6,3,4,2,20,0.022559629753232002
6,3,4,2,30,0.033972565084695816
6,3,4,2,40,0.04524757573381066
6,3,4,2,50,0.056472985073924065
6,3,4,2,60,0.06770415231585503
6,3,4,2,70,0.07908153301104903
6,3,4,2,80,0.0908169518224895
6,3,4,2,90,0.1015021032653749
6,3,4,2,100,0.11295191897079349
6,3,4,2,110,0.1242212182842195
6,3,4,2,120,0.13515902776271105
6,3,4,2,130,0.14699942618608475
6,3,4,2,140,0.15802043909206986
6,3,4,2,150,0.16988581093028188
6,3,4,2,160,0.18090679729357362
6,3,4,2,170,0.19136815471574664
6,3,4,2,180,0.2028778251260519
6,3,4,2,190,0.2145795407705009
6,3,4,2,200,0.22577767679467797
6,3,4,2,210,0.23698857240378857
6,3,4,2,220,0.247889488004148
6,3,4,2,230,0.26009314600378275
6,3,4,2,240,0.27117081405594945
6,3,4,2,250,0.28291155491024256
6,3,4,2,260,0.2936426270753145
6,3,4,2,270,0.30575333815068007
6,3,4,2,280,0.3162787822075188
6,3,4,2,290,0.32690885569900274
6,3,4,2,300,0.33913219533860683
6,3,4,2,310,0.34991341177374125
6,3,4,2,320,0.36122440779581666
6,3,4,2,330,0.3727759998291731
6,3,4,2,340,0.3837970499880612
6,3,4,2,350,0.39562213979661465
6,3,4,2,360,0.40727793611586094
6,3,4,2,370,0.41850800812244415
6,3,4,2,380,0.42964062420651317
6,3,4,2,390,0.44099804293364286
6,3,4,2,400,0.4518192559480667
6,3,4,2,410,0.4611215558834374
6,3,4,2,420,0.47353408578783274
6,3,4,2,430,0.48514759773388505
6,3,4,2,440,0.49645165586844087
6,3,4,2,450,0.5088793518953025
6,3,4,2,460,0.5177210471592844
6,3,4,2,470,0.5305677140131593
6,3,4,2,480,0.5422883681021631
6,3,4,2,490,0.5531869372352958
6,3,4,2,500,0.5639470908790827
6,3,4,2,510,0.5770412599667907
6,3,4,2,520,0.5881882291287184
6,3,4,2,530,0.5990160061046481
6,3,4,2,540,0.6109574111178517
6,3,4,2,550,0.6237795050255954
6,3,4,2,560,0.6340522612445056
6,3,4,2,570,0.6469366094097495
6,3,4,2,580,0.6585540762171149
6,3,4,2,590,0.66943579306826
6,3,6,1,20,0.02279619826003909
6,3,6,1,30,0.03425121819600463
6,3,6,1,40,0.045499535743147135
6,3,6,1,50,0.05676703993231058
6,3,6,1,60,0.06840740703046322
6,3,6,1,70,0.07940878020599484
6,3,6,1,80,0.09033158514648676
6,3,6,1,90,0.1021138047799468
6,3,6,1,100,0.11331425700336695
6,3,6,1,110,0.12446760293096304
6,3,6,1,120,0.13696732418611646
6,3,6,1,130,0.14754365663975477
6,3,6,1,140,0.1582178738899529
6,3,6,1,150,0.17004384193569422
6,3,6,1,160,0.18116074427962303
6,3,6,1,170,0.19219684088602662
6,3,6,1,180,0.2040793220512569
6,3,6,1,190,0.215435354039073
6,3,6,1,200,0.22626358270645142
6,3,6,1,210,0.23772859293967485
6,3,6,1,220,0.24882546439766884
6,3,6,1,230,0.26044461596757174
6,3,6,1,240,0.2713992646895349
6,3,6,1,250,0.2831304958090186
6,3,6,1,260,0.2936553843319416
6,3,6,1,270,0.305918887257576
6,3,6,1,280,0.31585262482985854
6,3,6,1,290,0.32845483999699354
6,3,6,1,300,0.3402599859982729
6,3,6,1,310,0.3508163630031049
6,3,6,1,320,0.3628573692403734
6,3,6,1,330,0.3756628930568695
6,3,6,1,340,0.38540853606536984
6,3,6,1,350,0.39621912501752377
6,3,6,1,360,0.40679756086319685
6,3,6,1,370,0.4196992111392319
6,3,6,1,380,0.4297555950470269
6,3,6,1,390,0.44302504137158394
6,3,6,1,400,0.4537924691103399
6,3,6,1,410,0.4646856328472495
6,3,6,1,420,0.4763039657846093
6,3,6,1,430,0.48896342515945435
6,3,6,1,440,0.4996162448078394
6,3,6,1,450,0.5121863298118114
6,3,6,1,460,0.5224343570880592
6,3,6,1,470,0.5331824421882629
6,3,6,1,480,0.5446533742360771
6,3,6,1,490,0.555016509257257
6,3,6,1,500,0.5671952641569078
6,3,6,1,510,0.5795155023224652
6,3,6,1,520,0.589035561773926
6,3,6,1,530,0.6021869988180697
6,3,6,1,540,0.6125386501662433
6,3,6,1,550,0.6259815488010645
6,3,6,1,560,0.6347641027532518
6,3,6,1,570,0.6470767823047936
6,3,6,1,580,0.6567908860743046
6,3,6,1,590,0.6697660577483475
6,3,6,2,20,0.022675808053463697
6,3,6,2,30,0.03412114595994353
6,3,6,2,40,0.045639023184776306
6,3,6,2,50,0.05689593032002449
6,3,6,2,60,0.06802669120952487
6,3,6,2,70,0.07949730707332492
6,3,6,2,80,0.09058287227526307
6,3,6,2,90,0.10250315116718411
6,3,6,2,100,0.11290579475462437
6,3,6,2,110,0.12460997235029936
6,3,6,2,120,0.1361921327188611
6,3,6,2,130,0.148262825794518
6,3,6,2,140,0.15861329017207026
6,3,6,2,150,0.1699767718091607
6,3,6,2,160,0.18162160832434893
6,3,6,2,170,0.1932731601409614
6,3,6,2,180,0.20402924995869398
6,3,6,2,190,0.21576574677601457
6,3,6,2,200,0.22709488403052092
6,3,6,2,210,0.23809130303561687
6,3,6,2,220,0.24950326094403863
6,3,6,2,230,0.26104498468339443
6,3,6,2,240,0.27178195398300886
6,3,6,2,250,0.2839032686315477
6,3,6,2,260,0.29484625766053796
6,3,6,2,270,0.30669341003522277
6,3,6,2,280,0.31743215303868055
6,3,6,2,290,0.32886433508247137
6,3,6,2,300,0.340583180077374
6,3,6,2,310,0.35133186588063836
6,3,6,2,320,0.362327684648335
6,3,6,2,330,0.37410327419638634
6,3,6,2,340,0.3849437600001693
6,3,6,2,350,0.3958280640654266
6,3,6,2,360,0.40689108381047845
6,3,6,2,370,0.41972673311829567
6,3,6,2,380,0.4303207560442388
6,3,6,2,390,0.4426633766852319
6,3,6,2,400,0.4530245289206505
6,3,6,2,410,0.4647422647103667
6,3,6,2,420,0.47556518483906984
6,3,6,2,430,0.48716773791238666
6,3,6,2,440,0.4972501019947231
6,3,6,2,450,0.509476216044277
6,3,6,2,460,0.5205560438334942
6,3,6,2,470,0.5323034632019699
6,3,6,2,480,0.5434750276617706
6,3,6,2,490,0.5564553560689092
6,3,6,2,500,0.564987801015377
6,3,6,2,510,0.5779470698907971
6,3,6,2,520,0.5883135478943586
6,3,6,2,530,0.6008233986794949
6,3,6,2,540,0.6115567800588906
6,3,6,2,550,0.6246916861273348
6,3,6,2,560,0.6341391569003463
6,3,6,2,570,0.6440695337951183
6,3,6,2,580,0.6582486657425761
6,3,6,2,590,0.6702529778704047
6,3,8,1,20,0.02261132001876831
6,3,8,1,30,0.03440780192613602
6,3,8,1,40,0.04519708873704076
6,3,8,1,50,0.05673699267208576
6,3,8,1,60,0.06777863670140505
6,3,8,1,70,0.07971816370263696
6,3,8,1,80,0.09098747884854674
6,3,8,1,90,0.10228542191907763
6,3,8,1,100,0.11321105109527707
6,3,8,1,110,0.12513055512681603
6,3,8,1,120,0.13638337515294552
6,3,8,1,130,0.14794466877356172
6,3,8,1,140,0.15854135528206825
6,3,8,1,150,0.1701207379810512
6,3,8,1,160,0.18160239793360233
6,3,8,1,170,0.19367904495447874
6,3,8,1,180,0.20346286101266742
6,3,8,1,190,0.2158449557609856
6,3,8,1,200,0.22626868821680546
6,3,8,1,210,0.23860193695873022
6,3,8,1,220,0.2493718401528895
6,3,8,1,230,0.26218570303171873
6,3,8,1,240,0.27223139395937324
6,3,8,1,250,0.2844041706994176
6,3,8,1,260,0.29704773100093007
6,3,8,1,270,0.3071478880010545
6,3,8,1,280,0.31885453779250383
6,3,8,1,290,0.3299485230818391
6,3,8,1,300,0.33996497420594096
6,3,8,1,310,0.35393792670220137
6,3,8,1,320,0.36482924362644553
6,3,8,1,330,0.37440591817721725
6,3,8,1,340,0.38533225003629923
6,3,8,1,350,0.3993242518045008
6,3,8,1,360,0.4091373607516289
6,3,8,1,370,0.42146741366013885
6,3,8,1,380,0.4318350260145962
6,3,8,1,390,0.4422666351310909
6,3,8,1,400,0.45471229031682014
6,3,8,1,410,0.4658655137754977
6,3,8,1,420,0.47681063087657094
6,3,8,1,430,0.4885122482664883
6,3,8,1,440,0.5020391498692334
6,3,8,1,450,0.5101172882132232
6,3,8,1,460,0.5210455423220992
6,3,8,1,470,0.5341405821964145
6,3,8,1,480,0.5445333546958864
6,3,8,1,490,0.5563992238603532
6,3,8,1,500,0.5663817618042231
6,3,8,1,510,0.5782660390250385
6,3,8,1,520,0.589416716247797
6,3,8,1,530,0.6054899957962334
6,3,8,1,540,0.6122729489579797
6,3,8,1,550,0.6254696398973465
6,3,8,1,560,0.6358238770626485
6,3,8,1,570,0.6474420460872352
6,3,8,1,580,0.658975213766098
6,3,8,1,590,0.6702106459997594
6,3,8,2,20,0.022752895019948483
6,3,8,2,30,0.03384385397657752
6,3,8,2,40,0.04541508900001645
6,3,8,2,50,0.056745911948382854
6,3,8,2,60,0.06785954860970378
6,3,8,2,70,0.0793877998366952
6,3,8,2,80,0.09043225599452853
6,3,8,2,90,0.10188094107434154
6,3,8,2,100,0.11403420800343156
6,3,8,2,110,0.12515046540647745
6,3,8,2,120,0.13636578107252717
6,3,8,2,130,0.14759176271036267
6,3,8,2,140,0.15933218272402883
6,3,8,2,150,0.17067616991698742
6,3,8,2,160,0.18145864689722657
6,3,8,2,170,0.19331836700439453
6,3,8,2,180,0.20453547593206167
6,3,8,2,190,0.21582716889679432
6,3,8,2,200,0.2262838650494814
6,3,8,2,210,0.23812690284103155
6,3,8,2,220,0.24933589296415448
6,3,8,2,230,0.26137606985867023
6,3,8,2,240,0.27273276820778847
6,3,8,2,250,0.2843171330168843
6,3,8,2,260,0.2952705901116133
6,3,8,2,270,0.3067722897976637
6,3,8,2,280,0.3176361615769565
6,3,8,2,290,0.3299003941938281
6,3,8,2,300,0.34018290089443326
6,3,8,2,310,0.35199628910049796
6,3,8,2,320,0.363120935857296
6,3,8,2,330,0.37503981264308095
6,3,8,2,340,0.38680172711610794
6,3,8,2,350,0.39744594087824225
6,3,8,2,360,0.40919549809768796
6,3,8,2,370,0.4208037410862744
6,3,8,2,380,0.43225341010838747
6,3,8,2,390,0.44206439005210996
6,3,8,2,400,0.45400639390572906
6,3,8,2,410,0.46549377869814634
6,3,8,2,420,0.4768324629403651
6,3,8,2,430,0.4876374751329422
6,3,8,2,440,0.5000990782864392
6,3,8,2,450,0.5111837699078023
6,3,8,2,460,0.5217387960292399
6,3,8,2,470,0.5351077751256526
6,3,8,2,480,0.5447522369213402
6,3,8,2,490,0.5553565709851682
6,3,8,2,500,0.5669558648951352
6,3,8,2,510,0.5804853178560734
6,3,8,2,520,0.5894841002300382
6,3,8,2,530,0.6001332830637693
6,3,8,2,540,0.6116200182586908
6,3,8,2,550,0.623466077260673
6,3,8,2,560,0.6349810766987503
6,3,8,2,570,0.6473636236041784
6,3,8,2,580,0.6583677930757403
6,3,8,2,590,0.6712465747259557
6,3,10,1,20,0.022832286078482866
6,3,10,1,30,0.034076851792633533
6,3,10,1,40,0.045574153773486614
6,3,10,1,50,0.057070475071668625
6,3,10,1,60,0.06822103913873434
6,3,10,1,70,0.07993866316974163
6,3,10,1,80,0.09112348780035973
6,3,10,1,90,0.10226837126538157
6,3,10,1,100,0.11408615298569202
6,3,10,1,110,0.12547669187188148
6,3,10,1,120,0.13616887712851167
6,3,10,1,130,0.1477096201851964
6,3,10,1,140,0.15951441694051027
6,3,10,1,150,0.17085159290581942
6,3,10,1,160,0.18289574421942234
6,3,10,1,170,0.19403330981731415
6,3,10,1,180,0.20327733317390084
6,3,10,1,190,0.21667504403740168
6,3,10,1,200,0.22801826987415552
6,3,10,1,210,0.23969346610829234
6,3,10,1,220,0.25125688407570124
6,3,10,1,230,0.26219315314665437
6,3,10,1,240,0.27301063016057014
6,3,10,1,250,0.2847610069438815
6,3,10,1,260,0.296343132853508
6,3,10,1,270,0.30818219669163227
6,3,10,1,280,0.3182336399331689
6,3,10,1,290,0.33155732974410057
6,3,10,1,300,0.341741185169667
6,3,10,1,310,0.3541323319077492
6,3,10,1,320,0.36484140809625387
6,3,10,1,330,0.3765610051341355
6,3,10,1,340,0.38697224436327815
6,3,10,1,350,0.39945365581661463
6,3,10,1,360,0.4097342430613935
6,3,10,1,370,0.4217733177356422
6,3,10,1,380,0.4324860880151391
6,3,10,1,390,0.44583287416025996
6,3,10,1,400,0.4559340663254261
6,3,10,1,410,0.46860140515491366
6,3,10,1,420,0.4789509358815849
6,3,10,1,430,0.49070101231336594
6,3,10,1,440,0.5014939270913601
6,3,10,1,450,0.5148471868596971
6,3,10,1,460,0.5250479243695736
6,3,10,1,470,0.5374647849239409
6,3,10,1,480,0.5470269368961453
6,3,10,1,490,0.5583397708833218
6,3,10,1,500,0.5701518720015883
6,3,10,1,510,0.5831499192863703
6,3,10,1,520,0.5931106293573976
6,3,10,1,530,0.6052014790475368
6,3,10,1,540,0.61618224484846
6,3,10,1,550,0.6275899237953126
6,3,10,1,560,0.6404047627002001
6,3,10,1,570,0.6512228543870151
6,3,10,1,580,0.6601803358644247
6,3,10,1,590,0.6705245836637914
6,3,10,2,20,0.022792768198996782
6,3,10,2,30,0.03411044692620635
6,3,10,2,40,0.04552131611853838
6,3,10,2,50,0.05685991607606411
6,3,10,2,60,0.06818088097497821
6,3,10,2,70,0.07942307321354747
6,3,10,2,80,0.09067132137715816
6,3,10,2,90,0.10236222576349974
6,3,10,2,100,0.11356446985155344
6,3,10,2,110,0.12521175667643547
6,3,10,2,120,0.13698848942294717
6,3,10,2,130,0.14805512921884656
6,3,10,2,140,0.1598866549320519
6,3,10,2,150,0.17030971590429544
6,3,10,2,160,0.18187273805961013
6,3,10,2,170,0.1933224108070135
6,3,10,2,180,0.2042766259983182
6,3,10,2,190,0.21624060813337564
6,3,10,2,200,0.2276550130918622
6,3,10,2,210,0.2387804351747036
6,3,10,2,220,0.25075254309922457
6,3,10,2,230,0.2615997320972383
6,3,10,2,240,0.272613184992224
6,3,10,2,250,0.2850886471569538
6,3,10,2,260,0.29581090016290545
6,3,10,2,270,0.307872898876667
6,3,10,2,280,0.3192748799920082
6,3,10,2,290,0.331138894893229
6,3,10,2,300,0.341235872823745
6,3,10,2,310,0.3539660037495196
6,3,10,2,320,0.36374078784137964
6,3,10,2,330,0.376164095941931
6,3,10,2,340,0.3858865541405976
6,3,10,2,350,0.3989014229737222
6,3,10,2,360,0.4099348406307399
6,3,10,2,370,0.42202383978292346
6,3,10,2,380,0.4337863018736243
6,3,10,2,390,0.44269300112500787
6,3,10,2,400,0.4550706399604678
6,3,10,2,410,0.46716858725994825
6,3,10,2,420,0.47799100633710623
6,3,10,2,430,0.4913088120520115
6,3,10,2,440,0.501530020032078
6,3,10,2,450,0.5135108921676874
6,3,10,2,460,0.522819516249001
6,3,10,2,470,0.5367882107384503
6,3,10,2,480,0.5476826722733676
6,3,10,2,490,0.5598152843303978
6,3,10,2,500,0.5728558450937271
6,3,10,2,510,0.5795802618376911
6,3,10,2,520,0.5919829430058599
6,3,10,2,530,0.6034278157167137
6,3,10,2,540,0.6139458720572293
6,3,10,2,550,0.6244091987609863
6,3,10,2,560,0.6371573801152408
6,3,10,2,570,0.6510867136530578
6,3,10,2,580,0.6584079428575933
6,3,10,2,590,0.6712504271417856
6,3,12,1,20,0.022945922799408436
6,3,12,1,30,0.03445069584995508
6,3,12,1,40,0.04582904605194926
6,3,12,1,50,0.05744495987892151
6,3,12,1,60,0.06870438298210502
6,3,12,1,70,0.08020482212305069
6,3,12,1,80,0.09160135593265295
6,3,12,1,90,0.10328482184559107
6,3,12,1,100,0.11448368895798922
6,3,12,1,110,0.12647417606785893
6,3,12,1,120,0.1376981306821108
6,3,12,1,130,0.14933945797383785
6,3,12,1,140,0.1601724741049111
6,3,12,1,150,0.1722691277973354
6,3,12,1,160,0.18321679392829537
6,3,12,1,170,0.19523336784914136
6,3,12,1,180,0.20620368188247085
6,3,12,1,190,0.21850264072418213
6,3,12,1,200,0.23043680004775524
6,3,12,1,210,0.24159553926438093
6,3,12,1,220,0.25269972486421466
6,3,12,1,230,0.264823229983449
6,3,12,1,240,0.27677313704043627
6,3,12,1,250,0.28742966102436185
6,3,12,1,260,0.299195549916476
6,3,12,1,270,0.31127376994118094
6,3,12,1,280,0.32257874589413404
6,3,12,1,290,0.3329013283364475
6,3,12,1,300,0.3448038510978222
6,3,12,1,310,0.3573233322240412
6,3,12,1,320,0.3664166610687971
6,3,12,1,330,0.37922144308686256
6,3,12,1,340,0.3905727160163224
6,3,12,1,350,0.4034209717065096
6,3,12,1,360,0.4151800097897649
6,3,12,1,370,0.4276750348508358
6,3,12,1,380,0.43784368224442005
6,3,12,1,390,0.44994345493614674
6,3,12,1,400,0.46074511809274554
6,3,12,1,410,0.47241467889398336
6,3,12,1,420,0.4828410870395601
6,3,12,1,430,0.49438264360651374
6,3,12,1,440,0.5061189900152385
6,3,12,1,450,0.5186480470001698
6,3,12,1,460,0.5286543387919664
6,3,12,1,470,0.5405127936974168
6,3,12,1,480,0.5543954400345683
6,3,12,1,490,0.5666104308329523
6,3,12,1,500,0.576849383302033
6,3,12,1,510,0.5873787039890885
6,3,12,1,520,0.5997134521603584
6,3,12,1,530,0.6105025582946837
6,3,12,1,540,0.6214072932489216
6,3,12,1,550,0.6346478806808591
6,3,12,1,560,0.6442180601879954
6,3,12,1,570,0.6570073179900646
6,3,12,1,580,0.6670212694443762
6,3,12,1,590,0.6790565401315689
6,3,12,2,20,0.023003546055406332
6,3,12,2,30,0.03462919034063816
6,3,12,2,40,0.04592502908781171
6,3,12,2,50,0.05735067883506417
6,3,12,2,60,0.06890107411891222
6,3,12,2,70,0.07996795792132616
6,3,12,2,80,0.09143003774806857
6,3,12,2,90,0.10315059032291174
6,3,12,2,100,0.11450736410915852
6,3,12,2,110,0.126232729293406
6,3,12,2,120,0.13723156787455082
6,3,12,2,130,0.14898864878341556
6,3,12,2,140,0.16183105297386646
6,3,12,2,150,0.17302973102778196
6,3,12,2,160,0.18457701103761792
6,3,12,2,170,0.19626812729984522
6,3,12,2,180,0.20795044489204884
6,3,12,2,190,0.21972726099193096
6,3,12,2,200,0.2304505566135049
6,3,12,2,210,0.2412959160283208
6,3,12,2,220,0.2537388759665191
6,3,12,2,230,0.26513550616800785
6,3,12,2,240,0.27692815894261
6,3,12,2,250,0.2880062381736934
6,3,12,2,260,0.2995567419566214
6,3,12,2,270,0.3110951348207891
6,3,12,2,280,0.3224073639139533
6,3,12,2,290,0.33345615584403276
6,3,12,2,300,0.3456026059575379
6,3,12,2,310,0.3565935757942498
6,3,12,2,320,0.3673833031207323
6,3,12,2,330,0.37930386420339346
6,3,12,2,340,0.3907426088117063
6,3,12,2,350,0.4022517683915794
6,3,12,2,360,0.4138778508640826
6,3,12,2,370,0.42615214362740517
6,3,12,2,380,0.43715906515717506
6,3,12,2,390,0.4492677007801831
6,3,12,2,400,0.45876731211319566
6,3,12,2,410,0.47311412123963237
6,3,12,2,420,0.4848310281522572
6,3,12,2,430,0.4965619039721787
6,3,12,2,440,0.5074995066970587
6,3,12,2,450,0.5202236529439688
6,3,12,2,460,0.5302346139214933
6,3,12,2,470,0.5437714112922549
6,3,12,2,480,0.553409778047353
6,3,12,2,490,0.5656832111999393
6,3,12,2,500,0.5743128838948905
6,3,12,2,510,0.5888799950480461
6,3,12,2,520,0.5988500798121095
6,3,12,2,530,0.6127440393902361
6,3,12,2,540,0.6231344188563526
6,3,12,2,550,0.6360355047509074
6,3,12,2,560,0.6455357382073998
6,3,12,2,570,0.6574771269224584
6,3,12,2,580,0.6674610888585448
6,3,12,2,590,0.6805339949205518
6,4,2,1,20,0.022670496255159378
6,4,2,1,30,0.03409048309549689
6,4,2,1,40,0.04546878393739462
6,4,2,1,50,0.056815970223397017
6,4,2,1,60,0.06801226502284408
6,4,2,1,70,0.07972132600843906
6,4,2,1,80,0.09063442284241319
6,4,2,1,90,0.10253237513825297
6,4,2,1,100,0.11380557669326663
6,4,2,1,110,0.12512256111949682
6,4,2,1,120,0.13631134200841188
6,4,2,1,130,0.14797412184998393
6,4,2,1,140,0.15926118567585945
6,4,2,1,150,0.17075345618650317
6,4,2,1,160,0.18200603313744068
6,4,2,1,170,0.19316832395270467
6,4,2,1,180,0.20483622513711452
6,4,2,1,190,0.21616889303550124
6,4,2,1,200,0.226920654065907
6,4,2,1,210,0.23912939382717013
6,4,2,1,220,0.24984591035172343
6,4,2,1,230,0.2617728500626981
6,4,2,1,240,0.27299382211640477
6,4,2,1,250,0.28309089690446854
6,4,2,1,260,0.29487444227561355
6,4,2,1,270,0.30597164016216993
6,4,2,1,280,0.3168968162499368
6,4,2,1,290,0.32867369474843144
6,4,2,1,300,0.34015120565891266
6,4,2,1,310,0.35163769824430346
6,4,2,1,320,0.3624670566059649
6,4,2,1,330,0.3742830529808998
6,4,2,1,340,0.3872931017540395
6,4,2,1,350,0.39677490713074803
6,4,2,1,360,0.4076393651776016
6,4,2,1,370,0.4205974261276424
6,4,2,1,380,0.4323442508466542
6,4,2,1,390,0.44281508307904005
6,4,2,1,400,0.45348312333226204
6,4,2,1,410,0.4658366017974913
6,4,2,1,420,0.4757658187299967
6,4,2,1,430,0.4874458401463926
6,4,2,1,440,0.49780209129676223
6,4,2,1,450,0.5096054347231984
6,4,2,1,460,0.5204740329645574
6,4,2,1,470,0.5328325619921088
6,4,2,1,480,0.5437966450117528
6,4,2,1,490,0.5569090778008103
6,4,2,1,500,0.5650140340439975
6,4,2,1,510,0.5772642819210887
6,4,2,1,520,0.5884418548084795
6,4,2,1,530,0.6006632838398218
6,4,2,1,540,0.6122220237739384
6,4,2,1,550,0.6276085721328855
6,4,2,1,560,0.6351289507001638
6,4,2,1,570,0.6467187721282244
6,4,2,1,580,0.6585336509160697
6,4,2,1,590,0.6697206469252706
6,4,2,2,20,0.02265816181898117
6,4,2,2,30,0.03391123982146382
6,4,2,2,40,0.045178331900388
6,4,2,2,50,0.05655146110802889
6,4,2,2,60,0.06795785715803504
6,4,2,2,70,0.07924332888796926
6,4,2,2,80,0.09037114400416613
6,4,2,2,90,0.10173399467021227
6,4,2,2,100,0.11320116883143783
6,4,2,2,110,0.12477924022823572
6,4,2,2,120,0.1363430223427713
6,4,2,2,130,0.14770985208451748
6,4,2,2,140,0.15834844298660755
6,4,2,2,150,0.16990741807967424
6,4,2,2,160,0.18145981896668673
6,4,2,2,170,0.1920876568183303
6,4,2,2,180,0.20312598906457424
6,4,2,2,190,0.2149974307976663
6,4,2,2,200,0.22598869493231177
6,4,2,2,210,0.23787314305081964
6,4,2,2,220,0.24876958318054676
6,4,2,2,230,0.26037762640044093
6,4,2,2,240,0.27145325392484665
6,4,2,2,250,0.28295167721807957
6,4,2,2,260,0.2945741289295256
6,4,2,2,270,0.30605312902480364
6,4,2,2,280,0.3172159041278064
6,4,2,2,290,0.32886358816176653
6,4,2,2,300,0.33859958313405514
6,4,2,2,310,0.3515278520062566
6,4,2,2,320,0.3618685989640653
6,4,2,2,330,0.3742154147475958
6,4,2,2,340,0.3855023276992142
6,4,2,2,350,0.39582456927746534
6,4,2,2,360,0.407727156765759
6,4,2,2,370,0.42049487493932247
6,4,2,2,380,0.4301740489900112
6,4,2,2,390,0.44207655964419246
6,4,2,2,400,0.453751009888947
6,4,2,2,410,0.46445731120184064
6,4,2,2,420,0.47568581672385335
6,4,2,2,430,0.4881062009371817
6,4,2,2,440,0.49794455198571086
6,4,2,2,450,0.5098554291762412
6,4,2,2,460,0.520968115888536
6,4,2,2,470,0.533391882199794
6,4,2,2,480,0.5446279649622738
6,4,2,2,490,0.557299877051264
6,4,2,2,500,0.5678320438601077
6,4,2,2,510,0.5775751867331564
6,4,2,2,520,0.589490519836545
6,4,2,2,530,0.6013325732201338
6,4,2,2,540,0.6126756640151143
6,4,2,2,550,0.6247773938812315
6,4,2,2,560,0.6354606891982257
6,4,2,2,570,0.6486181886866689
6,4,2,2,580,0.6577308867126703
6,4,2,2,590,0.6695690411143005
6,4,4,1,20,0.022749606054276228
6,4,4,1,30,0.034291707910597324
6,4,4,1,40,0.045530630741268396
6,4,4,1,50,0.056957532186061144
6,4,4,1,60,0.06856847321614623
6,4,4,1,70,0.07962202234193683
6,4,4,1,80,0.09128036489710212
6,4,4,1,90,0.10297692334279418
6,4,4,1,100,0.11320221377536654
6,4,4,1,110,0.12534366780892015
6,4,4,1,120,0.136976920068264
6,4,4,1,130,0.14798487117514014
6,4,4,1,140,0.15934718772768974
6,4,4,1,150,0.17114619119092822
6,4,4,1,160,0.18227299209684134
6,4,4,1,170,0.19448037212714553
6,4,4,1,180,0.20500226458534598
6,4,4,1,190,0.21640344010666013
6,4,4,1,200,0.22819968312978745
6,4,4,1,210,0.23976067593321204
6,4,4,1,220,0.2502021975815296
6,4,4,1,230,0.2623070809058845
6,4,4,1,240,0.27330497093498707
6,4,4,1,250,0.284826940856874
6,4,4,1,260,0.29569233302026987
6,4,4,1,270,0.30745633179321885
6,4,4,1,280,0.31883432483300567
6,4,4,1,290,0.3304970609024167
6,4,4,1,300,0.34176631970331073
6,4,4,1,310,0.3538481849245727
6,4,4,1,320,0.3640316273085773
6,4,4,1,330,0.37584714917466044
6,4,4,1,340,0.3857269333675504
6,4,4,1,350,0.39861691603437066
6,4,4,1,360,0.4092101091518998
6,4,4,1,370,0.4208664116449654
6,4,4,1,380,0.4316931217908859
6,4,4,1,390,0.4436970981769264
6,4,4,1,400,0.45516206603497267
6,4,4,1,410,0.467117618303746
6,4,4,1,420,0.478126288857311
6,4,4,1,430,0.4893269711174071
6,4,4,1,440,0.5007058642804623
6,4,4,1,450,0.5126611893065274
6,4,4,1,460,0.5234810430556536
6,4,4,1,470,0.5342125939205289
6,4,4,1,480,0.5453918590210378
6,4,4,1,490,0.5575161343440413
6,4,4,1,500,0.5703117921948433
6,4,4,1,510,0.5806627408601344
6,4,4,1,520,0.589757900685072
6,4,4,1,530,0.6033004932105541
6,4,4,1,540,0.6136751938611269
6,4,4,1,550,0.6259524980559945
6,4,4,1,560,0.6362644308246672
6,4,4,1,570,0.6472464976832271
6,4,4,1,580,0.6596919749863446
6,4,4,1,590,0.6708083162084222
6,4,4,2,20,0.022752792108803988
6,4,4,2,30,0.03412910411134362
6,4,4,2,40,0.045542268082499504
6,4,4,2,50,0.05685714120045304
6,4,4,2,60,0.0679340879432857
6,4,4,2,70,0.0792531231418252
6,4,4,2,80,0.09058308461681008
6,4,4,2,90,0.10196874989196658
6,4,4,2,100,0.11313966894522309
6,4,4,2,110,0.1249696440063417
6,4,4,2,120,0.13621458830311894
6,4,4,2,130,0.14821046963334084
6,4,4,2,140,0.1587182031944394
6,4,4,2,150,0.17076821019873023
6,4,4,2,160,0.18151873908936977
6,4,4,2,170,0.19332492677494884
6,4,4,2,180,0.20445580082014203
6,4,4,2,190,0.21657149633392692
6,4,4,2,200,0.2271612100303173
6,4,4,2,210,0.23842454887926579
6,4,4,2,220,0.2496911701746285
6,4,4,2,230,0.26194343995302916
6,4,4,2,240,0.2728329380042851
6,4,4,2,250,0.28417941089719534
6,4,4,2,260,0.29483039677143097
6,4,4,2,270,0.30682693561539054
6,4,4,2,280,0.3184062629006803
6,4,4,2,290,0.3301095338538289
6,4,4,2,300,0.339644196908921
6,4,4,2,310,0.3530976679176092
6,4,4,2,320,0.36396912718191743
6,4,4,2,330,0.37561569176614285
6,4,4,2,340,0.3865466807037592
6,4,4,2,350,0.3982930351048708
6,4,4,2,360,0.40970802307128906
6,4,4,2,370,0.4216711279004812
6,4,4,2,380,0.4309759670868516
6,4,4,2,390,0.44297217670828104
6,4,4,2,400,0.45377787156030536
6,4,4,2,410,0.4660680550150573
6,4,4,2,420,0.47703901678323746
6,4,4,2,430,0.48852567467838526
6,4,4,2,440,0.4997053658589721
6,4,4,2,450,0.512574187014252
6,4,4,2,460,0.522168381139636
6,4,4,2,470,0.5354726128280163
6,4,4,2,480,0.5454826098866761
6,4,4,2,490,0.5600110930390656
6,4,4,2,500,0.5675004520453513
6,4,4,2,510,0.5808539697900414
6,4,4,2,520,0.5913297478109598
6,4,4,2,530,0.6038672677241266
6,4,4,2,540,0.6130263959057629
6,4,4,2,550,0.6244284128770232
6,4,4,2,560,0.6351548619568348
6,4,4,2,570,0.6481320918537676
6,4,4,2,580,0.6581274690106511
6,4,4,2,590,0.6688869381323457
6,4,6,1,20,0.02283628098666668
6,4,6,1,30,0.034253285732120275
6,4,6,1,40,0.04582058312371373
6,4,6,1,50,0.05740714771673083
6,4,6,1,60,0.06873391289263964
6,4,6,1,70,0.08035196922719479
6,4,6,1,80,0.0920010139234364
6,4,6,1,90,0.10310326097533107
6,4,6,1,100,0.11459856107831001
6,4,6,1,110,0.12619261490181088
6,4,6,1,120,0.13711829483509064
6,4,6,1,130,0.14890733314678073
6,4,6,1,140,0.16030844813212752
6,4,6,1,150,0.17185424687340856
6,4,6,1,160,0.18267105659469962
6,4,6,1,170,0.19523816602304578
6,4,6,1,180,0.205947398673743
6,4,6,1,190,0.2177361841313541
6,4,6,1,200,0.22909330995753407
6,4,6,1,210,0.2411367711611092
6,4,6,1,220,0.25215750792995095
6,4,6,1,230,0.2638953626155853
6,4,6,1,240,0.2764642219990492
6,4,6,1,250,0.28614843590185046
6,4,6,1,260,0.2990151741541922
6,4,6,1,270,0.3095441977493465
6,4,6,1,280,0.32110198866575956
6,4,6,1,290,0.3328343089669943
6,4,6,1,300,0.3445367659442127
6,4,6,1,310,0.35769891692325473
6,4,6,1,320,0.36819479893893003
6,4,6,1,330,0.37702452018857
6,4,6,1,340,0.38977483520284295
6,4,6,1,350,0.402445828076452
6,4,6,1,360,0.41167774703353643
6,4,6,1,370,0.4239832917228341
6,4,6,1,380,0.43527328968048096
6,4,6,1,390,0.44603619910776615
6,4,6,1,400,0.4566577007062733
6,4,6,1,410,0.4679542938247323
6,4,6,1,420,0.47989465901628137
6,4,6,1,430,0.49345539789646864
6,4,6,1,440,0.5044772662222385
6,4,6,1,450,0.5148791158571839
6,4,6,1,460,0.5247214478440583
6,4,6,1,470,0.5383263137191534
6,4,6,1,480,0.547624428756535
6,4,6,1,490,0.558566143270582
6,4,6,1,500,0.5711483121849597
6,4,6,1,510,0.583735509775579
6,4,6,1,520,0.5949669266119599
6,4,6,1,530,0.6081123356707394
6,4,6,1,540,0.6176526499912143
6,4,6,1,550,0.6294387867674232
6,4,6,1,560,0.6407998795621097
6,4,6,1,570,0.6523805907927454
6,4,6,1,580,0.6630583298392594
6,4,6,1,590,0.6746445456519723
6,4,6,2,20,0.02291194023564458
6,4,6,2,30,0.034346068277955055
6,4,6,2,40,0.04574997304007411
6,4,6,2,50,0.0572357252240181
6,4,6,2,60,0.06847518822178245
6,4,6,2,70,0.07984099444001913
6,4,6,2,80,0.09112744685262442
6,4,6,2,90,0.1031841728836298
6,4,6,2,100,0.11453788913786411
6,4,6,2,110,0.12603163113817573
6,4,6,2,120,0.13716191705316305
6,4,6,2,130,0.14880945067852736
6,4,6,2,140,0.15964275412261486
6,4,6,2,150,0.17086078226566315
6,4,6,2,160,0.18232374684885144
6,4,6,2,170,0.19411626504734159
6,4,6,2,180,0.20464976970106363
6,4,6,2,190,0.21634964179247618
6,4,6,2,200,0.2271005567163229
6,4,6,2,210,0.23981659999117255
6,4,6,2,220,0.25045683793723583
6,4,6,2,230,0.2625086549669504
6,4,6,2,240,0.2731905276887119
6,4,6,2,250,0.285041157156229
6,4,6,2,260,0.2958265421912074
6,4,6,2,270,0.30844250600785017
6,4,6,2,280,0.3203174388036132
6,4,6,2,290,0.33103845035657287
6,4,6,2,300,0.34226144617423415
6,4,6,2,310,0.35374912386760116
6,4,6,2,320,0.3637635223567486
6,4,6,2,330,0.37683326192200184
6,4,6,2,340,0.38727875985205173
6,4,6,2,350,0.39973673690110445
6,4,6,2,360,0.40959196584299207
6,4,6,2,370,0.42171171493828297
6,4,6,2,380,0.432612681761384
6,4,6,2,390,0.4436557460576296
6,4,6,2,400,0.45589266810566187
6,4,6,2,410,0.4681521439924836
6,4,6,2,420,0.47996531007811427
6,4,6,2,430,0.49193720798939466
6,4,6,2,440,0.5022367453202605
6,4,6,2,450,0.5133498669601977
6,4,6,2,460,0.522136053070426
6,4,6,2,470,0.5368985049426556
6,4,6,2,480,0.5463056238368154
6,4,6,2,490,0.5585676380433142
6,4,6,2,500,0.5685770129784942
6,4,6,2,510,0.581719474401325
6,4,6,2,520,0.5919275926426053
6,4,6,2,530,0.6044058999978006
6,4,6,2,540,0.6159795047715306
6,4,6,2,550,0.625904104206711
6,4,6,2,560,0.6358158621005714
6,4,6,2,570,0.6511513260193169
6,4,6,2,580,0.6620309907011688
6,4,6,2,590,0.6750722639262676
6,4,8,1,20,0.023358507081866264
6,4,8,1,30,0.03513923101127148
6,4,8,1,40,0.046642165165394545
6,4,8,1,50,0.05870331358164549
6,4,8,1,60,0.06975167198106647
6,4,8,1,70,0.08151589194312692
6,4,8,1,80,0.0932360920123756
6,4,8,1,90,0.10494329920038581
6,4,8,1,100,0.11609107675030828
6,4,8,1,110,0.12886306596919894
6,4,8,1,120,0.14012109022587538
6,4,8,1,130,0.1519080549478531
6,4,8,1,140,0.16297498485073447
6,4,8,1,150,0.17447192780673504
6,4,8,1,160,0.18571827095001936
6,4,8,1,170,0.19795490195974708
6,4,8,1,180,0.20941130025312304
6,4,8,1,190,0.22074049478396773
6,4,8,1,200,0.2324644299224019
6,4,8,1,210,0.24435951141640544
6,4,8,1,220,0.25544480606913567
6,4,8,1,230,0.26705549471080303
6,4,8,1,240,0.27841713186353445
6,4,8,1,250,0.29058629693463445
6,4,8,1,260,0.3020782032981515
6,4,8,1,270,0.31413492234423757
6,4,8,1,280,0.32583860494196415
6,4,8,1,290,0.3370421789586544
6,4,8,1,300,0.349352790042758
6,4,8,1,310,0.3617379982024431
6,4,8,1,320,0.3730261060409248
6,4,8,1,330,0.3846398559398949
6,4,8,1,340,0.3965277709066868
6,4,8,1,350,0.4073721831664443
6,4,8,1,360,0.418385720346123
6,4,8,1,370,0.43156646890565753
6,4,8,1,380,0.44102522265166044
6,4,8,1,390,0.4535455801524222
6,4,8,1,400,0.4653800232335925
6,4,8,1,410,0.47638371493667364
6,4,8,1,420,0.4882776481099427
6,4,8,1,430,0.5006174608133733
6,4,8,1,440,0.5122700692154467
6,4,8,1,450,0.5246369568631053
6,4,8,1,460,0.5357686597853899
6,4,8,1,470,0.5490025263279676
6,4,8,1,480,0.5579963927157223
6,4,8,1,490,0.5720931179821491
6,4,8,1,500,0.5829809559509158
6,4,8,1,510,0.5953497039154172
6,4,8,1,520,0.6049783807247877
6,4,8,1,530,0.6170511082746089
6,4,8,1,540,0.6255613784305751
6,4,8,1,550,0.6376311830244958
6,4,8,1,560,0.6525974981486797
6,4,8,1,570,0.6642651041038334
6,4,8,1,580,0.6732351179234684
6,4,8,1,590,0.6870563472621143
6,4,8,2,20,0.02324380027130246
6,4,8,2,30,0.034845370799303055
6,4,8,2,40,0.046362599823623896
6,4,8,2,50,0.05787114519625902
6,4,8,2,60,0.06919762585312128
6,4,8,2,70,0.0809378051199019
6,4,8,2,80,0.0925076468847692
6,4,8,2,90,0.10388144664466381
6,4,8,2,100,0.11526424204930663
6,4,8,2,110,0.12689413595944643
6,4,8,2,120,0.13838415499776602
6,4,8,2,130,0.14980416372418404
6,4,8,2,140,0.16180185414850712
6,4,8,2,150,0.1730592860840261
6,4,8,2,160,0.18446252821013331
6,4,8,2,170,0.1962578878737986
6,4,8,2,180,0.2073278329335153
6,4,8,2,190,0.2196982759051025
6,4,8,2,200,0.2309082462452352
6,4,8,2,210,0.24182048300281167
6,4,8,2,220,0.2539638578891754
6,4,8,2,230,0.2647305577993393
6,4,8,2,240,0.2757199937477708
6,4,8,2,250,0.288034884724766
6,4,8,2,260,0.2996850381605327
6,4,8,2,270,0.3114453502930701
6,4,8,2,280,0.3235154040157795
6,4,8,2,290,0.3346249172464013
6,4,8,2,300,0.34538310393691063
6,4,8,2,310,0.3572707590647042
6,4,8,2,320,0.36794482404366136
6,4,8,2,330,0.37968700425699353
6,4,8,2,340,0.3900156202726066
6,4,8,2,350,0.4026599647477269
6,4,8,2,360,0.4139091679826379
6,4,8,2,370,0.42559392424300313
6,4,8,2,380,0.43746144510805607
6,4,8,2,390,0.4485303503461182
6,4,8,2,400,0.45971901807934046
6,4,8,2,410,0.47176857478916645
6,4,8,2,420,0.4823397980071604
6,4,8,2,430,0.4943245560862124
6,4,8,2,440,0.505011968780309
6,4,8,2,450,0.5171589981764555
6,4,8,2,460,0.5293728588148952
6,4,8,2,470,0.5408295039087534
6,4,8,2,480,0.5523938057012856
6,4,8,2,490,0.5622824802994728
6,4,8,2,500,0.5755002512596548
6,4,8,2,510,0.5878405119292438
6,4,8,2,520,0.5962370010092854
6,4,8,2,530,0.6093668569810688
6,4,8,2,540,0.6189885172061622
6,4,8,2,550,0.6318068150430918
6,4,8,2,560,0.6423077499493957
6,4,8,2,570,0.6543642161414027
6,4,8,2,580,0.6663012141361833
6,4,8,2,590,0.6765872435644269
6,4,10,1,20,0.02445910358801484
6,4,10,1,30,0.03682832978665829
6,4,10,1,40,0.048695619218051434
6,4,10,1,50,0.06089896894991398
6,4,10,1,60,0.07292243605479598
6,4,10,1,70,0.08531600516289473
6,4,10,1,80,0.09726851526647806
6,4,10,1,90,0.10963741410523653
6,4,10,1,100,0.12164896260946989
6,4,10,1,110,0.13439272390678525
6,4,10,1,120,0.1458435649983585
6,4,10,1,130,0.15849714912474155
6,4,10,1,140,0.1705842879600823
6,4,10,1,150,0.18251990620046854
6,4,10,1,160,0.19469365198165178
6,4,10,1,170,0.20639076689258218
6,4,10,1,180,0.218818839173764
6,4,10,1,190,0.23071428341791034
6,4,10,1,200,0.24272719398140907
6,4,10,1,210,0.2552929790690541
6,4,10,1,220,0.26684495992958546
6,4,10,1,230,0.27978305518627167
6,4,10,1,240,0.291452260222286
6,4,10,1,250,0.303782946895808
6,4,10,1,260,0.31481418665498495
6,4,10,1,270,0.32769601698964834
6,4,10,1,280,0.3392008850350976
6,4,10,1,290,0.3517287359572947
6,4,10,1,300,0.36289315298199654
6,4,10,1,310,0.3757166392169893
6,4,10,1,320,0.3875123644247651
6,4,10,1,330,0.4015986379235983
6,4,10,1,340,0.4118274347856641
6,4,10,1,350,0.424017827026546
6,4,10,1,360,0.4340906450524926
6,4,10,1,370,0.4487013518810272
6,4,10,1,380,0.45871752221137285
6,4,10,1,390,0.47327035292983055
6,4,10,1,400,0.4842087011784315
6,4,10,1,410,0.4955531149171293
6,4,10,1,420,0.5083221881650388
6,4,10,1,430,0.5214024158194661
6,4,10,1,440,0.5320607670582831
6,4,10,1,450,0.5462372191250324
6,4,10,1,460,0.5564898340962827
6,4,10,1,470,0.5694107790477574
6,4,10,1,480,0.5796773941256106
6,4,10,1,490,0.5931058977730572
6,4,10,1,500,0.6042064041830599
6,4,10,1,510,0.6176458718255162
6,4,10,1,520,0.6291152918711305
6,4,10,1,530,0.6426101699471474
6,4,10,1,540,0.6540117328986526
6,4,10,1,550,0.6662108767777681
6,4,10,1,560,0.6765712779015303
6,4,10,1,570,0.6895652790553868
6,4,10,1,580,0.6996577242389321
6,4,10,1,590,0.7127233170904219
6,4,10,2,20,0.023675845935940742
6,4,10,2,30,0.03561917133629322
6,4,10,2,40,0.047067609149962664
6,4,10,2,50,0.05894100107252598
6,4,10,2,60,0.07052117493003607
6,4,10,2,70,0.08255895785987377
6,4,10,2,80,0.09406908275559545
6,4,10,2,90,0.10612219804897904
6,4,10,2,100,0.11768921697512269
6,4,10,2,110,0.12964475201442838
6,4,10,2,120,0.14090764103457332
6,4,10,2,130,0.1530087748542428
6,4,10,2,140,0.16475450992584229
6,4,10,2,150,0.1760168089531362
6,4,10,2,160,0.18806709256023169
6,4,10,2,170,0.20007323799654841
6,4,10,2,180,0.2111695958301425
6,4,10,2,190,0.22387961810454726
6,4,10,2,200,0.2343473988585174
6,4,10,2,210,0.24761930294334888
6,4,10,2,220,0.25887947203591466
6,4,10,2,230,0.27117496728897095
6,4,10,2,240,0.2816465743817389
6,4,10,2,250,0.29430294409394264
6,4,10,2,260,0.30586860002949834
6,4,10,2,270,0.3179619889706373
6,4,10,2,280,0.3292149668559432
6,4,10,2,290,0.34164388617500663
6,4,10,2,300,0.3530161869712174
6,4,10,2,310,0.36502862675115466
6,4,10,2,320,0.37728945910930634
6,4,10,2,330,0.3874952970072627
6,4,10,2,340,0.40043395571410656
6,4,10,2,350,0.41277545085176826
6,4,10,2,360,0.42345488211140037
6,4,10,2,370,0.435662395786494
6,4,10,2,380,0.44679738907143474
6,4,10,2,390,0.4590253378264606
6,4,10,2,400,0.47080479515716434
6,4,10,2,410,0.48267557099461555
6,4,10,2,420,0.4956001481041312
6,4,10,2,430,0.5087336860597134
6,4,10,2,440,0.5198167078197002
6,4,10,2,450,0.5300589702092111
6,4,10,2,460,0.5399754447862506
6,4,10,2,470,0.5552377668209374
6,4,10,2,480,0.5663706562481821
6,4,10,2,490,0.5789745110087097
6,4,10,2,500,0.5885299840010703
6,4,10,2,510,0.6015729731880128
6,4,10,2,520,0.6126102590933442
6,4,10,2,530,0.623303733766079
6,4,10,2,540,0.6339438008144498
6,4,10,2,550,0.648268970195204
6,4,10,2,560,0.6584678017534316
6,4,10,2,570,0.6710071829147637
6,4,10,2,580,0.6806891080923378
6,4,10,2,590,0.6953912018798292
6,4,12,1,20,0.02778750378638506
6,4,12,1,30,0.041524404194206
6,4,12,1,40,0.05500688496977091
6,4,12,1,50,0.0688221282325685
6,4,12,1,60,0.0820070281624794
6,4,12,1,70,0.09624228393658996
6,4,12,1,80,0.1092261029407382
6,4,12,1,90,0.12239600392058492
6,4,12,1,100,0.13586203381419182
6,4,12,1,110,0.14950212184339762
6,4,12,1,120,0.1626123539172113
6,4,12,1,130,0.17642664723098278
6,4,12,1,140,0.18981937039643526
6,4,12,1,150,0.20379447704181075
6,4,12,1,160,0.21684706304222345
6,4,12,1,170,0.23071443429216743
6,4,12,1,180,0.24425830505788326
6,4,12,1,190,0.2576440218836069
6,4,12,1,200,0.2712234300561249
6,4,12,1,210,0.2846867451444268
6,4,12,1,220,0.29685854725539684
6,4,12,1,230,0.3115918729454279
6,4,12,1,240,0.32477644504979253
6,4,12,1,250,0.3390505057759583
6,4,12,1,260,0.3523276709020138
6,4,12,1,270,0.36504422035068274
6,4,12,1,280,0.3781365370377898
6,4,12,1,290,0.3922257819212973
6,4,12,1,300,0.404523357283324
6,4,12,1,310,0.41846999200060964
6,4,12,1,320,0.43498677015304565
6,4,12,1,330,0.4448725641705096
6,4,12,1,340,0.4586282139644027
6,4,12,1,350,0.46999138593673706
6,4,12,1,360,0.48321780376136303
6,4,12,1,370,0.497412693221122
6,4,12,1,380,0.5084303487092257
6,4,12,1,390,0.5249475808814168
6,4,12,1,400,0.5377730797044933
6,4,12,1,410,0.5524220839142799
6,4,12,1,420,0.5638265861198306
6,4,12,1,430,0.5790952802635729
6,4,12,1,440,0.591357508674264
6,4,12,1,450,0.6037246230989695
6,4,12,1,460,0.6179713779129088
6,4,12,1,470,0.6310092811472714
6,4,12,1,480,0.6447499888017774
6,4,12,1,490,0.656706019770354
6,4,12,1,500,0.6705618179403245
6,4,12,1,510,0.6857482069171965
6,4,12,1,520,0.701002003159374
6,4,12,1,530,0.7104048463515937
6,4,12,1,540,0.7250760002061725
6,4,12,1,550,0.7386048599146307
6,4,12,1,560,0.7530784942209721
6,4,12,1,570,0.76646320335567
6,4,12,1,580,0.7784576052799821
6,4,12,1,590,0.7930300296284258
6,4,12,2,20,0.02521763788536191
6,4,12,2,30,0.03783492976799607
6,4,12,2,40,0.05045261885970831
6,4,12,2,50,0.06261715618893504
6,4,12,2,60,0.07516658212989569
6,4,12,2,70,0.08828253485262394
6,4,12,2,80,0.10067543620243669
6,4,12,2,90,0.11351815331727266
6,4,12,2,100,0.12610513670369983
6,4,12,2,110,0.13801299687474966
6,4,12,2,120,0.15030390303581953
6,4,12,2,130,0.16261738585308194
6,4,12,2,140,0.17518811393529177
6,4,12,2,150,0.18841630779206753
6,4,12,2,160,0.20052382443100214
6,4,12,2,170,0.21368553023785353
6,4,12,2,180,0.22502283193171024
6,4,12,2,190,0.23738887207582593
6,4,12,2,200,0.2502864310517907
6,4,12,2,210,0.26245781499892473
6,4,12,2,220,0.2754530441015959
6,4,12,2,230,0.2875189296901226
6,4,12,2,240,0.30009509110823274
6,4,12,2,250,0.3135247640311718
6,4,12,2,260,0.3229810260236263
6,4,12,2,270,0.33744866168126464
6,4,12,2,280,0.3493453790433705
6,4,12,2,290,0.36107994709163904
6,4,12,2,300,0.374088647775352
6,4,12,2,310,0.3856429439038038
6,4,12,2,320,0.3978979899547994
6,4,12,2,330,0.4109113751910627
6,4,12,2,340,0.42252873396500945
6,4,12,2,350,0.4367149444296956
6,4,12,2,360,0.4485580292530358
6,4,12,2,370,0.46062248572707176
6,4,12,2,380,0.4725051852874458
6,4,12,2,390,0.486163470428437
6,4,12,2,400,0.49689400708302855
6,4,12,2,410,0.5100691323168576
6,4,12,2,420,0.5206182561814785
6,4,12,2,430,0.5358114899136126
6,4,12,2,440,0.5443829926662147
6,4,12,2,450,0.558801535051316
6,4,12,2,460,0.5724166100844741
6,4,12,2,470,0.584600071888417
6,4,12,2,480,0.5966180767863989
6,4,12,2,490,0.6093807043507695
6,4,12,2,500,0.619123388081789
6,4,12,2,510,0.6340206512250006
6,4,12,2,520,0.6475496431812644
6,4,12,2,530,0.6603079941123724
6,4,12,2,540,0.6715664421208203
6,4,12,2,550,0.6865487303584814
6,4,12,2,560,0.6962720840238035
6,4,12,2,570,0.7101877168752253
6,4,12,2,580,0.7215177328325808
6,4,12,2,590,0.7338225790299475
7,2,2,1,20,0.02263485500589013
7,2,2,1,30,0.03415615390986204
7,2,2,1,40,0.0453411010093987
7,2,2,1,50,0.056558994110673666
7,2,2,1,60,0.06816699402406812
7,2,2,1,70,0.07982617430388927
7,2,2,1,80,0.09108895622193813
7,2,2,1,90,0.1022194316610694
7,2,2,1,100,0.11343349097296596
7,2,2,1,110,0.12484898930415511
7,2,2,1,120,0.1361800106242299
7,2,2,1,130,0.14761530933901668
7,2,2,1,140,0.15841965796425939
7,2,2,1,150,0.17109332187101245
7,2,2,1,160,0.1816436150111258
7,2,2,1,170,0.192843705881387
7,2,2,1,180,0.20388305373489857
7,2,2,1,190,0.2163675669580698
7,2,2,1,200,0.22713961405679584
7,2,2,1,210,0.23789591528475285
7,2,2,1,220,0.24955958127975464
7,2,2,1,230,0.2612183690071106
7,2,2,1,240,0.2733224839903414
7,2,2,1,250,0.284366340842098
7,2,2,1,260,0.2955329241231084
7,2,2,1,270,0.30733310570940375
7,2,2,1,280,0.317596557084471
7,2,2,1,290,0.3290818096138537
7,2,2,1,300,0.3405991238541901
7,2,2,1,310,0.35188589012250304
7,2,2,1,320,0.36285531474277377
7,2,2,1,330,0.37619281420484185
7,2,2,1,340,0.385508022736758
7,2,2,1,350,0.3967466331087053
7,2,2,1,360,0.4082925939001143
7,2,2,1,370,0.41986073926091194
7,2,2,1,380,0.4315982200205326
7,2,2,1,390,0.4428627919405699
7,2,2,1,400,0.45214919093996286
7,2,2,1,410,0.4654733599163592
7,2,2,1,420,0.47632157197222114
7,2,2,1,430,0.4885855419561267
7,2,2,1,440,0.5003785197623074
7,2,2,1,450,0.5110647478140891
7,2,2,1,460,0.522086891811341
7,2,2,1,470,0.5327222631312907
7,2,2,1,480,0.5443772738799453
7,2,2,1,490,0.5558934011496603
7,2,2,1,500,0.5668140579946339
7,2,2,1,510,0.577883689198643
7,2,2,1,520,0.5895088477991521
7,2,2,1,530,0.6004471979103982
7,2,2,1,540,0.6124116419814527
7,2,2,1,550,0.6244113398715854
7,2,2,1,560,0.6349226851016283
7,2,2,1,570,0.6457084440626204
7,2,2,1,580,0.659347228705883
7,2,2,1,590,0.6691433708183467
7,2,2,2,20,0.02274467796087265
7,2,2,2,30,0.034276193007826805
7,2,2,2,40,0.045297821052372456
7,2,2,2,50,0.05679896101355553
7,2,2,2,60,0.06815390894189477
7,2,2,2,70,0.07912080502137542
7,2,2,2,80,0.09034253982827067
7,2,2,2,90,0.10207245498895645
7,2,2,2,100,0.11328724818304181
7,2,2,2,110,0.12515060929581523
7,2,2,2,120,0.13645737897604704
7,2,2,2,130,0.14843486016616225
7,2,2,2,140,0.15869513992220163
7,2,2,2,150,0.16985733387991786
7,2,2,2,160,0.18156105931848288
7,2,2,2,170,0.19327071821317077
7,2,2,2,180,0.20364615600556135
7,2,2,2,190,0.21581115806475282
7,2,2,2,200,0.22659724578261375
7,2,2,2,210,0.23897016560658813
7,2,2,2,220,0.24957499699667096
7,2,2,2,230,0.260896029882133
7,2,2,2,240,0.2719167987816036
7,2,2,2,250,0.28396169003099203
7,2,2,2,260,0.2941120667383075
7,2,2,2,270,0.30570223089307547
7,2,2,2,280,0.31684312503784895
7,2,2,2,290,0.3288887608796358
7,2,2,2,300,0.3405305747874081
7,2,2,2,310,0.35174790071323514
7,2,2,2,320,0.36430849600583315
7,2,2,2,330,0.3745390297845006
7,2,2,2,340,0.38525470020249486
7,2,2,2,350,0.39842646289616823
7,2,2,2,360,0.4082552120089531
7,2,2,2,370,0.4206473510712385
7,2,2,2,380,0.4308748049661517
7,2,2,2,390,0.4438376179896295
7,2,2,2,400,0.453683621250093
7,2,2,2,410,0.46503910701721907
7,2,2,2,420,0.4751568022184074
7,2,2,2,430,0.48830423783510923
7,2,2,2,440,0.4988895892165601
7,2,2,2,450,0.5111411809921265
7,2,2,2,460,0.5221766871400177
7,2,2,2,470,0.534058335237205
7,2,2,2,480,0.5450407187454402
7,2,2,2,490,0.5588731188327074
7,2,2,2,500,0.5653923372738063
7,2,2,2,510,0.5780148459598422
7,2,2,2,520,0.5908655230887234
7,2,2,2,530,0.6020962297916412
7,2,2,2,540,0.6098367711529136
7,2,2,2,550,0.6239971001632512
7,2,2,2,560,0.6345706162974238
7,2,2,2,570,0.6450844639912248
7,2,2,2,580,0.6596085992641747
7,2,2,2,590,0.6680425358936191
7,2,4,1,20,0.022731896955519915
7,2,4,1,30,0.03403990715742111
7,2,4,1,40,0.0456114299595356
7,2,4,1,50,0.05679101310670376
7,2,4,1,60,0.06809615110978484
7,2,4,1,70,0.07957066688686609
7,2,4,1,80,0.09137405687943101
7,2,4,1,90,0.10214391490444541
7,2,4,1,100,0.11361502995714545
7,2,4,1,110,0.1252149110659957
7,2,4,1,120,0.1363614508882165
7,2,4,1,130,0.14758392190560699
7,2,4,1,140,0.15847485000267625
7,2,4,1,150,0.17018989799544215
7,2,4,1,160,0.18150452803820372
7,2,4,1,170,0.19375152606517076
7,2,4,1,180,0.20410345727577806
7,2,4,1,190,0.21573913702741265
7,2,4,1,200,0.22668898990377784
7,2,4,1,210,0.2389159733429551
7,2,4,1,220,0.24947981210425496
7,2,4,1,230,0.26124404603615403
7,2,4,1,240,0.271913668140769
7,2,4,1,250,0.2851329520344734
7,2,4,1,260,0.2961245598271489
7,2,4,1,270,0.3057254101149738
7,2,4,1,280,0.3177205459214747
7,2,4,1,290,0.33320813393220305
7,2,4,1,300,0.34269032115116715
7,2,4,1,310,0.3544130399823189
7,2,4,1,320,0.3630874892696738
7,2,4,1,330,0.3741603293456137
7,2,4,1,340,0.38433551508933306
7,2,4,1,350,0.39804604602977633
7,2,4,1,360,0.40613535419106483
7,2,4,1,370,0.4195548198185861
7,2,4,1,380,0.4308718927204609
7,2,4,1,390,0.44123943941667676
7,2,4,1,400,0.45250842720270157
7,2,4,1,410,0.464944439008832
7,2,4,1,420,0.47452552523463964
7,2,4,1,430,0.48773830011487007
7,2,4,1,440,0.4987214431166649
7,2,4,1,450,0.5095254741609097
7,2,4,1,460,0.519135010894388
7,2,4,1,470,0.5313158622011542
7,2,4,1,480,0.5420579561032355
7,2,4,1,490,0.5546268010511994
7,2,4,1,500,0.5647987020201981
7,2,4,1,510,0.5774761908687651
7,2,4,1,520,0.5905061578378081
7,2,4,1,530,0.6034685238264501
7,2,4,1,540,0.6107229660265148
7,2,4,1,550,0.6240759249776602
7,2,4,1,560,0.6355784819461405
7,2,4,1,570,0.6491169561631978
7,2,4,1,580,0.6571791158057749
7,2,4,1,590,0.6682854178361595
7,2,4,2,20,0.022740433923900127
7,2,4,2,30,0.03419895423576236
7,2,4,2,40,0.0455673229880631
7,2,4,2,50,0.05678303958848119
7,2,4,2,60,0.0680302600376308
7,2,4,2,70,0.0796307772397995
7,2,4,2,80,0.09053397364914417
7,2,4,2,90,0.10210385173559189
7,2,4,2,100,0.11350530991330743
7,2,4,2,110,0.12457426823675632
7,2,4,2,120,0.13588975369930267
7,2,4,2,130,0.1472582332789898
7,2,4,2,140,0.15815367782488465
7,2,4,2,150,0.17008894309401512
7,2,4,2,160,0.1813614689745009
7,2,4,2,170,0.19240768207237124
7,2,4,2,180,0.20356389181688428
7,2,4,2,190,0.2149284239858389
7,2,4,2,200,0.22628401033580303
7,2,4,2,210,0.2378913750872016
7,2,4,2,220,0.2497078301385045
7,2,4,2,230,0.26114946603775024
7,2,4,2,240,0.27142421528697014
7,2,4,2,250,0.2844210769981146
7,2,4,2,260,0.29472818970680237
7,2,4,2,270,0.3075895896181464
7,2,4,2,280,0.3166085830889642
7,2,4,2,290,0.32900443114340305
7,2,4,2,300,0.3410854749381542
7,2,4,2,310,0.35160422464832664
7,2,4,2,320,0.3632148723118007
7,2,4,2,330,0.3753278790973127
7,2,4,2,340,0.38606181321665645
7,2,4,2,350,0.3981213700026274
7,2,4,2,360,0.4087477810680866
7,2,4,2,370,0.4208977767266333
7,2,4,2,380,0.4306573630310595
7,2,4,2,390,0.44384409207850695
7,2,4,2,400,0.4545807312242687
7,2,4,2,410,0.46529899118468165
7,2,4,2,420,0.47632759576663375
7,2,4,2,430,0.4887093040160835
7,2,4,2,440,0.4994239998050034
7,2,4,2,450,0.5101714790798724
7,2,4,2,460,0.5208015721291304
7,2,4,2,470,0.5339617892168462
7,2,4,2,480,0.543350521940738
7,2,4,2,490,0.5556907779537141
7,2,4,2,500,0.565118626691401
7,2,4,2,510,0.5794170727021992
7,2,4,2,520,0.5893138903193176
7,2,4,2,530,0.6010007970035076
7,2,4,2,540,0.6103650550357997
7,2,4,2,550,0.6226487481035292
7,2,4,2,560,0.6339703998528421
7,2,4,2,570,0.6463153352960944
7,2,4,2,580,0.6558333174325526
7,2,4,2,590,0.669864458963275
7,2,6,1,20,0.02286326326429844
7,2,6,1,30,0.034209738951176405
7,2,6,1,40,0.04533289698883891
7,2,6,1,50,0.056658058892935514
7,2,6,1,60,0.06809009658172727
7,2,6,1,70,0.0795243289321661
7,2,6,1,80,0.09096120903268456
7,2,6,1,90,0.10230672312900424
7,2,6,1,100,0.1134077119641006
7,2,6,1,110,0.12535592122003436
7,2,6,1,120,0.13630371214821935
7,2,6,1,130,0.14749457081779838
7,2,6,1,140,0.15849564736709
7,2,6,1,150,0.1703457930125296
7,2,6,1,160,0.1811435166746378
7,2,6,1,170,0.1929142251610756
7,2,6,1,180,0.20321331406012177
7,2,6,1,190,0.21551490714773536
7,2,6,1,200,0.22669321997091174
7,2,6,1,210,0.23852411098778248
7,2,6,1,220,0.250294866040349
7,2,6,1,230,0.261193229816854
7,2,6,1,240,0.27201841911301017
7,2,6,1,250,0.28370702685788274
7,2,6,1,260,0.2951703513972461
7,2,6,1,270,0.30708049703389406
7,2,6,1,280,0.31753880996257067
7,2,6,1,290,0.32899916591122746
7,2,6,1,300,0.33938505593687296
7,2,6,1,310,0.3518309430219233
7,2,6,1,320,0.36322073778137565
7,2,6,1,330,0.3744353400543332
7,2,6,1,340,0.38488935213536024
7,2,6,1,350,0.396233435254544
7,2,6,1,360,0.40834139194339514
7,2,6,1,370,0.4209974459372461
7,2,6,1,380,0.43153382278978825
7,2,6,1,390,0.44293070305138826
7,2,6,1,400,0.45370418298989534
7,2,6,1,410,0.463126165792346
7,2,6,1,420,0.47416186798363924
7,2,6,1,430,0.4872020878829062
7,2,6,1,440,0.49817929370328784
7,2,6,1,450,0.5096607329323888
7,2,6,1,460,0.5210482780821621
7,2,6,1,470,0.5338852936401963
7,2,6,1,480,0.5450004837475717
7,2,6,1,490,0.5534830428659916
7,2,6,1,500,0.566696953959763
7,2,6,1,510,0.5767612201161683
7,2,6,1,520,0.5892207766883075
7,2,6,1,530,0.6017190390266478
7,2,6,1,540,0.6113329217769206
7,2,6,1,550,0.6247062818147242
7,2,6,1,560,0.6327479030005634
7,2,6,1,570,0.6452727862633765
7,2,6,1,580,0.655763132032007
7,2,6,1,590,0.66891417093575
7,2,6,2,20,0.02272740937769413
7,2,6,2,30,0.03414271026849747
7,2,6,2,40,0.04532107384875417
7,2,6,2,50,0.05670866509899497
7,2,6,2,60,0.06792897824198008
7,2,6,2,70,0.07895393716171384
7,2,6,2,80,0.09037142898887396
7,2,6,2,90,0.10178651986643672
7,2,6,2,100,0.1128588947467506
7,2,6,2,110,0.12451925873756409
7,2,6,2,120,0.13573469687253237
7,2,6,2,130,0.1471044491045177
7,2,6,2,140,0.15943305986002088
7,2,6,2,150,0.17031552689149976
7,2,6,2,160,0.18171788239851594
7,2,6,2,170,0.1929728565737605
7,2,6,2,180,0.2038993639871478
7,2,6,2,190,0.2161215590313077
7,2,6,2,200,0.2270734398625791
7,2,6,2,210,0.24037159606814384
7,2,6,2,220,0.24921987392008305
7,2,6,2,230,0.26048026187345386
7,2,6,2,240,0.27033271826803684
7,2,6,2,250,0.2830808977596462
7,2,6,2,260,0.29379303520545363
7,2,6,2,270,0.30677097383886576
7,2,6,2,280,0.31756388302892447
7,2,6,2,290,0.3292910768650472
7,2,6,2,300,0.3401563782244921
7,2,6,2,310,0.3522321889176965
7,2,6,2,320,0.36266976222395897
7,2,6,2,330,0.3741283481940627
7,2,6,2,340,0.3845216538757086
7,2,6,2,350,0.39671472273766994
7,2,6,2,360,0.4078227556310594
7,2,6,2,370,0.4188779853284359
7,2,6,2,380,0.428346891887486
7,2,6,2,390,0.4422675999812782
7,2,6,2,400,0.4558056527748704
7,2,6,2,410,0.4655883191153407
7,2,6,2,420,0.47640221007168293
7,2,6,2,430,0.489383433945477
7,2,6,2,440,0.4967014566063881
7,2,6,2,450,0.5116326068527997
7,2,6,2,460,0.5216050613671541
7,2,6,2,470,0.5317707248032093
7,2,6,2,480,0.5441098771989346
7,2,6,2,490,0.5541817974299192
7,2,6,2,500,0.5677103190682828
7,2,6,2,510,0.5785272722132504
7,2,6,2,520,0.5895823910832405
7,2,6,2,530,0.6020785551518202
7,2,6,2,540,0.6119131841696799
7,2,6,2,550,0.62499407120049
7,2,6,2,560,0.6359110320918262
7,2,6,2,570,0.6472410396672785
7,2,6,2,580,0.6572491070255637
7,2,6,2,590,0.6705380082130432
7,2,8,1,20,0.02274855226278305
7,2,8,1,30,0.033987974748015404
7,2,8,1,40,0.0454625952988863
7,2,8,1,50,0.05682753399014473
7,2,8,1,60,0.06790695711970329
7,2,8,1,70,0.07932757679373026
7,2,8,1,80,0.09081826638430357
7,2,8,1,90,0.1020520287565887
7,2,8,1,100,0.11355175683274865
7,2,8,1,110,0.12440446298569441
7,2,8,1,120,0.13606092892587185
7,2,8,1,130,0.14806441264227033
7,2,8,1,140,0.1592130777426064
7,2,8,1,150,0.17084527295082808
7,2,8,1,160,0.18203427316620946
7,2,8,1,170,0.19372421596199274
7,2,8,1,180,0.2048164983280003
7,2,8,1,190,0.21619727415964007
7,2,8,1,200,0.22658379981294274
7,2,8,1,210,0.23832315020263195
7,2,8,1,220,0.2492655897513032
7,2,8,1,230,0.26124732568860054
7,2,8,1,240,0.27309571392834187
7,2,8,1,250,0.2851956901140511
7,2,8,1,260,0.29515440901741385
7,2,8,1,270,0.30780915124341846
7,2,8,1,280,0.3179617002606392
7,2,8,1,290,0.33005007123574615
7,2,8,1,300,0.3421376799233258
7,2,8,1,310,0.35391158936545253
7,2,8,1,320,0.3644299120642245
7,2,8,1,330,0.3754872549325228
7,2,8,1,340,0.3863852610811591
7,2,8,1,350,0.3972395728342235
7,2,8,1,360,0.41037053102627397
7,2,8,1,370,0.4221733412705362
7,2,8,1,380,0.43318059016019106
7,2,8,1,390,0.4441684791818261
7,2,8,1,400,0.45367262279614806
7,2,8,1,410,0.4675080352462828
7,2,8,1,420,0.4786087698303163
7,2,8,1,430,0.49068028200417757
7,2,8,1,440,0.5006682928651571
7,2,8,1,450,0.5120227159932256
7,2,8,1,460,0.5227847169153392
7,2,8,1,470,0.5336679709143937
7,2,8,1,480,0.5462305499240756
7,2,8,1,490,0.558470400981605
7,2,8,1,500,0.5690824389457703
7,2,8,1,510,0.5821606940589845
7,2,8,1,520,0.5895896260626614
7,2,8,1,530,0.6024845587089658
7,2,8,1,540,0.6135303499177098
7,2,8,1,550,0.624307454098016
7,2,8,1,560,0.6356676551513374
7,2,8,1,570,0.6486039999872446
7,2,8,1,580,0.6589016611687839
7,2,8,1,590,0.6710486970841885
7,2,8,2,20,0.022627979051321745
7,2,8,2,30,0.03411831194534898
7,2,8,2,40,0.045610684901475906
7,2,8,2,50,0.05700670415535569
7,2,8,2,60,0.06832198426127434
7,2,8,2,70,0.07983707962557673
7,2,8,2,80,0.09089156100526452
7,2,8,2,90,0.10226381104439497
7,2,8,2,100,0.11358053889125586
7,2,8,2,110,0.12546485988423228
7,2,8,2,120,0.137019963003695
7,2,8,2,130,0.14802032196894288
7,2,8,2,140,0.15913860220462084
7,2,8,2,150,0.17087573697790504
7,2,8,2,160,0.18182992469519377
7,2,8,2,170,0.19293519807979465
7,2,8,2,180,0.20477361138910055
7,2,8,2,190,0.21811018604785204
7,2,8,2,200,0.227825746871531
7,2,8,2,210,0.2396653420291841
7,2,8,2,220,0.2504777377471328
7,2,8,2,230,0.2613433660008013
7,2,8,2,240,0.27385595301166177
7,2,8,2,250,0.28529525315389037
7,2,8,2,260,0.29547404684126377
7,2,8,2,270,0.3084339532069862
7,2,8,2,280,0.3179478240199387
7,2,8,2,290,0.3323855511844158
7,2,8,2,300,0.346496548037976
7,2,8,2,310,0.35134199634194374
7,2,8,2,320,0.36286830017343163
7,2,8,2,330,0.3759359628893435
7,2,8,2,340,0.38663884811103344
7,2,8,2,350,0.3980956203304231
7,2,8,2,360,0.4092218419536948
7,2,8,2,370,0.42109430069103837
7,2,8,2,380,0.43163277488201857
7,2,8,2,390,0.44272984005510807
7,2,8,2,400,0.45544683281332254
7,2,8,2,410,0.4635974778793752
7,2,8,2,420,0.4771354580298066
7,2,8,2,430,0.4897197540849447
7,2,8,2,440,0.4996169959194958
7,2,8,2,450,0.5119510940276086
7,2,8,2,460,0.5228613251820207
7,2,8,2,470,0.5355370407924056
7,2,8,2,480,0.5448990259319544
7,2,8,2,490,0.557399753946811
7,2,8,2,500,0.5665730116888881
7,2,8,2,510,0.5806352221406996
7,2,8,2,520,0.5889273402281106
7,2,8,2,530,0.6018745778128505
7,2,8,2,540,0.6123266601935029
7,2,8,2,550,0.6250001830048859
7,2,8,2,560,0.6344278361648321
7,2,8,2,570,0.6476380038075149
7,2,8,2,580,0.6576695400290191
7,2,8,2,590,0.6683530379086733
7,2,10,1,20,0.022707459051162004
7,2,10,1,30,0.03417914779856801
7,2,10,1,40,0.04555072681978345
7,2,10,1,50,0.05667769629508257
7,2,10,1,60,0.06822924595326185
7,2,10,1,70,0.08007040200755
7,2,10,1,80,0.09052515309303999
7,2,10,1,90,0.10238762898370624
7,2,10,1,100,0.113449702039361
7,2,10,1,110,0.12479103077203035
7,2,10,1,120,0.13625951996073127
7,2,10,1,130,0.1477565597742796
7,2,10,1,140,0.15828638710081577
7,2,10,1,150,0.17053636396303773
7,2,10,1,160,0.18182836193591356
7,2,10,1,170,0.19345711590722203
7,2,10,1,180,0.20430611120536923
7,2,10,1,190,0.21619215421378613
7,2,10,1,200,0.22782147582620382
7,2,10,1,210,0.23920494690537453
7,2,10,1,220,0.2498490852303803
7,2,10,1,230,0.26281834207475185
7,2,10,1,240,0.27328734705224633
7,2,10,1,250,0.2842694129794836
7,2,10,1,260,0.30243841325864196
7,2,10,1,270,0.30850399611517787
7,2,10,1,280,0.31941402377560735
7,2,10,1,290,0.3294561421498656
7,2,10,1,300,0.3408612599596381
7,2,10,1,310,0.3545388332568109
7,2,10,1,320,0.3651443528942764
7,2,10,1,330,0.37694431422278285
7,2,10,1,340,0.3892669598571956
7,2,10,1,350,0.3991671889089048
7,2,10,1,360,0.41017561918124557
7,2,10,1,370,0.42120464239269495
7,2,10,1,380,0.43148110108450055
7,2,10,1,390,0.4772362168878317
7,2,10,1,400,0.4783559562638402
7,2,10,1,410,0.4676220929250121
7,2,10,1,420,0.4784678309224546
7,2,10,1,430,0.4907293589785695
7,2,10,1,440,0.501327701844275
7,2,10,1,450,0.5141235520131886
7,2,10,1,460,0.5253385617397726
7,2,10,1,470,0.5374218979850411
7,2,10,1,480,0.5471565159969032
7,2,10,1,490,0.5606185430660844
7,2,10,1,500,0.5700607956387103
7,2,10,1,510,0.5822786800563335
7,2,10,1,520,0.5938618876971304
7,2,10,1,530,0.604361595120281
7,2,10,1,540,0.6156566510908306
7,2,10,1,550,0.6270969593897462
7,2,10,1,560,0.6386965122073889
7,2,10,1,570,0.6513516497798264
7,2,10,1,580,0.6620556102134287
7,2,10,1,590,0.6734631923027337
7,2,10,2,20,0.02287687873467803
7,2,10,2,30,0.03419515211135149
7,2,10,2,40,0.04571624705567956
7,2,10,2,50,0.05718901474028826
7,2,10,2,60,0.06841679709032178
7,2,10,2,70,0.0799028929322958
7,2,10,2,80,0.09130357438698411
7,2,10,2,90,0.10282359598204494
7,2,10,2,100,0.1137775918468833
7,2,10,2,110,0.12589087197557092
7,2,10,2,120,0.1369576659053564
7,2,10,2,130,0.14872311800718307
7,2,10,2,140,0.15956432512030005
7,2,10,2,150,0.17152096796780825
7,2,10,2,160,0.18308709003031254
7,2,10,2,170,0.19471111707389355
7,2,10,2,180,0.20540179079398513
7,2,10,2,190,0.21731471922248602
7,2,10,2,200,0.22830269392579794
7,2,10,2,210,0.23976465594023466
7,2,10,2,220,0.2503225579857826
7,2,10,2,230,0.26209285389631987
7,2,10,2,240,0.272892908193171
7,2,10,2,250,0.28538960311561823
7,2,10,2,260,0.295998923946172
7,2,10,2,270,0.30749247409403324
7,2,10,2,280,0.3183974167332053
7,2,10,2,290,0.3305193558335304
7,2,10,2,300,0.34201795794069767
7,2,10,2,310,0.3528109951876104
7,2,10,2,320,0.36442159628495574
7,2,10,2,330,0.37563390703871846
7,2,10,2,340,0.38640364818274975
7,2,10,2,350,0.39835147373378277
7,2,10,2,360,0.4077727538533509
7,2,10,2,370,0.4219969566911459
7,2,10,2,380,0.43184872157871723
7,2,10,2,390,0.4432038147933781
7,2,10,2,400,0.4556243340484798
7,2,10,2,410,0.46819894295185804
7,2,10,2,420,0.47723425924777985
7,2,10,2,430,0.48919740598648787
7,2,10,2,440,0.5000954838469625
7,2,10,2,450,0.5123475440777838
7,2,10,2,460,0.5248859710991383
7,2,10,2,470,0.5362418401055038
7,2,10,2,480,0.5465967850759625
7,2,10,2,490,0.558504750020802
7,2,10,2,500,0.5692460052669048
7,2,10,2,510,0.5789007754065096
7,2,10,2,520,0.5918724169023335
7,2,10,2,530,0.602904595900327
7,2,10,2,540,0.6141196298412979
7,2,10,2,550,0.6250868649221957
7,2,10,2,560,0.6370397587306798
7,2,10,2,570,0.6492413231171668
7,2,10,2,580,0.6601994801312685
7,2,10,2,590,0.6710160407237709
7,2,12,1,20,0.023034172132611275
7,2,12,1,30,0.034765224903821945
7,2,12,1,40,0.046004870906472206
7,2,12,1,50,0.05736356321722269
7,2,12,1,60,0.06858300510793924
7,2,12,1,70,0.08006618684157729
7,2,12,1,80,0.09161016903817654
7,2,12,1,90,0.10298172244802117
7,2,12,1,100,0.13418052718043327
7,2,12,1,110,0.15733506064862013
7,2,12,1,120,0.1396642387844622
7,2,12,1,130,0.14874813193455338
7,2,12,1,140,0.15992973605170846
7,2,12,1,150,0.17263370472937822
7,2,12,1,160,0.18354262365028262
7,2,12,1,170,0.19504725001752377
7,2,12,1,180,0.20587608963251114
7,2,12,1,190,0.21738169994205236
7,2,12,1,200,0.2289313180372119
7,2,12,1,210,0.24205978866666555
7,2,12,1,220,0.25276745902374387
7,2,12,1,230,0.2641535568982363
7,2,12,1,240,0.2748008891940117
7,2,12,1,250,0.2875579223036766
7,2,12,1,260,0.29932396672666073
7,2,12,1,270,0.3104375503025949
7,2,12,1,280,0.32093344908207655
7,2,12,1,290,0.3327022148296237
7,2,12,1,300,0.34490874968469143
7,2,12,1,310,0.3549388269893825
7,2,12,1,320,0.36697768699377775
7,2,12,1,330,0.37955700792372227
7,2,12,1,340,0.38933045510202646
7,2,12,1,350,0.4024986969307065
7,2,12,1,360,0.41345810191705823
7,2,12,1,370,0.4251782107166946
7,2,12,1,380,0.4372925879433751
7,2,12,1,390,0.44823678908869624
7,2,12,1,400,0.46007640566676855
7,2,12,1,410,0.47176938178017735
7,2,12,1,420,0.4835495539009571
7,2,12,1,430,0.4944307552650571
7,2,12,1,440,0.5056522539816797
7,2,12,1,450,0.5185711570084095
7,2,12,1,460,0.5283617400564253
7,2,12,1,470,0.5410886448808014
7,2,12,1,480,0.5529370629228652
7,2,12,1,490,0.5649258182384074
7,2,12,1,500,0.5747008370235562
7,2,12,1,510,0.5876682964153588
7,2,12,1,520,0.5988271138630807
7,2,12,1,530,0.6099305478855968
7,2,12,1,540,0.6212014900520444
7,2,12,1,550,0.6329352492466569
7,2,12,1,560,0.6433783168904483
7,2,12,1,570,0.6569400527514517
7,2,12,1,580,0.6677411179989576
7,2,12,1,590,0.6816020240075886
7,2,12,2,20,0.02292968612164259
7,2,12,2,30,0.034457727801054716
7,2,12,2,40,0.04600979806855321
7,2,12,2,50,0.05744041223078966
7,2,12,2,60,0.06882519880309701
7,2,12,2,70,0.08008627872914076
7,2,12,2,80,0.09124944033101201
7,2,12,2,90,0.10303312772884965
7,2,12,2,100,0.11406293604522943
7,2,12,2,110,0.12572173587977886
7,2,12,2,120,0.13691473519429564
7,2,12,2,130,0.15010502794757485
7,2,12,2,140,0.16144105419516563
7,2,12,2,150,0.17303956905379891
7,2,12,2,160,0.18431596597656608
7,2,12,2,170,0.1966072916984558
7,2,12,2,180,0.2072213557548821
7,2,12,2,190,0.21870390139520168
7,2,12,2,200,0.23042152728885412
7,2,12,2,210,0.24167550029233098
7,2,12,2,220,0.25211799517273903
7,2,12,2,230,0.28481263713911176
7,2,12,2,240,0.3097964050248265
7,2,12,2,250,0.28799493703991175
7,2,12,2,260,0.29945729300379753
7,2,12,2,270,0.3104420253075659
7,2,12,2,280,0.3217243463732302
7,2,12,2,290,0.3336311331950128
7,2,12,2,300,0.3446906879544258
7,2,12,2,310,0.3576275468803942
7,2,12,2,320,0.36853597685694695
7,2,12,2,330,0.3802414289675653
7,2,12,2,340,0.39040773222222924
7,2,12,2,350,0.402907432988286
7,2,12,2,360,0.4129013391211629
7,2,12,2,370,0.4243167540989816
7,2,12,2,380,0.4374411413446069
7,2,12,2,390,0.44929142529144883
7,2,12,2,400,0.4600611492060125
7,2,12,2,410,0.4730110648088157
7,2,12,2,420,0.4819582081399858
7,2,12,2,430,0.49341978318989277
7,2,12,2,440,0.5047195022925735
7,2,12,2,450,0.518652027938515
7,2,12,2,460,0.5304487990215421
7,2,12,2,470,0.5425882353447378
7,2,12,2,480,0.5527118230238557
7,2,12,2,490,0.5671057538129389
7,2,12,2,500,0.5759568428620696
7,2,12,2,510,0.588780814781785
7,2,12,2,520,0.5987729988992214
7,2,12,2,530,0.6135624628514051
7,2,12,2,540,0.6230448968708515
7,2,12,2,550,0.6366386441513896
7,2,12,2,560,0.6460049240849912
7,2,12,2,570,0.6586403762921691
7,2,12,2,580,0.6675649560056627
7,2,12,2,590,0.6800731220282614
7,3,2,1,20,0.022690690122544765
7,3,2,1,30,0.034159258008003235
7,3,2,1,40,0.045419573318213224
7,3,2,1,50,0.056851284112781286
7,3,2,1,60,0.06808398896828294
7,3,2,1,70,0.07996085193008184
7,3,2,1,80,0.0913174469023943
7,3,2,1,90,0.10244872001931071
7,3,2,1,100,0.11355245904996991
7,3,2,1,110,0.12672986090183258
7,3,2,1,120,0.1354631520807743
7,3,2,1,130,0.1468569259159267
7,3,2,1,140,0.15801627235487103
7,3,2,1,150,0.17019766382873058
7,3,2,1,160,0.18053346313536167
7,3,2,1,170,0.1935548661276698
7,3,2,1,180,0.20403522485867143
7,3,2,1,190,0.21585787693038583
7,3,2,1,200,0.22750033298507333
7,3,2,1,210,0.23828184511512518
7,3,2,1,220,0.24995851423591375
7,3,2,1,230,0.2614014237187803
7,3,2,1,240,0.27203075028955936
7,3,2,1,250,0.28367404779419303
7,3,2,1,260,0.2956434041261673
7,3,2,1,270,0.3064495911821723
7,3,2,1,280,0.3178498260676861
7,3,2,1,290,0.33019509771838784
7,3,2,1,300,0.34027784457430243
7,3,2,1,310,0.35204965667799115
7,3,2,1,320,0.3627376202493906
7,3,2,1,330,0.37461147317662835
7,3,2,1,340,0.3833614853210747
7,3,2,1,350,0.3950490946881473
7,3,2,1,360,0.4049992449581623
7,3,2,1,370,0.4169229851104319
7,3,2,1,380,0.4277839818969369
7,3,2,1,390,0.439630885142833
7,3,2,1,400,0.44896556390449405
7,3,2,1,410,0.45957754785194993
7,3,2,1,420,0.47355203703045845
7,3,2,1,430,0.48662753216922283
7,3,2,1,440,0.4988495330326259
7,3,2,1,450,0.5104742273688316
7,3,2,1,460,0.520447988063097
7,3,2,1,470,0.5335259446874261
7,3,2,1,480,0.5446326290257275
7,3,2,1,490,0.5558422980830073
7,3,2,1,500,0.5668648411519825
7,3,2,1,510,0.5782704688608646
7,3,2,1,520,0.5899732019752264
7,3,2,1,530,0.6032235757447779
7,3,2,1,540,0.6135331559926271
7,3,2,1,550,0.6367489909753203
7,3,2,1,560,0.6761026801541448
7,3,2,1,570,0.6472845878452063
7,3,2,1,580,0.6572553119622171
7,3,2,1,590,0.6692372602410614
7,3,2,2,20,0.022601598873734474
7,3,2,2,30,0.0339860999956727
7,3,2,2,40,0.04519923124462366
7,3,2,2,50,0.056543022859841585
7,3,2,2,60,0.06817200686782598
7,3,2,2,70,0.0796575858257711
7,3,2,2,80,0.09065859112888575
7,3,2,2,90,0.10203648218885064
7,3,2,2,100,0.11358023900538683
7,3,2,2,110,0.12519013695418835
7,3,2,2,120,0.13621991407126188
7,3,2,2,130,0.1478445283137262
7,3,2,2,140,0.15844666911289096
7,3,2,2,150,0.17021808121353388
7,3,2,2,160,0.1814754642546177
7,3,2,2,170,0.19279402820393443
7,3,2,2,180,0.20406564511358738
7,3,2,2,190,0.2155652130022645
7,3,2,2,200,0.22719064727425575
7,3,2,2,210,0.2381721897982061
7,3,2,2,220,0.24883467191830277
7,3,2,2,230,0.26107905292883515
7,3,2,2,240,0.2725444142706692
7,3,2,2,250,0.28384929383173585
7,3,2,2,260,0.29402376618236303
7,3,2,2,270,0.30600510770455003
7,3,2,2,280,0.31672520097345114
7,3,2,2,290,0.3279409767128527
7,3,2,2,300,0.3392815780825913
7,3,2,2,310,0.35129864094778895
7,3,2,2,320,0.3620407469570637
7,3,2,2,330,0.3738247649744153
7,3,2,2,340,0.38422465696930885
7,3,2,2,350,0.39650215301662683
7,3,2,2,360,0.40797122986987233
7,3,2,2,370,0.41915603494271636
7,3,2,2,380,0.4302381337620318
7,3,2,2,390,0.4417388690635562
7,3,2,2,400,0.4514127899892628
7,3,2,2,410,0.4645378799177706
7,3,2,2,420,0.47575326822698116
7,3,2,2,430,0.48632610542699695
7,3,2,2,440,0.49794017104431987
7,3,2,2,450,0.5092454492114484
7,3,2,2,460,0.5202715080231428
7,3,2,2,470,0.5317441029474139
7,3,2,2,480,0.5435601728968322
7,3,2,2,490,0.5557158831506968
7,3,2,2,500,0.5651355031877756
7,3,2,2,510,0.5772491139359772
7,3,2,2,520,0.5875686760991812
7,3,2,2,530,0.6006042300723493
7,3,2,2,540,0.6110665467567742
7,3,2,2,550,0.6234019692055881
7,3,2,2,560,0.6329526538029313
7,3,2,2,570,0.6454065549187362
7,3,2,2,580,0.6567670390941203
7,3,2,2,590,0.667921292129904
7,3,4,1,20,0.022660131100565195
7,3,4,1,30,0.03463621670380235
7,3,4,1,40,0.045343338046222925
7,3,4,1,50,0.05659807100892067
7,3,4,1,60,0.06757540302351117
7,3,4,1,70,0.07900561997666955
7,3,4,1,80,0.08982780203223228
7,3,4,1,90,0.10149347689002752
7,3,4,1,100,0.11250728880986571
7,3,4,1,110,0.12392729381099343
7,3,4,1,120,0.13495853310450912
7,3,4,1,130,0.1457540187984705
7,3,4,1,140,0.15720269968733191
7,3,4,1,150,0.16897613322362304
7,3,4,1,160,0.1801013257354498
7,3,4,1,170,0.1920813168399036
7,3,4,1,180,0.2042644596658647
7,3,4,1,190,0.21489086793735623
7,3,4,1,200,0.22604944370687008
7,3,4,1,210,0.23835878213867545
7,3,4,1,220,0.24863469041883945
7,3,4,1,230,0.25972956931218505
7,3,4,1,240,0.27122665103524923
7,3,4,1,250,0.28363891411572695
7,3,4,1,260,0.3386534722521901
7,3,4,1,270,0.3221653620712459
7,3,4,1,280,0.3181554479524493
7,3,4,1,290,0.32968150125816464
7,3,4,1,300,0.3408101019449532
7,3,4,1,310,0.3512419913895428
7,3,4,1,320,0.36427200911566615
7,3,4,1,330,0.37534249806776643
7,3,4,1,340,0.38534168526530266
7,3,4,1,350,0.3969699880108237
7,3,4,1,360,0.4082854799926281
7,3,4,1,370,0.42205857718363404
7,3,4,1,380,0.430459450930357
7,3,4,1,390,0.4433710086159408
7,3,4,1,400,0.4537845039740205
7,3,4,1,410,0.4653853951022029
7,3,4,1,420,0.47664053086191416
7,3,4,1,430,0.4909896608442068
7,3,4,1,440,0.49917502189055085
7,3,4,1,450,0.5105793350376189
7,3,4,1,460,0.5199972200207412
7,3,4,1,470,0.5321042430587113
7,3,4,1,480,0.5411187820136547
7,3,4,1,490,0.5543915862217546
7,3,4,1,500,0.5664185700006783
7,3,4,1,510,0.5786641677841544
7,3,4,1,520,0.5925305830314755
7,3,4,1,530,0.6005649613216519
7,3,4,1,540,0.6111025270074606
7,3,4,1,550,0.6236361996270716
7,3,4,1,560,0.6327383960597217
7,3,4,1,570,0.6449646549299359
7,3,4,1,580,0.6563209351152182
7,3,4,1,590,0.6677964190021157
7,3,4,2,20,0.02264802111312747
7,3,4,2,30,0.03447178518399596
7,3,4,2,40,0.04549898533150554
7,3,4,2,50,0.056495378259569407
7,3,4,2,60,0.06796776270493865
7,3,4,2,70,0.07923117699101567
7,3,4,2,80,0.09059169515967369
7,3,4,2,90,0.10188638186082244
7,3,4,2,100,0.11363382311537862
7,3,4,2,110,0.1241927039809525
7,3,4,2,120,0.13508146069943905
7,3,4,2,130,0.14868605975061655
7,3,4,2,140,0.15888789808377624
7,3,4,2,150,0.16961340606212616
7,3,4,2,160,0.18140173703432083
7,3,4,2,170,0.19275469006970525
7,3,4,2,180,0.20302725303918123
7,3,4,2,190,0.2150290128774941
7,3,4,2,200,0.22587144374847412
7,3,4,2,210,0.23754328396171331
7,3,4,2,220,0.24807674996554852
7,3,4,2,230,0.26137646194547415
7,3,4,2,240,0.27223100513219833
7,3,4,2,250,0.2837520516477525
7,3,4,2,260,0.29402212891727686
7,3,4,2,270,0.306622754316777
7,3,4,2,280,0.3160579311661422
7,3,4,2,290,0.3286539441905916
7,3,4,2,300,0.34397828206419945
7,3,4,2,310,0.35190067114308476
7,3,4,2,320,0.3768542353063822
7,3,4,2,330,0.3736450243741274
7,3,4,2,340,0.38509576208889484
7,3,4,2,350,0.3960785521194339
7,3,4,2,360,0.4077638080343604
7,3,4,2,370,0.4208614160306752
7,3,4,2,380,0.4301743940450251
7,3,4,2,390,0.4406481417827308
7,3,4,2,400,0.45236405776813626
7,3,4,2,410,0.46484456630423665
7,3,4,2,420,0.4754080129787326
7,3,4,2,430,0.48807710502296686
7,3,4,2,440,0.49841654673218727
7,3,4,2,450,0.5095215328037739
7,3,4,2,460,0.5219598868861794
7,3,4,2,470,0.5329592768102884
7,3,4,2,480,0.5444846181198955
7,3,4,2,490,0.5561320977285504
7,3,4,2,500,0.567761423997581
7,3,4,2,510,0.5832036510109901
7,3,4,2,520,0.5893191881477833
7,3,4,2,530,0.6021859799511731
7,3,4,2,540,0.6115047237835824
7,3,4,2,550,0.622658948879689
7,3,4,2,560,0.6339339651167393
7,3,4,2,570,0.6467648288235068
7,3,4,2,580,0.6567281289026141
7,3,4,2,590,0.6692779362201691
7,3,6,1,20,0.022780172061175108
7,3,6,1,30,0.034199670888483524
7,3,6,1,40,0.045380329713225365
7,3,6,1,50,0.05703775817528367
7,3,6,1,60,0.0681165037676692
7,3,6,1,70,0.07969537982717156
7,3,6,1,80,0.0906850271858275
7,3,6,1,90,0.10249245911836624
7,3,6,1,100,0.11349107464775443
7,3,6,1,110,0.12508076522499323
7,3,6,1,120,0.13614723179489374
7,3,6,1,130,0.14775469806045294
7,3,6,1,140,0.15854217624291778
7,3,6,1,150,0.17081738589331508
7,3,6,1,160,0.18133917590603232
7,3,6,1,170,0.19316970091313124
7,3,6,1,180,0.20413890201598406
7,3,6,1,190,0.21601840620860457
7,3,6,1,200,0.22744505014270544
7,3,6,1,210,0.2382004433311522
7,3,6,1,220,0.24961558496579528
7,3,6,1,230,0.26106318086385727
7,3,6,1,240,0.27226355113089085
7,3,6,1,250,0.2832635478116572
7,3,6,1,260,0.29489072784781456
7,3,6,1,270,0.30648689484223723
7,3,6,1,280,0.31663806177675724
7,3,6,1,290,0.3287676381878555
7,3,6,1,300,0.3403844879940152
7,3,6,1,310,0.3522374830208719
7,3,6,1,320,0.3630877290852368
7,3,6,1,330,0.3738154610618949
7,3,6,1,340,0.3848837558180094
7,3,6,1,350,0.3959487732499838
7,3,6,1,360,0.40837951516732574
7,3,6,1,370,0.4198727481998503
7,3,6,1,380,0.4305602442473173
7,3,6,1,390,0.4413602198474109
7,3,6,1,400,0.4528307910077274
7,3,6,1,410,0.4651263118721545
7,3,6,1,420,0.4762778952717781
7,3,6,1,430,0.48865267587825656
7,3,6,1,440,0.49941455479711294
7,3,6,1,450,0.5115599171258509
7,3,6,1,460,0.5224705156870186
7,3,6,1,470,0.5333986757323146
7,3,6,1,480,0.544193125795573
7,3,6,1,490,0.5563716711476445
7,3,6,1,500,0.5678708702325821
7,3,6,1,510,0.5798369948752224
7,3,6,1,520,0.5891292002052069
7,3,6,1,530,0.6016119793057442
7,3,6,1,540,0.613334211986512
7,3,6,1,550,0.6258956836536527
7,3,6,1,560,0.6336093717254698
7,3,6,1,570,0.6455162647180259
7,3,6,1,580,0.657763612922281
7,3,6,1,590,0.6689691091887653
7,3,6,2,20,0.022749148309230804
7,3,6,2,30,0.03413053788244724
7,3,6,2,40,0.04546327330172062
7,3,6,2,50,0.056854596827179193
7,3,6,2,60,0.0683810068294406
7,3,6,2,70,0.07962092198431492
7,3,6,2,80,0.0911000557243824
7,3,6,2,90,0.10253612324595451
7,3,6,2,100,0.11380904586985707
7,3,6,2,110,0.12474462296813726
7,3,6,2,120,0.1362507506273687
7,3,6,2,130,0.1475644437596202
7,3,6,2,140,0.15834446204826236
7,3,6,2,150,0.17017422476783395
7,3,6,2,160,0.18172790482640266
7,3,6,2,170,0.1930758198723197
7,3,6,2,180,0.20415734685957432
7,3,6,2,190,0.21633764915168285
7,3,6,2,200,0.22694507474079728
7,3,6,2,210,0.23901297198608518
7,3,6,2,220,0.24888473376631737
7,3,6,2,230,0.2611073018051684
7,3,6,2,240,0.2716489410959184
7,3,6,2,250,0.28335582837462425
7,3,6,2,260,0.29438595892861485
7,3,6,2,270,0.3061140049248934
7,3,6,2,280,0.31716242199763656
7,3,6,2,290,0.32919330801814795
7,3,6,2,300,0.3397309361025691
7,3,6,2,310,0.3517294228076935
7,3,6,2,320,0.362503448035568
7,3,6,2,330,0.37503124261274934
7,3,6,2,340,0.3858315832912922
7,3,6,2,350,0.3977526118978858
7,3,6,2,360,0.40815962664783
7,3,6,2,370,0.42043453687801957
7,3,6,2,380,0.4317577378824353
7,3,6,2,390,0.44275958416983485
7,3,6,2,400,0.45536051224917173
7,3,6,2,410,0.4644988630898297
7,3,6,2,420,0.4779095812700689
7,3,6,2,430,0.4882765240035951
7,3,6,2,440,0.49830922670662403
7,3,6,2,450,0.5111998240463436
7,3,6,2,460,0.5225523971021175
7,3,6,2,470,0.5342924669384956
7,3,6,2,480,0.5455292039550841
7,3,6,2,490,0.556296001188457
7,3,6,2,500,0.5678704837337136
7,3,6,2,510,0.5810156869702041
7,3,6,2,520,0.5921811508014798
7,3,6,2,530,0.6028483482077718
7,3,6,2,540,0.6133584440685809
7,3,6,2,550,0.6255066278390586
7,3,6,2,560,0.6347342091612518
7,3,6,2,570,0.6473973151296377
7,3,6,2,580,0.658687885850668
7,3,6,2,590,0.6705843838863075
7,3,8,1,20,0.022819509729743004
7,3,8,1,30,0.034430176950991154
7,3,8,1,40,0.0455882060341537
7,3,8,1,50,0.05709712207317352
7,3,8,1,60,0.06817605905234814
7,3,8,1,70,0.0801653959788382
7,3,8,1,80,0.0910259997472167
7,3,8,1,90,0.10506868595257401
7,3,8,1,100,0.11351356003433466
7,3,8,1,110,0.1251447140239179
7,3,8,1,120,0.13600932015106082
7,3,8,1,130,0.14820440020412207
7,3,8,1,140,0.1594440219923854
7,3,8,1,150,0.1705503878183663
7,3,8,1,160,0.18198888283222914
7,3,8,1,170,0.19328828202560544
7,3,8,1,180,0.2035022177733481
7,3,8,1,190,0.21556199481710792
7,3,8,1,200,0.22682585939764977
7,3,8,1,210,0.23835180792957544
7,3,8,1,220,0.24859588593244553
7,3,8,1,230,0.26155187003314495
7,3,8,1,240,0.2719976962544024
7,3,8,1,250,0.2845879588276148
7,3,8,1,260,0.29561301320791245
7,3,8,1,270,0.3077773042023182
7,3,8,1,280,0.31845890590921044
7,3,8,1,290,0.3303375649265945
7,3,8,1,300,0.34154032124206424
7,3,8,1,310,0.35226743994280696
7,3,8,1,320,0.3634793688543141
7,3,8,1,330,0.3742762296460569
7,3,8,1,340,0.38727128598839045
7,3,8,1,350,0.39747648499906063
7,3,8,1,360,0.4087572447024286
7,3,8,1,370,0.42058663116768
7,3,8,1,380,0.431077488232404
7,3,8,1,390,0.4426890229806304
7,3,8,1,400,0.4534454168751836
7,3,8,1,410,0.46574826585128903
7,3,8,1,420,0.477472425904125
7,3,8,1,430,0.4907211549580097
7,3,8,1,440,0.5015675090253353
7,3,8,1,450,0.5123963579535484
7,3,8,1,460,0.5233596512116492
7,3,8,1,470,0.5342777683399618
7,3,8,1,480,0.5448149549774826
7,3,8,1,490,0.5564547101967037
7,3,8,1,500,0.5667398381046951
7,3,8,1,510,0.5785524812527001
7,3,8,1,520,0.5892892349511385
7,3,8,1,530,0.6026370832696557
7,3,8,1,540,0.6129255220293999
7,3,8,1,550,0.6263274098746479
7,3,8,1,560,0.636921489611268
7,3,8,1,570,0.6488071801140904
7,3,8,1,580,0.6600131005980074
7,3,8,1,590,0.6721470528282225
7,3,8,2,20,0.022698278073221445
7,3,8,2,30,0.03432828187942505
7,3,8,2,40,0.045746276155114174
7,3,8,2,50,0.05710434773936868
7,3,8,2,60,0.06817855592817068
7,3,8,2,70,0.07967872824519873
7,3,8,2,80,0.09110331116244197
7,3,8,2,90,0.10227438900619745
7,3,8,2,100,0.11405605496838689
7,3,8,2,110,0.12537283031269908
7,3,8,2,120,0.13648136192932725
7,3,8,2,130,0.14739972818642855
7,3,8,2,140,0.15907582314684987
7,3,8,2,150,0.17088864697143435
7,3,8,2,160,0.18163823103532195
7,3,8,2,170,0.19374557211995125
7,3,8,2,180,0.20456847129389644
7,3,8,2,190,0.2164787040092051
7,3,8,2,200,0.22738440800458193
7,3,8,2,210,0.23921623500064015
7,3,8,2,220,0.25028662011027336
7,3,8,2,230,0.2615009141154587
7,3,8,2,240,0.27200528187677264
7,3,8,2,250,0.28345774998888373
7,3,8,2,260,0.2960982178337872
7,3,8,2,270,0.3075669971294701
7,3,8,2,280,0.31720393896102905
7,3,8,2,290,0.3295321059413254
7,3,8,2,300,0.34089625906199217
7,3,8,2,310,0.35226107807829976
7,3,8,2,320,0.3644489119760692
7,3,8,2,330,0.3757713898085058
7,3,8,2,340,0.3871663250029087
7,3,8,2,350,0.39732330525293946
7,3,8,2,360,0.4095236239954829
7,3,8,2,370,0.4208457008935511
7,3,8,2,380,0.43178890692070127
7,3,8,2,390,0.4440751001238823
7,3,8,2,400,0.45494544925168157
7,3,8,2,410,0.46641338989138603
7,3,8,2,420,0.4771106019616127
7,3,8,2,430,0.4898430551402271
7,3,8,2,440,0.5000413451343775
7,3,8,2,450,0.5127682541497052
7,3,8,2,460,0.5215435726568103
7,3,8,2,470,0.5345713137649
7,3,8,2,480,0.5454482673667371
7,3,8,2,490,0.5564581328071654
7,3,8,2,500,0.5669473852030933
7,3,8,2,510,0.5813625347800553
7,3,8,2,520,0.5909278709441423
7,3,8,2,530,0.6028537140227854
7,3,8,2,540,0.6128841210156679
7,3,8,2,550,0.6241001379676163
7,3,8,2,560,0.6359012322500348
7,3,8,2,570,0.6479005110450089
7,3,8,2,580,0.6584819257259369
7,3,8,2,590,0.6712257326580584
7,3,10,1,20,0.02294780034571886
7,3,10,1,30,0.03442848101258278
7,3,10,1,40,0.04568082094192505
7,3,10,1,50,0.057296124286949635
7,3,10,1,60,0.0686344183050096
7,3,10,1,70,0.0798768699169159
7,3,10,1,80,0.09116325108334422
7,3,10,1,90,0.10241571813821793
7,3,10,1,100,0.11424741195514798
7,3,10,1,110,0.12528756400570273
7,3,10,1,120,0.13673202274367213
7,3,10,1,130,0.14820099994540215
7,3,10,1,140,0.15851721027866006
7,3,10,1,150,0.17130012810230255
7,3,10,1,160,0.18297564191743731
7,3,10,1,170,0.19390025781467557
7,3,10,1,180,0.20518447179347277
7,3,10,1,190,0.21737472480162978
7,3,10,1,200,0.22778621735051274
7,3,10,1,210,0.24044851073995233
7,3,10,1,220,0.2508503459393978
7,3,10,1,230,0.26175174582749605
7,3,10,1,240,0.2734601031988859
7,3,10,1,250,0.28512385906651616
7,3,10,1,260,0.296819721814245
7,3,10,1,270,0.3082450572401285
7,3,10,1,280,0.31981355138123035
7,3,10,1,290,0.33147919410839677
7,3,10,1,300,0.3421026631258428
7,3,10,1,310,0.35350611293688416
7,3,10,1,320,0.3638585163280368
7,3,10,1,330,0.376132148783654
7,3,10,1,340,0.3870264729484916
7,3,10,1,350,0.3990226509049535
7,3,10,1,360,0.4108833377249539
7,3,10,1,370,0.4237981108017266
7,3,10,1,380,0.4339159117080271
7,3,10,1,390,0.4447282920591533
7,3,10,1,400,0.45475226594135165
7,3,10,1,410,0.46735058072954416
7,3,10,1,420,0.4792341096326709
7,3,10,1,430,0.49047223199158907
7,3,10,1,440,0.5017293780110776
7,3,10,1,450,0.5121724009513855
7,3,10,1,460,0.5239190049469471
7,3,10,1,470,0.5362984160892665
7,3,10,1,480,0.5464318948797882
7,3,10,1,490,0.5586936231702566
7,3,10,1,500,0.5689029726199806
7,3,10,1,510,0.5815921071916819
7,3,10,1,520,0.5920341494493186
7,3,10,1,530,0.603476348798722
7,3,10,1,540,0.6159184752032161
7,3,10,1,550,0.6276470152661204
7,3,10,1,560,0.6378727527335286
7,3,10,1,570,0.6515844482928514
7,3,10,1,580,0.6623095599934459
7,3,10,1,590,0.672122857067734
7,3,10,2,20,0.022595208138227463
7,3,10,2,30,0.034132073633372784
7,3,10,2,40,0.04547892231494188
7,3,10,2,50,0.05698224017396569
7,3,10,2,60,0.06820938130840659
7,3,10,2,70,0.07986942678689957
7,3,10,2,80,0.09087716834619641
7,3,10,2,90,0.10255653876811266
7,3,10,2,100,0.11363527411594987
7,3,10,2,110,0.12532890820875764
7,3,10,2,120,0.13648598408326507
7,3,10,2,130,0.14864268712699413
7,3,10,2,140,0.15936013218015432
7,3,10,2,150,0.17101182183250785
7,3,10,2,160,0.1822937442921102
7,3,10,2,170,0.19366880413144827
7,3,10,2,180,0.2051283218897879
7,3,10,2,190,0.21672346396371722
7,3,10,2,200,0.22817025007680058
7,3,10,2,210,0.24010147619992495
7,3,10,2,220,0.2505314890295267
7,3,10,2,230,0.2627219669520855
7,3,10,2,240,0.27344457525759935
7,3,10,2,250,0.2854541349224746
7,3,10,2,260,0.2970610777847469
7,3,10,2,270,0.3085585250519216
7,3,10,2,280,0.319369416218251
7,3,10,2,290,0.33057049382478
7,3,10,2,300,0.3414436732418835
7,3,10,2,310,0.35372654302045703
7,3,10,2,320,0.3662272519432008
7,3,10,2,330,0.37617673678323627
7,3,10,2,340,0.3866209299303591
7,3,10,2,350,0.3999282452277839
7,3,10,2,360,0.4103836650028825
7,3,10,2,370,0.4216885450296104
7,3,10,2,380,0.43364475201815367
7,3,10,2,390,0.44516246765851974
7,3,10,2,400,0.4562806040048599
7,3,10,2,410,0.4676822177134454
7,3,10,2,420,0.47980113606899977
7,3,10,2,430,0.4921320010907948
7,3,10,2,440,0.5019637770019472
7,3,10,2,450,0.5183216743171215
7,3,10,2,460,0.5262689287774265
7,3,10,2,470,0.5386246060952544
7,3,10,2,480,0.5491229239851236
7,3,10,2,490,0.5625048456713557
7,3,10,2,500,0.571285464335233
7,3,10,2,510,0.5837079999037087
7,3,10,2,520,0.5939293480478227
7,3,10,2,530,0.6061113178730011
7,3,10,2,540,0.6169983688741922
7,3,10,2,550,0.6279595498926938
7,3,10,2,560,0.6384824179112911
7,3,10,2,570,0.6501533258706331
7,3,10,2,580,0.6602874593809247
7,3,10,2,590,0.673456943128258
7,3,12,1,20,0.02317146770656109
7,3,12,1,30,0.03469632426276803
7,3,12,1,40,0.04621323198080063
7,3,12,1,50,0.057714865542948246
7,3,12,1,60,0.06898261373862624
7,3,12,1,70,0.08080083597451448
7,3,12,1,80,0.09261018643155694
7,3,12,1,90,0.10353044467046857
7,3,12,1,100,0.11506178602576256
7,3,12,1,110,0.12689000414684415
7,3,12,1,120,0.13829667633399367
7,3,12,1,130,0.14992578327655792
7,3,12,1,140,0.16155434818938375
7,3,12,1,150,0.17367613688111305
7,3,12,1,160,0.18425019504502416
7,3,12,1,170,0.19735003868117929
7,3,12,1,180,0.20831133797764778
7,3,12,1,190,0.21966074872761965
7,3,12,1,200,0.23108054511249065
7,3,12,1,210,0.24271715199574828
7,3,12,1,220,0.2536385990679264
7,3,12,1,230,0.26555040618404746
7,3,12,1,240,0.27646231884136796
7,3,12,1,250,0.2880308930762112
7,3,12,1,260,0.3015852849930525
7,3,12,1,270,0.3117695110850036
7,3,12,1,280,0.32308230409398675
7,3,12,1,290,0.33311777375638485
7,3,12,1,300,0.3438168168067932
7,3,12,1,310,0.35562554374337196
7,3,12,1,320,0.3672940693795681
7,3,12,1,330,0.37863076804205775
7,3,12,1,340,0.38865914521738887
7,3,12,1,350,0.4046397591009736
7,3,12,1,360,0.413304943125695
7,3,12,1,370,0.4254193529486656
7,3,12,1,380,0.43675966979935765
7,3,12,1,390,0.4473319072276354
7,3,12,1,400,0.4595963670872152
7,3,12,1,410,0.470329768024385
7,3,12,1,420,0.4830310372635722
7,3,12,1,430,0.494801368098706
7,3,12,1,440,0.5056626219302416
7,3,12,1,450,0.5179486041888595
7,3,12,1,460,0.5262078330852091
7,3,12,1,470,0.5395125257782638
7,3,12,1,480,0.5506963580846786
7,3,12,1,490,0.5644836970604956
7,3,12,1,500,0.5748226619325578
7,3,12,1,510,0.5880969949066639
7,3,12,1,520,0.59862992586568
7,3,12,1,530,0.6118082511238754
7,3,12,1,540,0.6208946267142892
7,3,12,1,550,0.6299627050757408
7,3,12,1,560,0.6439580521546304
7,3,12,1,570,0.6566169043071568
7,3,12,1,580,0.6664272490888834
7,3,12,1,590,0.679101447109133
7,3,12,2,20,0.02293779980391264
7,3,12,2,30,0.03463125880807638
7,3,12,2,40,0.045952729880809784
7,3,12,2,50,0.05760887311771512
7,3,12,2,60,0.06862433068454266
7,3,12,2,70,0.08014563098549843
7,3,12,2,80,0.0916870953515172
7,3,12,2,90,0.10318248113617301
7,3,12,2,100,0.11466622957959771
7,3,12,2,110,0.12621580669656396
7,3,12,2,120,0.13745064102113247
7,3,12,2,130,0.14978842809796333
7,3,12,2,140,0.16094333305954933
7,3,12,2,150,0.17320978920906782
7,3,12,2,160,0.18456283723935485
7,3,12,2,170,0.19621338369324803
7,3,12,2,180,0.2071907981298864
7,3,12,2,190,0.21856256108731031
7,3,12,2,200,0.2297314489260316
7,3,12,2,210,0.24104162817820907
7,3,12,2,220,0.25281959818676114
7,3,12,2,230,0.26502592535689473
7,3,12,2,240,0.27535301400348544
7,3,12,2,250,0.2878650692291558
7,3,12,2,260,0.298783989623189
7,3,12,2,270,0.3104226482100785
7,3,12,2,280,0.32127906335517764
7,3,12,2,290,0.3333725407719612
7,3,12,2,300,0.3443319806829095
7,3,12,2,310,0.3559606410562992
7,3,12,2,320,0.36663744132965803
7,3,12,2,330,0.37921644002199173
7,3,12,2,340,0.3904122286476195
7,3,12,2,350,0.40282474691048265
7,3,12,2,360,0.41317121824249625
7,3,12,2,370,0.4246405940502882
7,3,12,2,380,0.4365621963515878
7,3,12,2,390,0.44951715413480997
7,3,12,2,400,0.45883513102307916
7,3,12,2,410,0.4721632837317884
7,3,12,2,420,0.48345443280413747
7,3,12,2,430,0.4948911340907216
7,3,12,2,440,0.5046358373947442
7,3,12,2,450,0.517723080702126
7,3,12,2,460,0.5293467161245644
7,3,12,2,470,0.5407947823405266
7,3,12,2,480,0.5504914401099086
7,3,12,2,490,0.5626998483203351
7,3,12,2,500,0.5744452709332108
7,3,12,2,510,0.5868594879284501
7,3,12,2,520,0.5976545140147209
7,3,12,2,530,0.6105859191156924
7,3,12,2,540,0.6213348680175841
7,3,12,2,550,0.6331529687158763
7,3,12,2,560,0.644115820992738
7,3,12,2,570,0.6563161867670715
7,3,12,2,580,0.6663413383066654
7,3,12,2,590,0.6785661508329213
7,4,2,1,20,0.022650273982435465
7,4,2,1,30,0.03410484082996845
7,4,2,1,40,0.04536269884556532
7,4,2,1,50,0.056838497053831816
7,4,2,1,60,0.06814556801691651
7,4,2,1,70,0.07980206562206149
7,4,2,1,80,0.09055561618879437
7,4,2,1,90,0.10217899829149246
7,4,2,1,100,0.11363746458664536
7,4,2,1,110,0.12487245397642255
7,4,2,1,120,0.13602130394428968
7,4,2,1,130,0.14708957402035594
7,4,2,1,140,0.1589854289777577
7,4,2,1,150,0.17045077215880156
7,4,2,1,160,0.1816025390289724
7,4,2,1,170,0.19316329387947917
7,4,2,1,180,0.20381648186594248
7,4,2,1,190,0.21602596202865243
7,4,2,1,200,0.2272760379128158
7,4,2,1,210,0.23805928090587258
7,4,2,1,220,0.2500758362002671
7,4,2,1,230,0.2611188320443034
7,4,2,1,240,0.2719857501797378
7,4,2,1,250,0.28363113524392247
7,4,2,1,260,0.29524844512343407
7,4,2,1,270,0.30711636412888765
7,4,2,1,280,0.3172477590851486
7,4,2,1,290,0.32907944917678833
7,4,2,1,300,0.3395095858722925
7,4,2,1,310,0.35084583098068833
7,4,2,1,320,0.3625527508556843
7,4,2,1,330,0.37396515905857086
7,4,2,1,340,0.38533731270581484
7,4,2,1,350,0.3967798938974738
7,4,2,1,360,0.40723266499117017
7,4,2,1,370,0.4197374200448394
7,4,2,1,380,0.4299729880876839
7,4,2,1,390,0.44227206194773316
7,4,2,1,400,0.4539585318416357
7,4,2,1,410,0.463937905151397
7,4,2,1,420,0.4764235191978514
7,4,2,1,430,0.4888440198265016
7,4,2,1,440,0.4977815649472177
7,4,2,1,450,0.5102704530581832
7,4,2,1,460,0.5198317491449416
7,4,2,1,470,0.5320416539907455
7,4,2,1,480,0.5432182201184332
7,4,2,1,490,0.5545740476809442
7,4,2,1,500,0.565836189314723
7,4,2,1,510,0.5786985829472542
7,4,2,1,520,0.58920261496678
7,4,2,1,530,0.5990482498891652
7,4,2,1,540,0.6117187328636646
7,4,2,1,550,0.6237469026818871
7,4,2,1,560,0.6355164679698646
7,4,2,1,570,0.647946679033339
7,4,2,1,580,0.6581539688631892
7,4,2,1,590,0.670785834081471
7,4,2,2,20,0.02273455820977688
7,4,2,2,30,0.03428888088092208
7,4,2,2,40,0.04540095664560795
7,4,2,2,50,0.05674764094874263
7,4,2,2,60,0.06807855097576976
7,4,2,2,70,0.07957585621625185
7,4,2,2,80,0.09043788304552436
7,4,2,2,90,0.1019075340591371
7,4,2,2,100,0.11340352892875671
7,4,2,2,110,0.12500837910920382
7,4,2,2,120,0.1360906702466309
7,4,2,2,130,0.14773459685966372
7,4,2,2,140,0.15906763076782227
7,4,2,2,150,0.1707342960871756
7,4,2,2,160,0.1814120220951736
7,4,2,2,170,0.19353542616590858
7,4,2,2,180,0.20440415991470218
7,4,2,2,190,0.21571807796135545
7,4,2,2,200,0.22703185118734837
7,4,2,2,210,0.2375114648602903
7,4,2,2,220,0.248956557828933
7,4,2,2,230,0.26089760987088084
7,4,2,2,240,0.27188574708998203
7,4,2,2,250,0.2830222276970744
7,4,2,2,260,0.29348190501332283
7,4,2,2,270,0.3057305966503918
7,4,2,2,280,0.31723930314183235
7,4,2,2,290,0.3283853088505566
7,4,2,2,300,0.33937984332442284
7,4,2,2,310,0.35224360413849354
7,4,2,2,320,0.3613521861843765
7,4,2,2,330,0.3745347880758345
7,4,2,2,340,0.3846432785503566
7,4,2,2,350,0.3966036709025502
7,4,2,2,360,0.4061285899952054
7,4,2,2,370,0.4188255616463721
7,4,2,2,380,0.4309352356940508
7,4,2,2,390,0.44232072588056326
7,4,2,2,400,0.4538031001575291
7,4,2,2,410,0.4643951701000333
7,4,2,2,420,0.47597194695845246
7,4,2,2,430,0.48731977911666036
7,4,2,2,440,0.49854310415685177
7,4,2,2,450,0.5100820637308061
7,4,2,2,460,0.5219740970060229
7,4,2,2,470,0.5333238407038152
7,4,2,2,480,0.5426055761054158
7,4,2,2,490,0.5556721999309957
7,4,2,2,500,0.569614966865629
7,4,2,2,510,0.5780459633097053
7,4,2,2,520,0.5894498960115016
7,4,2,2,530,0.6028057020157576
7,4,2,2,540,0.6123189879581332
7,4,2,2,550,0.6243694867007434
7,4,2,2,560,0.6340019661001861
7,4,2,2,570,0.6462471252307296
7,4,2,2,580,0.6580919232219458
7,4,2,2,590,0.6690824013203382
7,4,4,1,20,0.022788384929299355
7,4,4,1,30,0.03420683415606618
7,4,4,1,40,0.04578138701617718
7,4,4,1,50,0.056770405266433954
7,4,4,1,60,0.06849104817956686
7,4,4,1,70,0.07958485186100006
7,4,4,1,80,0.09116702480241656
7,4,4,1,90,0.10245254402980208
7,4,4,1,100,0.11348014185205102
7,4,4,1,110,0.12490838998928666
7,4,4,1,120,0.1364282388240099
7,4,4,1,130,0.14832440484315157
7,4,4,1,140,0.1593261929228902
7,4,4,1,150,0.17063166620209813
7,4,4,1,160,0.18177659763023257
7,4,4,1,170,0.1938018761575222
7,4,4,1,180,0.20536414068192244
7,4,4,1,190,0.21676842821761966
7,4,4,1,200,0.22767570475116372
7,4,4,1,210,0.239113035146147
7,4,4,1,220,0.25034396490082145
7,4,4,1,230,0.2623222549445927
7,4,4,1,240,0.2724705426953733
7,4,4,1,250,0.2845519818365574
7,4,4,1,260,0.2966689239256084
7,4,4,1,270,0.3077730876393616
7,4,4,1,280,0.31817379500716925
7,4,4,1,290,0.32995601324364543
7,4,4,1,300,0.3420651787891984
7,4,4,1,310,0.35279899556189775
7,4,4,1,320,0.36410727305337787
7,4,4,1,330,0.3753661005757749
7,4,4,1,340,0.3866559676826
7,4,4,1,350,0.39833514811471105
7,4,4,1,360,0.4088045419193804
7,4,4,1,370,0.42028441093862057
7,4,4,1,380,0.4320352328941226
7,4,4,1,390,0.4442361923865974
7,4,4,1,400,0.45548957493156195
7,4,4,1,410,0.46666265092790127
7,4,4,1,420,0.4789299569092691
7,4,4,1,430,0.48920319275930524
7,4,4,1,440,0.5008425167761743
7,4,4,1,450,0.511713869869709
7,4,4,1,460,0.5215094108134508
7,4,4,1,470,0.5343523393385112
7,4,4,1,480,0.5435627698898315
7,4,4,1,490,0.5570124709047377
7,4,4,1,500,0.5677505591884255
7,4,4,1,510,0.5795517028309405
7,4,4,1,520,0.5905623128637671
7,4,4,1,530,0.604671164881438
7,4,4,1,540,0.612697517964989
7,4,4,1,550,0.626087062060833
7,4,4,1,560,0.6376355458050966
7,4,4,1,570,0.6497882339172065
7,4,4,1,580,0.6577480849809945
7,4,4,1,590,0.6721929307095706
7,4,4,2,20,0.0228070430457592
7,4,4,2,30,0.03416972840204835
7,4,4,2,40,0.04542605020105839
7,4,4,2,50,0.05687627196311951
7,4,4,2,60,0.0681176888756454
7,4,4,2,70,0.07953084027394652
7,4,4,2,80,0.09079070016741753
7,4,4,2,90,0.10209007607772946
7,4,4,2,100,0.11377505492419004
7,4,4,2,110,0.12517225090414286
7,4,4,2,120,0.1361941727809608
7,4,4,2,130,0.1478568990714848
7,4,4,2,140,0.15883753774687648
7,4,4,2,150,0.17066764505580068
7,4,4,2,160,0.1817617267370224
7,4,4,2,170,0.19310346897691488
7,4,4,2,180,0.20454815728589892
7,4,4,2,190,0.21700588893145323
7,4,4,2,200,0.22760811308398843
7,4,4,2,210,0.23805925203487277
7,4,4,2,220,0.2497349907644093
7,4,4,2,230,0.26185587607324123
7,4,4,2,240,0.27200519386678934
7,4,4,2,250,0.284336619079113
7,4,4,2,260,0.29519820492714643
7,4,4,2,270,0.3072777050547302
7,4,4,2,280,0.31783243175596
7,4,4,2,290,0.32891973899677396
7,4,4,2,300,0.3407491110265255
7,4,4,2,310,0.35146737936884165
7,4,4,2,320,0.3629088597372174
7,4,4,2,330,0.37467024801298976
7,4,4,2,340,0.38652902003377676
7,4,4,2,350,0.39745802199468017
7,4,4,2,360,0.4093542038463056
7,4,4,2,370,0.4211383769288659
7,4,4,2,380,0.4303258992731571
7,4,4,2,390,0.4422255870886147
7,4,4,2,400,0.45326578291133046
7,4,4,2,410,0.46674580220133066
7,4,4,2,420,0.47714035492390394
7,4,4,2,430,0.4900577487424016
7,4,4,2,440,0.49990292778238654
7,4,4,2,450,0.5119165722280741
7,4,4,2,460,0.5217097760178149
7,4,4,2,470,0.5337932086549699
7,4,4,2,480,0.5446365857496858
7,4,4,2,490,0.5558674596250057
7,4,4,2,500,0.5665428880602121
7,4,4,2,510,0.5793239567428827
7,4,4,2,520,0.5905824569053948
7,4,4,2,530,0.6018380778841674
7,4,4,2,540,0.6121729756705463
7,4,4,2,550,0.6252712607383728
7,4,4,2,560,0.6355200638063252
7,4,4,2,570,0.6462476677261293
7,4,4,2,580,0.6573996660299599
7,4,4,2,590,0.670334457885474
7,4,6,1,20,0.02285636169835925
7,4,6,1,30,0.034400515258312225
7,4,6,1,40,0.04563913540914655
7,4,6,1,50,0.05723332427442074
7,4,6,1,60,0.06861341977491975
7,4,6,1,70,0.08054543705657125
7,4,6,1,80,0.09151291800662875
7,4,6,1,90,0.10325384233146906
7,4,6,1,100,0.11441969498991966
7,4,6,1,110,0.1263223080895841
7,4,6,1,120,0.13750613294541836
7,4,6,1,130,0.1486306730657816
7,4,6,1,140,0.159884262830019
7,4,6,1,150,0.17161384923383594
7,4,6,1,160,0.1824096329510212
7,4,6,1,170,0.19448007689788938
7,4,6,1,180,0.20536094903945923
7,4,6,1,190,0.21783215273171663
7,4,6,1,200,0.22864941088482738
7,4,6,1,210,0.24049971671774983
7,4,6,1,220,0.2524244743399322
7,4,6,1,230,0.2632758948020637
7,4,6,1,240,0.2734553529880941
7,4,6,1,250,0.2852656519971788
7,4,6,1,260,0.2971595977433026
7,4,6,1,270,0.3089693686924875
7,4,6,1,280,0.31910512084141374
7,4,6,1,290,0.33245506323873997
7,4,6,1,300,0.34353499207645655
7,4,6,1,310,0.3542105429805815
7,4,6,1,320,0.36550356913357973
7,4,6,1,330,0.37791123893111944
7,4,6,1,340,0.39086819300428033
7,4,6,1,350,0.400336061604321
7,4,6,1,360,0.4109960780479014
7,4,6,1,370,0.42372364923357964
7,4,6,1,380,0.43369917292147875
7,4,6,1,390,0.44672182807698846
7,4,6,1,400,0.4565820712596178
7,4,6,1,410,0.4682008810341358
7,4,6,1,420,0.4791655237786472
7,4,6,1,430,0.4930598521605134
7,4,6,1,440,0.5050553549081087
7,4,6,1,450,0.5147922481410205
7,4,6,1,460,0.5256812400184572
7,4,6,1,470,0.5375402527861297
7,4,6,1,480,0.5486237979494035
7,4,6,1,490,0.5612728111445904
7,4,6,1,500,0.5719185210764408
7,4,6,1,510,0.5848100106231868
7,4,6,1,520,0.5930329519324005
7,4,6,1,530,0.6068556793034077
7,4,6,1,540,0.6166363898664713
7,4,6,1,550,0.6287606027908623
7,4,6,1,560,0.6383631997741759
7,4,6,1,570,0.6522334991022944
7,4,6,1,580,0.6644104779697955
7,4,6,1,590,0.6752076121047139
7,4,6,2,20,0.02289639739319682
7,4,6,2,30,0.034360968973487616
7,4,6,2,40,0.045688680838793516
7,4,6,2,50,0.05712089501321316
7,4,6,2,60,0.06860136799514294
7,4,6,2,70,0.08021799800917506
7,4,6,2,80,0.09098146995529532
7,4,6,2,90,0.10300208488479257
7,4,6,2,100,0.11424534860998392
7,4,6,2,110,0.125464485026896
7,4,6,2,120,0.13646596716716886
7,4,6,2,130,0.14823887264356017
7,4,6,2,140,0.15935321617871523
7,4,6,2,150,0.1714202407747507
7,4,6,2,160,0.1825577560812235
7,4,6,2,170,0.19438974326476455
7,4,6,2,180,0.20478990208357573
7,4,6,2,190,0.217558606993407
7,4,6,2,200,0.22858014795929193
7,4,6,2,210,0.2398706078529358
7,4,6,2,220,0.2507118168286979
7,4,6,2,230,0.2629757351242006
7,4,6,2,240,0.27288778219372034
7,4,6,2,250,0.2849269723519683
7,4,6,2,260,0.2961728270165622
7,4,6,2,270,0.3067656932398677
7,4,6,2,280,0.31816623406484723
7,4,6,2,290,0.3286112379282713
7,4,6,2,300,0.33916744217276573
7,4,6,2,310,0.35076917707920074
7,4,6,2,320,0.3619943200610578
7,4,6,2,330,0.3738814410753548
7,4,6,2,340,0.3880548202432692
7,4,6,2,350,0.40016663586720824
7,4,6,2,360,0.4096784698776901
7,4,6,2,370,0.42329765297472477
7,4,6,2,380,0.4337393478490412
7,4,6,2,390,0.4448806899599731
7,4,6,2,400,0.45727973291650414
7,4,6,2,410,0.4690125831402838
7,4,6,2,420,0.4796407208777964
7,4,6,2,430,0.49061224330216646
7,4,6,2,440,0.5009445990435779
7,4,6,2,450,0.5142358848825097
7,4,6,2,460,0.5225086067803204
7,4,6,2,470,0.5373390461318195
7,4,6,2,480,0.5455077309161425
7,4,6,2,490,0.5576970647089183
7,4,6,2,500,0.568366149906069
7,4,6,2,510,0.5809347000904381
7,4,6,2,520,0.5919671109877527
7,4,6,2,530,0.6046003252267838
7,4,6,2,540,0.614697840064764
7,4,6,2,550,0.6269527808763087
7,4,6,2,560,0.6370611451566219
7,4,6,2,570,0.6489853742532432
7,4,6,2,580,0.6586416391655803
7,4,6,2,590,0.6727360771037638
7,4,8,1,20,0.02330113109201193
7,4,8,1,30,0.03522868733853102
7,4,8,1,40,0.04659372288733721
7,4,8,1,50,0.05874271830543876
7,4,8,1,60,0.06991373375058174
7,4,8,1,70,0.0820843200199306
7,4,8,1,80,0.09328201599419117
7,4,8,1,90,0.10489415377378464
7,4,8,1,100,0.1164541831240058
7,4,8,1,110,0.12865934614092112
7,4,8,1,120,0.1395434457808733
7,4,8,1,130,0.15086148120462894
7,4,8,1,140,0.16359426733106375
7,4,8,1,150,0.17513595102354884
7,4,8,1,160,0.185411068610847
7,4,8,1,170,0.19733439898118377
7,4,8,1,180,0.209467981941998
7,4,8,1,190,0.2215141709893942
7,4,8,1,200,0.2322263177484274
7,4,8,1,210,0.24370678095147014
7,4,8,1,220,0.2563758175820112
7,4,8,1,230,0.26825202628970146
7,4,8,1,240,0.27904642978683114
7,4,8,1,250,0.29047017684206367
7,4,8,1,260,0.30274707125499845
7,4,8,1,270,0.31398489186540246
7,4,8,1,280,0.3260778449475765
7,4,8,1,290,0.3384407558478415
7,4,8,1,300,0.3491599108092487
7,4,8,1,310,0.36198091972619295
7,4,8,1,320,0.37169124092906713
7,4,8,1,330,0.38352340878918767
7,4,8,1,340,0.39492784533649683
7,4,8,1,350,0.4074322087690234
7,4,8,1,360,0.4190175859257579
7,4,8,1,370,0.4305745540186763
7,4,8,1,380,0.4412242821417749
7,4,8,1,390,0.4526119469664991
7,4,8,1,400,0.4628103286959231
7,4,8,1,410,0.4761756961233914
7,4,8,1,420,0.4887289358302951
7,4,8,1,430,0.5006274110637605
7,4,8,1,440,0.5109181092120707
7,4,8,1,450,0.5239712917245924
7,4,8,1,460,0.5358996870927513
7,4,8,1,470,0.5487642693333328
7,4,8,1,480,0.5591967371292412
7,4,8,1,490,0.5716601200401783
7,4,8,1,500,0.5830759461969137
7,4,8,1,510,0.5949227451346815
7,4,8,1,520,0.6063602389767766
7,4,8,1,530,0.617511373013258
7,4,8,1,540,0.6286922008730471
7,4,8,1,550,0.641118919942528
7,4,8,1,560,0.6520560430362821
7,4,8,1,570,0.6637081848457456
7,4,8,1,580,0.6748860548250377
7,4,8,1,590,0.6867650500498712
7,4,8,2,20,0.023189464583992958
7,4,8,2,30,0.03482151124626398
7,4,8,2,40,0.04615769116207957
7,4,8,2,50,0.057809279300272465
7,4,8,2,60,0.06932602496817708
7,4,8,2,70,0.08083515474572778
7,4,8,2,80,0.09223484108224511
7,4,8,2,90,0.10400113230571151
7,4,8,2,100,0.11549359699711204
7,4,8,2,110,0.12705156998708844
7,4,8,2,120,0.13851456716656685
7,4,8,2,130,0.15273243701085448
7,4,8,2,140,0.16165103716775775
7,4,8,2,150,0.17322524404153228
7,4,8,2,160,0.1895057111978531
7,4,8,2,170,0.19550285302102566
7,4,8,2,180,0.2070372961461544
7,4,8,2,190,0.21871253661811352
7,4,8,2,200,0.23024399718269706
7,4,8,2,210,0.24155933503061533
7,4,8,2,220,0.25286990217864513
7,4,8,2,230,0.265046413987875
7,4,8,2,240,0.276339459232986
7,4,8,2,250,0.2878360413014889
7,4,8,2,260,0.298657129984349
7,4,8,2,270,0.31133429799228907
7,4,8,2,280,0.3362375618889928
7,4,8,2,290,0.33406232204288244
7,4,8,2,300,0.3456310937181115
7,4,8,2,310,0.3572109108790755
7,4,8,2,320,0.3699010326527059
7,4,8,2,330,0.3804527777247131
7,4,8,2,340,0.39220514288172126
7,4,8,2,350,0.4034697376191616
7,4,8,2,360,0.4147021579556167
7,4,8,2,370,0.4259365890175104
7,4,8,2,380,0.43588095996528864
7,4,8,2,390,0.44822531286627054
7,4,8,2,400,0.45883960369974375
7,4,8,2,410,0.4707116838544607
7,4,8,2,420,0.4814042467623949
7,4,8,2,430,0.4931568391621113
7,4,8,2,440,0.5029113506898284
7,4,8,2,450,0.5175712518393993
7,4,8,2,460,0.5278473389334977
7,4,8,2,470,0.5398908499628305
7,4,8,2,480,0.5518204132094979
7,4,8,2,490,0.5648328028619289
7,4,8,2,500,0.5736157060600817
7,4,8,2,510,0.585944636259228
7,4,8,2,520,0.5968585968948901
7,4,8,2,530,0.6112659750506282
7,4,8,2,540,0.6193533558398485
7,4,8,2,550,0.6321793179959059
7,4,8,2,560,0.6432385216467083
7,4,8,2,570,0.6548032439313829
7,4,8,2,580,0.663546095136553
7,4,8,2,590,0.6786736594513059
7,4,10,1,20,0.02443390991538763
7,4,10,1,30,0.03670519404113293
7,4,10,1,40,0.04872071696445346
7,4,10,1,50,0.060983148869127035
7,4,10,1,60,0.07297094073146582
7,4,10,1,70,0.08514525834470987
7,4,10,1,80,0.0973363770172
7,4,10,1,90,0.10964214196428657
7,4,10,1,100,0.12158565130084753
7,4,10,1,110,0.1336894859559834
7,4,10,1,120,0.14555340167135
7,4,10,1,130,0.1581804510205984
7,4,10,1,140,0.16998976562172174
7,4,10,1,150,0.18119464023038745
7,4,10,1,160,0.19380950229242444
7,4,10,1,170,0.2069001062773168
7,4,10,1,180,0.218117609154433
7,4,10,1,190,0.2300606807693839
7,4,10,1,200,0.2421112349256873
7,4,10,1,210,0.2556259371340275
7,4,10,1,220,0.26668867003172636
7,4,10,1,230,0.27913378179073334
7,4,10,1,240,0.29105051001533866
7,4,10,1,250,0.3025900009088218
7,4,10,1,260,0.31544247223064303
7,4,10,1,270,0.3265564637258649
7,4,10,1,280,0.3395251268520951
7,4,10,1,290,0.351854323875159
7,4,10,1,300,0.3621772392652929
7,4,10,1,310,0.3753159740008414
7,4,10,1,320,0.3864004840143025
7,4,10,1,330,0.399195218924433
7,4,10,1,340,0.4106172318570316
7,4,10,1,350,0.42455663019791245
7,4,10,1,360,0.4344984441995621
7,4,10,1,370,0.4473923067562282
7,4,10,1,380,0.4581485032103956
7,4,10,1,390,0.4723030966706574
7,4,10,1,400,0.4833915657363832
7,4,10,1,410,0.49508110992610455
7,4,10,1,420,0.5065502827055752
7,4,10,1,430,0.5198797709308565
7,4,10,1,440,0.5334002561867237
7,4,10,1,450,0.5442048008553684
7,4,10,1,460,0.5565652381628752
7,4,10,1,470,0.5684622940607369
7,4,10,1,480,0.5794542329385877
7,4,10,1,490,0.5926983491517603
7,4,10,1,500,0.602630129083991
7,4,10,1,510,0.6155096800066531
7,4,10,1,520,0.6266601071693003
7,4,10,1,530,0.6417705751955509
7,4,10,1,540,0.6485252366401255
7,4,10,1,550,0.662445330992341
7,4,10,1,560,0.6736421301029623
7,4,10,1,570,0.6881847651675344
7,4,10,1,580,0.7008837130852044
7,4,10,1,590,0.7127560093067586
7,4,10,2,20,0.02369445515796542
7,4,10,2,30,0.03547833161428571
7,4,10,2,40,0.047216203995049
7,4,10,2,50,0.0591921741142869
7,4,10,2,60,0.07056683208793402
7,4,10,2,70,0.08273204881697893
7,4,10,2,80,0.09479121817275882
7,4,10,2,90,0.10629926482215524
7,4,10,2,100,0.11831882176920772
7,4,10,2,110,0.12981898430734873
7,4,10,2,120,0.14181807823479176
7,4,10,2,130,0.1527598020620644
7,4,10,2,140,0.16474648006260395
7,4,10,2,150,0.17637629387900233
7,4,10,2,160,0.18842901242896914
7,4,10,2,170,0.20073354290798306
7,4,10,2,180,0.21146224904805422
7,4,10,2,190,0.2227095398120582
7,4,10,2,200,0.23411227017641068
7,4,10,2,210,0.24652449926361442
7,4,10,2,220,0.2580170310102403
7,4,10,2,230,0.2702661519870162
7,4,10,2,240,0.2818723861128092
7,4,10,2,250,0.29372253688052297
7,4,10,2,260,0.30490123480558395
7,4,10,2,270,0.3174174129962921
7,4,10,2,280,0.32858840096741915
7,4,10,2,290,0.34094581194221973
7,4,10,2,300,0.3519295840524137
7,4,10,2,310,0.3634609100408852
7,4,10,2,320,0.3745331773534417
7,4,10,2,330,0.38700380781665444
7,4,10,2,340,0.3979255212470889
7,4,10,2,350,0.409559209831059
7,4,10,2,360,0.42090741731226444
7,4,10,2,370,0.43456043722108006
7,4,10,2,380,0.44488620618358254
7,4,10,2,390,0.4555664719082415
7,4,10,2,400,0.46655384497717023
7,4,10,2,410,0.4791468079201877
7,4,10,2,420,0.48927341401576996
7,4,10,2,430,0.5010611801408231
7,4,10,2,440,0.5141162043437362
7,4,10,2,450,0.5261117471382022
7,4,10,2,460,0.5369273237884045
7,4,10,2,470,0.5520522310398519
7,4,10,2,480,0.5642878348007798
7,4,10,2,490,0.5746723669581115
7,4,10,2,500,0.5884315837174654
7,4,10,2,510,0.596704225987196
7,4,10,2,520,0.6079028537496924
7,4,10,2,530,0.6214884337969124
7,4,10,2,540,0.6333627249114215
7,4,10,2,550,0.6446881550364196
7,4,10,2,560,0.6557424021884799
7,4,10,2,570,0.6688931081444025
7,4,10,2,580,0.6803843532688916
7,4,10,2,590,0.690619895234704
7,4,12,1,20,0.027642260305583477
7,4,12,1,30,0.04141673073172569
7,4,12,1,40,0.05523281777277589
7,4,12,1,50,0.06873180717229843
7,4,12,1,60,0.0822553620673716
7,4,12,1,70,0.09618430584669113
7,4,12,1,80,0.10987164033576846
7,4,12,1,90,0.12297907285392284
7,4,12,1,100,0.13653161888942122
7,4,12,1,110,0.1496488293632865
7,4,12,1,120,0.16303681395947933
7,4,12,1,130,0.1773507152684033
7,4,12,1,140,0.19086774298921227
7,4,12,1,150,0.20422851108014584
7,4,12,1,160,0.21687444811686873
7,4,12,1,170,0.23030061274766922
7,4,12,1,180,0.2427399978041649
7,4,12,1,190,0.2560933791100979
7,4,12,1,200,0.2701694807037711
7,4,12,1,210,0.2838508440181613
7,4,12,1,220,0.296004818752408
7,4,12,1,230,0.3114957860670984
7,4,12,1,240,0.32387046981602907
7,4,12,1,250,0.3397952998057008
7,4,12,1,260,0.35155047103762627
7,4,12,1,270,0.3647663602605462
7,4,12,1,280,0.3800449878908694
7,4,12,1,290,0.3922212081961334
7,4,12,1,300,0.4043840649537742
7,4,12,1,310,0.41845762403681874
7,4,12,1,320,0.43019509222358465
7,4,12,1,330,0.4445932642556727
7,4,12,1,340,0.45694165397435427
7,4,12,1,350,0.47106090001761913
7,4,12,1,360,0.48621911415830255
7,4,12,1,370,0.4979914156720042
7,4,12,1,380,0.511565325781703
7,4,12,1,390,0.5262195072136819
7,4,12,1,400,0.5383630590513349
7,4,12,1,410,0.5529965683817863
7,4,12,1,420,0.5654642749577761
7,4,12,1,430,0.5790754240006208
7,4,12,1,440,0.5915295141749084
7,4,12,1,450,0.6056919009424746
7,4,12,1,460,0.6196424961090088
7,4,12,1,470,0.6304939850233495
7,4,12,1,480,0.6411316492594779
7,4,12,1,490,0.6559309386648238
7,4,12,1,500,0.66861532907933
7,4,12,1,510,0.6828132453374565
7,4,12,1,520,0.6954960660077631
7,4,12,1,530,0.7077578511089087
7,4,12,1,540,0.7199944499880075
7,4,12,1,550,0.7343689389526844
7,4,12,1,560,0.7486078911460936
7,4,12,1,570,0.7653923649340868
7,4,12,1,580,0.7768477560020983
7,4,12,1,590,0.7897115950472653
7,4,12,2,20,0.025039054453372955
7,4,12,2,30,0.03782723192125559
7,4,12,2,40,0.05057232500985265
7,4,12,2,50,0.06291290698572993
7,4,12,2,60,0.07531663496047258
7,4,12,2,70,0.0881227320060134
7,4,12,2,80,0.10014424519613385
7,4,12,2,90,0.11277754884213209
7,4,12,2,100,0.1249672039411962
7,4,12,2,110,0.1377664259634912
7,4,12,2,120,0.14993056003004313
7,4,12,2,130,0.16269138269126415
7,4,12,2,140,0.17485854914411902
7,4,12,2,150,0.18745240615680814
7,4,12,2,160,0.19969421811401844
7,4,12,2,170,0.2124996380880475
7,4,12,2,180,0.22440741769969463
7,4,12,2,190,0.23724596202373505
7,4,12,2,200,0.2490113596431911
7,4,12,2,210,0.2624542359262705
7,4,12,2,220,0.2736224662512541
7,4,12,2,230,0.28643268207088113
7,4,12,2,240,0.29763117525726557
7,4,12,2,250,0.3110845568589866
7,4,12,2,260,0.3232182669453323
7,4,12,2,270,0.3358134482987225
7,4,12,2,280,0.3472955971956253
7,4,12,2,290,0.3617809363640845
7,4,12,2,300,0.3732446888461709
7,4,12,2,310,0.3865203866735101
7,4,12,2,320,0.39698543306440115
7,4,12,2,330,0.40952225122600794
7,4,12,2,340,0.4215326476842165
7,4,12,2,350,0.43474847357720137
7,4,12,2,360,0.44658747827634215
7,4,12,2,370,0.4588358402252197
7,4,12,2,380,0.4706063186749816
7,4,12,2,390,0.4849679619073868
7,4,12,2,400,0.4958685552701354
7,4,12,2,410,0.5085891978815198
7,4,12,2,420,0.5201287725940347
7,4,12,2,430,0.5365748256444931
7,4,12,2,440,0.5484051769599319
7,4,12,2,450,0.5601917007006705
7,4,12,2,460,0.5721625299192965
7,4,12,2,470,0.5845825280994177
7,4,12,2,480,0.5967246508225799
7,4,12,2,490,0.6129326550289989
7,4,12,2,500,0.6222285991534591
7,4,12,2,510,0.6346335136331618
7,4,12,2,520,0.646682751365006
7,4,12,2,530,0.659509651362896
7,4,12,2,540,0.6712002255953848
7,4,12,2,550,0.6829256750643253
7,4,12,2,560,0.6963573512621224
7,4,12,2,570,0.7099910769611597
7,4,12,2,580,0.7190812528133392
7,4,12,2,590,0.7330278870649636
8,2,2,1,20,0.02274253312498331
8,2,2,1,30,0.03427440673112869
8,2,2,1,40,0.045172512996941805
8,2,2,1,50,0.05680869705975056
8,2,2,1,60,0.06796343484893441
8,2,2,1,70,0.07957106130197644
8,2,2,1,80,0.09029586240649223
8,2,2,1,90,0.10159429768100381
8,2,2,1,100,0.11303555592894554
8,2,2,1,110,0.12395264767110348
8,2,2,1,120,0.13552285823971033
8,2,2,1,130,0.1468497640453279
8,2,2,1,140,0.1582160508260131
8,2,2,1,150,0.16987682413309813
8,2,2,1,160,0.1811499698087573
8,2,2,1,170,0.19311015494167805
8,2,2,1,180,0.2032220922410488
8,2,2,1,190,0.2155076819472015
8,2,2,1,200,0.22672799369320273
8,2,2,1,210,0.23878217302262783
8,2,2,1,220,0.24896201817318797
8,2,2,1,230,0.2600020510144532
8,2,2,1,240,0.27073961216956377
8,2,2,1,250,0.28460507094860077
8,2,2,1,260,0.2930430741980672
8,2,2,1,270,0.30447976710274816
8,2,2,1,280,0.3162547769024968
8,2,2,1,290,0.3270055749453604
8,2,2,1,300,0.3385636848397553
8,2,2,1,310,0.3493643030524254
8,2,2,1,320,0.36074433475732803
8,2,2,1,330,0.37248691311106086
8,2,2,1,340,0.3866371619515121
8,2,2,1,350,0.39544440107420087
8,2,2,1,360,0.4060469716787338
8,2,2,1,370,0.4180384250357747
8,2,2,1,380,0.42877737898379564
8,2,2,1,390,0.4402270899154246
8,2,2,1,400,0.4509240463376045
8,2,2,1,410,0.46252053091302514
8,2,2,1,420,0.473290182184428
8,2,2,1,430,0.48471789294853806
8,2,2,1,440,0.49525144370272756
8,2,2,1,450,0.5069671268574893
8,2,2,1,460,0.5190475871786475
8,2,2,1,470,0.5306390547193587
8,2,2,1,480,0.5406872327439487
8,2,2,1,490,0.5526569089852273
8,2,2,1,500,0.564580315258354
8,2,2,1,510,0.5764954988844693
8,2,2,1,520,0.5863488777540624
8,2,2,1,530,0.5979742878116667
8,2,2,1,540,0.6111834021285176
8,2,2,1,550,0.6222523897886276
8,2,2,1,560,0.6316820401698351
8,2,2,1,570,0.6439638580195606
8,2,2,1,580,0.6542928391136229
8,2,2,1,590,0.6659275786951184
8,2,2,2,20,0.02258357685059309
8,2,2,2,30,0.03383794613182545
8,2,2,2,40,0.045028108172118664
8,2,2,2,50,0.056234891060739756
8,2,2,2,60,0.06791078299283981
8,2,2,2,70,0.07941773207858205
8,2,2,2,80,0.09033941803500056
8,2,2,2,90,0.10183981014415622
8,2,2,2,100,0.11264056107029319
8,2,2,2,110,0.12433588039129972
8,2,2,2,120,0.13539701886475086
8,2,2,2,130,0.14701895602047443
8,2,2,2,140,0.1579125737771392
8,2,2,2,150,0.16995685920119286
8,2,2,2,160,0.18085002712905407
8,2,2,2,170,0.19275083392858505
8,2,2,2,180,0.20316314231604338
8,2,2,2,190,0.21519175497815013
8,2,2,2,200,0.2259767367504537
8,2,2,2,210,0.23705461807549
8,2,2,2,220,0.24888122221454978
8,2,2,2,230,0.25988217489793897
8,2,2,2,240,0.27095525013282895
8,2,2,2,250,0.2830757321789861
8,2,2,2,260,0.293056960683316
8,2,2,2,270,0.3055910998955369
8,2,2,2,280,0.31594416592270136
8,2,2,2,290,0.32764695305377245
8,2,2,2,300,0.3391180210746825
8,2,2,2,310,0.35129699390381575
8,2,2,2,320,0.3614937737584114
8,2,2,2,330,0.3729031281545758
8,2,2,2,340,0.3840395910665393
8,2,2,2,350,0.3948890380561352
8,2,2,2,360,0.40709338476881385
8,2,2,2,370,0.4190618176944554
8,2,2,2,380,0.43117476999759674
8,2,2,2,390,0.44049131916835904
8,2,2,2,400,0.45067146280780435
8,2,2,2,410,0.4610254717990756
8,2,2,2,420,0.4734913478605449
8,2,2,2,430,0.4852849948219955
8,2,2,2,440,0.49447783222422004
8,2,2,2,450,0.5082110171206295
8,2,2,2,460,0.5186675586737692
8,2,2,2,470,0.5313105871900916
8,2,2,2,480,0.5414698608219624
8,2,2,2,490,0.5521439542062581
8,2,2,2,500,0.5640270891599357
8,2,2,2,510,0.5762487039901316
8,2,2,2,520,0.5867556626908481
8,2,2,2,530,0.5979175437241793
8,2,2,2,540,0.6122049349360168
8,2,2,2,550,0.6248776041902602
8,2,2,2,560,0.6337141678668559
8,2,2,2,570,0.6464290390722454
8,2,2,2,580,0.6548187043517828
8,2,2,2,590,0.6663387510925531
8,2,4,1,20,0.02256584307178855
8,2,4,1,30,0.033983844332396984
8,2,4,1,40,0.04512962978333235
8,2,4,1,50,0.05654670996591449
8,2,4,1,60,0.06791921332478523
8,2,4,1,70,0.07963401172310114
8,2,4,1,80,0.09028624324128032
8,2,4,1,90,0.1018044538795948
8,2,4,1,100,0.11293251113966107
8,2,4,1,110,0.12494067894294858
8,2,4,1,120,0.13583652069792151
8,2,4,1,130,0.14730323012918234
8,2,4,1,140,0.15860581770539284
8,2,4,1,150,0.17008552560582757
8,2,4,1,160,0.1813138099387288
8,2,4,1,170,0.19218811998143792
8,2,4,1,180,0.2037810469046235
8,2,4,1,190,0.21580920508131385
8,2,4,1,200,0.22660675318911672
8,2,4,1,210,0.23822635924443603
8,2,4,1,220,0.2487321780063212
8,2,4,1,230,0.2604393479414284
8,2,4,1,240,0.27080282801762223
8,2,4,1,250,0.2828613119199872
8,2,4,1,260,0.2933737887069583
8,2,4,1,270,0.3055338836275041
8,2,4,1,280,0.3158162930049002
8,2,4,1,290,0.3278710776939988
8,2,4,1,300,0.3393743010237813
8,2,4,1,310,0.350770000834018
8,2,4,1,320,0.36249127658084035
8,2,4,1,330,0.3735432932153344
8,2,4,1,340,0.385653390083462
8,2,4,1,350,0.3960556131787598
8,2,4,1,360,0.40756642865017056
8,2,4,1,370,0.4197716945782304
8,2,4,1,380,0.43040047213435173
8,2,4,1,390,0.44253904512152076
8,2,4,1,400,0.4525617677718401
8,2,4,1,410,0.4656379781663418
8,2,4,1,420,0.47578627010807395
8,2,4,1,430,0.48760093888267875
8,2,4,1,440,0.4981257631443441
8,2,4,1,450,0.5107165616936982
8,2,4,1,460,0.5207352698780596
8,2,4,1,470,0.5329921026714146
8,2,4,1,480,0.5430953288450837
8,2,4,1,490,0.5560173760168254
8,2,4,1,500,0.5664757480844855
8,2,4,1,510,0.5769616076722741
8,2,4,1,520,0.5885983449406922
8,2,4,1,530,0.6009634956717491
8,2,4,1,540,0.6114600929431617
8,2,4,1,550,0.6230667247436941
8,2,4,1,560,0.6343818525783718
8,2,4,1,570,0.64570645801723
8,2,4,1,580,0.6558703882619739
8,2,4,1,590,0.6681928699836135
8,2,4,2,20,0.02251645317301154
8,2,4,2,30,0.03409900888800621
8,2,4,2,40,0.0452156001701951
8,2,4,2,50,0.05642358819022775
8,2,4,2,60,0.06776121770963073
8,2,4,2,70,0.07919797580689192
8,2,4,2,80,0.09087180625647306
8,2,4,2,90,0.10237733693793416
8,2,4,2,100,0.11296467902138829
8,2,4,2,110,0.12466851901262999
8,2,4,2,120,0.13643974158912897
8,2,4,2,130,0.14735265634953976
8,2,4,2,140,0.15868800412863493
8,2,4,2,150,0.17005588626489043
8,2,4,2,160,0.18083781795576215
8,2,4,2,170,0.19200576562434435
8,2,4,2,180,0.20308555709198117
8,2,4,2,190,0.21469388576224446
8,2,4,2,200,0.22636022418737411
8,2,4,2,210,0.2377553298138082
8,2,4,2,220,0.24903419381007552
8,2,4,2,230,0.2601887499913573
8,2,4,2,240,0.2718533226288855
8,2,4,2,250,0.2824526857584715
8,2,4,2,260,0.29346099216490984
8,2,4,2,270,0.30578520195558667
8,2,4,2,280,0.3168147997930646
8,2,4,2,290,0.3293954050168395
8,2,4,2,300,0.3397038741968572
8,2,4,2,310,0.3515188619494438
8,2,4,2,320,0.3631644849665463
8,2,4,2,330,0.37458430882543325
8,2,4,2,340,0.3850235124118626
8,2,4,2,350,0.39750444795936346
8,2,4,2,360,0.4090146077796817
8,2,4,2,370,0.41990953171625733
8,2,4,2,380,0.4298102087341249
8,2,4,2,390,0.44098647125065327
8,2,4,2,400,0.45261995773762465
8,2,4,2,410,0.46460900316014886
8,2,4,2,420,0.4765284867025912
8,2,4,2,430,0.48783248476684093
8,2,4,2,440,0.4969627750106156
8,2,4,2,450,0.5090944650582969
8,2,4,2,460,0.5201557739637792
8,2,4,2,470,0.5325134000740945
8,2,4,2,480,0.5435590241104364
8,2,4,2,490,0.5553064080886543
8,2,4,2,500,0.5653430102393031
8,2,4,2,510,0.5781637281179428
8,2,4,2,520,0.58868891838938
8,2,4,2,530,0.6008591763675213
8,2,4,2,540,0.6104015419259667
8,2,4,2,550,0.6208530361764133
8,2,4,2,560,0.6316454680636525
8,2,4,2,570,0.6443501482717693
8,2,4,2,580,0.6539663621224463
8,2,4,2,590,0.6696617468260229
8,2,6,1,20,0.022737319115549326
8,2,6,1,30,0.03430665284395218
8,2,6,1,40,0.04550350131466985
8,2,6,1,50,0.05686959391459823
8,2,6,1,60,0.0679573118686676
8,2,6,1,70,0.07950030826032162
8,2,6,1,80,0.09089345484972
8,2,6,1,90,0.10212920373305678
8,2,6,1,100,0.113006591796875
8,2,6,1,110,0.12435859488323331
8,2,6,1,120,0.13552765687927604
8,2,6,1,130,0.14709777664393187
8,2,6,1,140,0.15846870513632894
8,2,6,1,150,0.1701078498736024
8,2,6,1,160,0.18116445187479258
8,2,6,1,170,0.19306350592523813
8,2,6,1,180,0.20449580997228622
8,2,6,1,190,0.21607919922098517
8,2,6,1,200,0.22663892339915037
8,2,6,1,210,0.23869657283648849
8,2,6,1,220,0.250258922111243
8,2,6,1,230,0.2617227239534259
8,2,6,1,240,0.272359776776284
8,2,6,1,250,0.2843903419561684
8,2,6,1,260,0.29454835690557957
8,2,6,1,270,0.3071916801854968
8,2,6,1,280,0.3167419768869877
8,2,6,1,290,0.32880521565675735
8,2,6,1,300,0.34030053298920393
8,2,6,1,310,0.35253547597676516
8,2,6,1,320,0.3627529959194362
8,2,6,1,330,0.37459735199809074
8,2,6,1,340,0.38509052293375134
8,2,6,1,350,0.3966039870865643
8,2,6,1,360,0.4085737969726324
8,2,6,1,370,0.4199943016283214
8,2,6,1,380,0.4329426730982959
8,2,6,1,390,0.44389903685078025
8,2,6,1,400,0.4553988981060684
8,2,6,1,410,0.46577690402045846
8,2,6,1,420,0.47700190264731646
8,2,6,1,430,0.48825482511892915
8,2,6,1,440,0.49891863809898496
8,2,6,1,450,0.5116795240901411
8,2,6,1,460,0.5208043036982417
8,2,6,1,470,0.5338814998976886
8,2,6,1,480,0.5451273811049759
8,2,6,1,490,0.5563722369261086
8,2,6,1,500,0.5669547240249813
8,2,6,1,510,0.5785287031903863
8,2,6,1,520,0.5894197998568416
8,2,6,1,530,0.601072593126446
8,2,6,1,540,0.611362602096051
8,2,6,1,550,0.6225867196917534
8,2,6,1,560,0.6343601252883673
8,2,6,1,570,0.6477708807215095
8,2,6,1,580,0.6584557988680899
8,2,6,1,590,0.6684434860944748
8,2,6,2,20,0.02266275603324175
8,2,6,2,30,0.034048291854560375
8,2,6,2,40,0.045241594314575195
8,2,6,2,50,0.05652688816189766
8,2,6,2,60,0.06810544664040208
8,2,6,2,70,0.07956154830753803
8,2,6,2,80,0.09075735881924629
8,2,6,2,90,0.10251107066869736
8,2,6,2,100,0.11342271463945508
8,2,6,2,110,0.12483024504035711
8,2,6,2,120,0.1356874331831932
8,2,6,2,130,0.14765722677111626
8,2,6,2,140,0.15803267480805516
8,2,6,2,150,0.17017278773710132
8,2,6,2,160,0.18161812191829085
8,2,6,2,170,0.1928511569276452
8,2,6,2,180,0.20439245272427797
8,2,6,2,190,0.21611354174092412
8,2,6,2,200,0.22690135799348354
8,2,6,2,210,0.23850020859390497
8,2,6,2,220,0.2501545478589833
8,2,6,2,230,0.26114734495058656
8,2,6,2,240,0.27289676386862993
8,2,6,2,250,0.2835212121717632
8,2,6,2,260,0.29596052691340446
8,2,6,2,270,0.3073825500905514
8,2,6,2,280,0.3183534471318126
8,2,6,2,290,0.32960202964022756
8,2,6,2,300,0.3410144578665495
8,2,6,2,310,0.35457512317225337
8,2,6,2,320,0.3644863716326654
8,2,6,2,330,0.3758579730056226
8,2,6,2,340,0.3855398423038423
8,2,6,2,350,0.3977054599672556
8,2,6,2,360,0.4086175956763327
8,2,6,2,370,0.4202005323022604
8,2,6,2,380,0.432625041808933
8,2,6,2,390,0.4426170098595321
8,2,6,2,400,0.45393492514267564
8,2,6,2,410,0.46614947402849793
8,2,6,2,420,0.4767120420001447
8,2,6,2,430,0.4889957020059228
8,2,6,2,440,0.5003178338520229
8,2,6,2,450,0.512419250793755
8,2,6,2,460,0.522041137330234
8,2,6,2,470,0.5335721801966429
8,2,6,2,480,0.5440446422435343
8,2,6,2,490,0.5566213140264153
8,2,6,2,500,0.5667936988174915
8,2,6,2,510,0.5794133064337075
8,2,6,2,520,0.59104791469872
8,2,6,2,530,0.6024963608942926
8,2,6,2,540,0.6113684782758355
8,2,6,2,550,0.624485672917217
8,2,6,2,560,0.6349486061371863
8,2,6,2,570,0.647301368881017
8,2,6,2,580,0.6590986778028309
8,2,6,2,590,0.6718216333538294
8,2,8,1,20,0.022762917913496494
8,2,8,1,30,0.034192836843430996
8,2,8,1,40,0.04548117099329829
8,2,8,1,50,0.056685089599341154
8,2,8,1,60,0.06821681885048747
8,2,8,1,70,0.07991992495954037
8,2,8,1,80,0.09112958796322346
8,2,8,1,90,0.10209495108574629
8,2,8,1,100,0.11343812011182308
8,2,8,1,110,0.12505233380943537
8,2,8,1,120,0.13602851191535592
8,2,8,1,130,0.14773487485945225
8,2,8,1,140,0.15860541677102447
8,2,8,1,150,0.16997659113258123
8,2,8,1,160,0.18155417870730162
8,2,8,1,170,0.1942976601421833
8,2,8,1,180,0.20419494528323412
8,2,8,1,190,0.21608298318460584
8,2,8,1,200,0.2270789691247046
8,2,8,1,210,0.23816607613116503
8,2,8,1,220,0.24942845478653908
8,2,8,1,230,0.26314619090408087
8,2,8,1,240,0.27246472192928195
8,2,8,1,250,0.28376353485509753
8,2,8,1,260,0.2963497806340456
8,2,8,1,270,0.30594598734751344
8,2,8,1,280,0.3174521620385349
8,2,8,1,290,0.32932149386033416
8,2,8,1,300,0.34117827797308564
8,2,8,1,310,0.3535808310844004
8,2,8,1,320,0.3637390900403261
8,2,8,1,330,0.3763148598372936
8,2,8,1,340,0.387174051720649
8,2,8,1,350,0.39923587488010526
8,2,8,1,360,0.40818221820518374
8,2,8,1,370,0.4208266888745129
8,2,8,1,380,0.4327483489178121
8,2,8,1,390,0.44423475209623575
8,2,8,1,400,0.45411707600578666
8,2,8,1,410,0.4667890863493085
8,2,8,1,420,0.47826593602076173
8,2,8,1,430,0.48997170105576515
8,2,8,1,440,0.5018289550207555
8,2,8,1,450,0.5129249743185937
8,2,8,1,460,0.5221763327717781
8,2,8,1,470,0.5355410501360893
8,2,8,1,480,0.5454877987504005
8,2,8,1,490,0.5558429290540516
8,2,8,1,500,0.5671472218818963
8,2,8,1,510,0.5804022699594498
8,2,8,1,520,0.5915415678173304
8,2,8,1,530,0.6043502576649189
8,2,8,1,540,0.6142767779529095
8,2,8,1,550,0.624387085903436
8,2,8,1,560,0.6364842648617923
8,2,8,1,570,0.648641296196729
8,2,8,1,580,0.6594676999375224
8,2,8,1,590,0.6710437363944948
8,2,8,2,20,0.022635026834905148
8,2,8,2,30,0.034299996215850115
8,2,8,2,40,0.0455989888869226
8,2,8,2,50,0.05699792085215449
8,2,8,2,60,0.0681131761521101
8,2,8,2,70,0.07998813828453422
8,2,8,2,80,0.09089645277708769
8,2,8,2,90,0.10225311992689967
8,2,8,2,100,0.11377739906311035
8,2,8,2,110,0.12515055388212204
8,2,8,2,120,0.13642873708158731
8,2,8,2,130,0.14799306401982903
8,2,8,2,140,0.15915759606286883
8,2,8,2,150,0.1702053123153746
8,2,8,2,160,0.18143091583624482
8,2,8,2,170,0.19349760422483087
8,2,8,2,180,0.2049469999037683
8,2,8,2,190,0.2164238509722054
8,2,8,2,200,0.2266127741895616
8,2,8,2,210,0.23895548284053802
8,2,8,2,220,0.24992134794592857
8,2,8,2,230,0.2615704666823149
8,2,8,2,240,0.27261158684268594
8,2,8,2,250,0.2831543004140258
8,2,8,2,260,0.2951774522662163
8,2,8,2,270,0.3064327407628298
8,2,8,2,280,0.31840138509869576
8,2,8,2,290,0.3300394839607179
8,2,8,2,300,0.340365719050169
8,2,8,2,310,0.35268992464989424
8,2,8,2,320,0.3640537019819021
8,2,8,2,330,0.3753320099785924
8,2,8,2,340,0.3864548080600798
8,2,8,2,350,0.39801936969161034
8,2,8,2,360,0.40933033218607306
8,2,8,2,370,0.42080599488690495
8,2,8,2,380,0.4303860212676227
8,2,8,2,390,0.4432365079410374
8,2,8,2,400,0.45313125383108854
8,2,8,2,410,0.46503185806795955
8,2,8,2,420,0.47589387092739344
8,2,8,2,430,0.48666264535859227
8,2,8,2,440,0.49806433683261275
8,2,8,2,450,0.50872738705948
8,2,8,2,460,0.5217244909144938
8,2,8,2,470,0.5331438928842545
8,2,8,2,480,0.5437708189710975
8,2,8,2,490,0.5538465138524771
8,2,8,2,500,0.5650847828947008
8,2,8,2,510,0.5784490113146603
8,2,8,2,520,0.5903175151906908
8,2,8,2,530,0.60114860907197
8,2,8,2,540,0.6129965051077306
8,2,8,2,550,0.6263926196843386
8,2,8,2,560,0.6354536083526909
8,2,8,2,570,0.6476341858506203
8,2,8,2,580,0.6581983398646116
8,2,8,2,590,0.6708839358761907
8,2,10,1,20,0.02290852228179574
8,2,10,1,30,0.03411287162452936
8,2,10,1,40,0.04585102805867791
8,2,10,1,50,0.05709918914362788
8,2,10,1,60,0.06861241301521659
8,2,10,1,70,0.07985677802935243
8,2,10,1,80,0.09123053727671504
8,2,10,1,90,0.10189257236197591
8,2,10,1,100,0.1137588620185852
8,2,10,1,110,0.12497254693880677
8,2,10,1,120,0.1365653509274125
8,2,10,1,130,0.1480772770009935
8,2,10,1,140,0.15933999326080084
8,2,10,1,150,0.1711424901150167
8,2,10,1,160,0.182991118170321
8,2,10,1,170,0.19496773090213537
8,2,10,1,180,0.20580691704526544
8,2,10,1,190,0.21736920392140746
8,2,10,1,200,0.22807557601481676
8,2,10,1,210,0.2396764000877738
8,2,10,1,220,0.25089213205501437
8,2,10,1,230,0.2621968509629369
8,2,10,1,240,0.27451347233727574
8,2,10,1,250,0.2858878932893276
8,2,10,1,260,0.29678075294941664
8,2,10,1,270,0.3087464990094304
8,2,10,1,280,0.31940828124061227
8,2,10,1,290,0.33192662708461285
8,2,10,1,300,0.3426983691751957
8,2,10,1,310,0.35313599929213524
8,2,10,1,320,0.36511130072176456
8,2,10,1,330,0.3768220632337034
8,2,10,1,340,0.3877808451652527
8,2,10,1,350,0.3990649809129536
8,2,10,1,360,0.4103570347651839
8,2,10,1,370,0.42258924478664994
8,2,10,1,380,0.4326980267651379
8,2,10,1,390,0.4449749938212335
8,2,10,1,400,0.45540124410763383
8,2,10,1,410,0.46787380892783403
8,2,10,1,420,0.4795653810724616
8,2,10,1,430,0.49095270317047834
8,2,10,1,440,0.5021545276977122
8,2,10,1,450,0.5150495730340481
8,2,10,1,460,0.524811492767185
8,2,10,1,470,0.5372350630350411
8,2,10,1,480,0.5476821418851614
8,2,10,1,490,0.5600462472066283
8,2,10,1,500,0.5702736722305417
8,2,10,1,510,0.583396946080029
8,2,10,1,520,0.5926166931167245
8,2,10,1,530,0.6033714101649821
8,2,10,1,540,0.6152034923434258
8,2,10,1,550,0.6277497443370521
8,2,10,1,560,0.6368231531232595
8,2,10,1,570,0.6494095460511744
8,2,10,1,580,0.6575320176780224
8,2,10,1,590,0.6714795958250761
8,2,10,2,20,0.02281048009172082
8,2,10,2,30,0.03404109599068761
8,2,10,2,40,0.045288560912013054
8,2,10,2,50,0.05706543521955609
8,2,10,2,60,0.06835293304175138
8,2,10,2,70,0.07946689799427986
8,2,10,2,80,0.09131280099973083
8,2,10,2,90,0.10262420168146491
8,2,10,2,100,0.11354244779795408
8,2,10,2,110,0.12543509900569916
8,2,10,2,120,0.137058949097991
8,2,10,2,130,0.1482735201716423
8,2,10,2,140,0.16019120113924146
8,2,10,2,150,0.17142398096621037
8,2,10,2,160,0.1820675297640264
8,2,10,2,170,0.19442134629935026
8,2,10,2,180,0.20549253607168794
8,2,10,2,190,0.21712282625958323
8,2,10,2,200,0.22768215602263808
8,2,10,2,210,0.2395886559970677
8,2,10,2,220,0.2506884098984301
8,2,10,2,230,0.26234638364985585
8,2,10,2,240,0.27246150420978665
8,2,10,2,250,0.2844204381108284
8,2,10,2,260,0.29664216889068484
8,2,10,2,270,0.3078570310026407
8,2,10,2,280,0.3194219549186528
8,2,10,2,290,0.33061796706169844
8,2,10,2,300,0.341764148324728
8,2,10,2,310,0.3555412529967725
8,2,10,2,320,0.3654158152639866
8,2,10,2,330,0.3770334292203188
8,2,10,2,340,0.3882304821163416
8,2,10,2,350,0.39932960318401456
8,2,10,2,360,0.4102745521813631
8,2,10,2,370,0.4227323089726269
8,2,10,2,380,0.4345659529790282
8,2,10,2,390,0.4437957536429167
8,2,10,2,400,0.4563051573932171
8,2,10,2,410,0.467186635825783
8,2,10,2,420,0.47775789722800255
8,2,10,2,430,0.4910999867133796
8,2,10,2,440,0.500316321849823
8,2,10,2,450,0.5120826843194664
8,2,10,2,460,0.5229156692512333
8,2,10,2,470,0.5362599287182093
8,2,10,2,480,0.5422727968543768
8,2,10,2,490,0.5564137399196625
8,2,10,2,500,0.5692473161034286
8,2,10,2,510,0.5803598552010953
8,2,10,2,520,0.5899516060017049
8,2,10,2,530,0.6033588168211281
8,2,10,2,540,0.6130644646473229
8,2,10,2,550,0.6254395507276058
8,2,10,2,560,0.6367443520575762
8,2,10,2,570,0.648714586161077
8,2,10,2,580,0.6597285252064466
8,2,10,2,590,0.6708070179447532
8,2,12,1,20,0.022957678884267807
8,2,12,1,30,0.03468924621120095
8,2,12,1,40,0.04577426891773939
8,2,12,1,50,0.05725388787686825
8,2,12,1,60,0.06847945228219032
8,2,12,1,70,0.08018726902082562
8,2,12,1,80,0.09164078207686543
8,2,12,1,90,0.10336500406265259
8,2,12,1,100,0.11429786961525679
8,2,12,1,110,0.12607964919880033
8,2,12,1,120,0.13742407504469156
8,2,12,1,130,0.14880167273804545
8,2,12,1,140,0.159778353292495
8,2,12,1,150,0.17168194986879826
8,2,12,1,160,0.18355988198891282
8,2,12,1,170,0.19573281425982714
8,2,12,1,180,0.20636174082756042
8,2,12,1,190,0.2184654730372131
8,2,12,1,200,0.2296930649317801
8,2,12,1,210,0.24148882227018476
8,2,12,1,220,0.25158852711319923
8,2,12,1,230,0.2643013591878116
8,2,12,1,240,0.27536531584337354
8,2,12,1,250,0.28642598632723093
8,2,12,1,260,0.2980586658231914
8,2,12,1,270,0.3105608359910548
8,2,12,1,280,0.3217832953669131
8,2,12,1,290,0.3326164362952113
8,2,12,1,300,0.34292662097141147
8,2,12,1,310,0.3543705209158361
8,2,12,1,320,0.3660878799855709
8,2,12,1,330,0.37894643703475595
8,2,12,1,340,0.38892292184755206
8,2,12,1,350,0.401827294845134
8,2,12,1,360,0.4133482868783176
8,2,12,1,370,0.42413388984277844
8,2,12,1,380,0.4366378039121628
8,2,12,1,390,0.4478502105921507
8,2,12,1,400,0.45775388926267624
8,2,12,1,410,0.47026461409404874
8,2,12,1,420,0.48152922187000513
8,2,12,1,430,0.49249387811869383
8,2,12,1,440,0.503788033965975
8,2,12,1,450,0.5162049061618745
8,2,12,1,460,0.5263307490386069
8,2,12,1,470,0.5373896402306855
8,2,12,1,480,0.5499883363954723
8,2,12,1,490,0.5619029062800109
8,2,12,1,500,0.572592250071466
8,2,12,1,510,0.5822063540108502
8,2,12,1,520,0.5960213080979884
8,2,12,1,530,0.6073478981852531
8,2,12,1,540,0.6182357789948583
8,2,12,1,550,0.6320998640730977
8,2,12,1,560,0.6434071199037135
8,2,12,1,570,0.6551943151280284
8,2,12,1,580,0.6663679997436702
8,2,12,1,590,0.6783719207160175
8,2,12,2,20,0.022976430598646402
8,2,12,2,30,0.034745700657367706
8,2,12,2,40,0.045951819978654385
8,2,12,2,50,0.057260863948613405
8,2,12,2,60,0.06852497905492783
8,2,12,2,70,0.07999291503801942
8,2,12,2,80,0.09124835720285773
8,2,12,2,90,0.10288989869877696
8,2,12,2,100,0.11420119507238269
8,2,12,2,110,0.12591373315081
8,2,12,2,120,0.13743075309321284
8,2,12,2,130,0.14993051765486598
8,2,12,2,140,0.16060614213347435
8,2,12,2,150,0.17253417428582907
8,2,12,2,160,0.18434551497921348
8,2,12,2,170,0.19556113705039024
8,2,12,2,180,0.2067210921086371
8,2,12,2,190,0.2185833058319986
8,2,12,2,200,0.22914891317486763
8,2,12,2,210,0.24118407908827066
8,2,12,2,220,0.2521425229497254
8,2,12,2,230,0.26453657634556293
8,2,12,2,240,0.27467790991067886
8,2,12,2,250,0.286526657640934
8,2,12,2,260,0.29820710327476263
8,2,12,2,270,0.3100174809806049
8,2,12,2,280,0.32055569300428033
8,2,12,2,290,0.33332610921934247
8,2,12,2,300,0.34422432724386454
8,2,12,2,310,0.35533373104408383
8,2,12,2,320,0.367029741872102
8,2,12,2,330,0.3795096152462065
8,2,12,2,340,0.3899255017749965
8,2,12,2,350,0.4017495368607342
8,2,12,2,360,0.41248271986842155
8,2,12,2,370,0.42424460407346487
8,2,12,2,380,0.43507295986637473
8,2,12,2,390,0.44747179420664907
8,2,12,2,400,0.4582948833703995
8,2,12,2,410,0.46861374378204346
8,2,12,2,420,0.48004926601424813
8,2,12,2,430,0.49198942678049207
8,2,12,2,440,0.505249120760709
8,2,12,2,450,0.5149510069750249
8,2,12,2,460,0.5272096209228039
8,2,12,2,470,0.5381109700538218
8,2,12,2,480,0.549383067060262
8,2,12,2,490,0.5618839762173593
8,2,12,2,500,0.5727387960068882
8,2,12,2,510,0.5838747639209032
8,2,12,2,520,0.5947331730276346
8,2,12,2,530,0.6086920481175184
8,2,12,2,540,0.6194156222045422
8,2,12,2,550,0.6319142100401223
8,2,12,2,560,0.640981956385076
8,2,12,2,570,0.6521899336948991
8,2,12,2,580,0.6631862889043987
8,2,12,2,590,0.6786442711018026
8,3,2,1,20,0.02259809011593461
8,3,2,1,30,0.03410504525527358
8,3,2,1,40,0.04521259618923068
8,3,2,1,50,0.05640127323567867
8,3,2,1,60,0.06762193888425827
8,3,2,1,70,0.07927626417949796
8,3,2,1,80,0.09021580684930086
8,3,2,1,90,0.10162068391218781
8,3,2,1,100,0.11261155921965837
8,3,2,1,110,0.12417871318757534
8,3,2,1,120,0.13573446683585644
8,3,2,1,130,0.14700355334207416
8,3,2,1,140,0.157961199991405
8,3,2,1,150,0.16963927820324898
8,3,2,1,160,0.18040709290653467
8,3,2,1,170,0.19204475078731775
8,3,2,1,180,0.20372891100123525
8,3,2,1,190,0.214401519857347
8,3,2,1,200,0.22515114583075047
8,3,2,1,210,0.23695531161502004
8,3,2,1,220,0.24840704910457134
8,3,2,1,230,0.2596013587899506
8,3,2,1,240,0.2702902997843921
8,3,2,1,250,0.28232639329507947
8,3,2,1,260,0.2932258010841906
8,3,2,1,270,0.30544755468145013
8,3,2,1,280,0.31601969292387366
8,3,2,1,290,0.3276020120829344
8,3,2,1,300,0.3385381093248725
8,3,2,1,310,0.3509261719882488
8,3,2,1,320,0.36073026433587074
8,3,2,1,330,0.37331361416727304
8,3,2,1,340,0.3854783889837563
8,3,2,1,350,0.3949436228722334
8,3,2,1,360,0.4062199592590332
8,3,2,1,370,0.4191417242400348
8,3,2,1,380,0.4295965447090566
8,3,2,1,390,0.4409863227047026
8,3,2,1,400,0.4514889856800437
8,3,2,1,410,0.46336236922070384
8,3,2,1,420,0.47399946860969067
8,3,2,1,430,0.48589474707841873
8,3,2,1,440,0.49676192784681916
8,3,2,1,450,0.508398188278079
8,3,2,1,460,0.5202683946117759
8,3,2,1,470,0.5315534248948097
8,3,2,1,480,0.5425124419853091
8,3,2,1,490,0.5540875000879169
8,3,2,1,500,0.5646550208330154
8,3,2,1,510,0.5766095221042633
8,3,2,1,520,0.5858252998441458
8,3,2,1,530,0.5984666380099952
8,3,2,1,540,0.6092848759144545
8,3,2,1,550,0.6206365511752665
8,3,2,1,560,0.6316873277537525
8,3,2,1,570,0.6447216281667352
8,3,2,1,580,0.6520481160841882
8,3,2,1,590,0.6657175058498979
8,3,2,2,20,0.02253540838137269
8,3,2,2,30,0.03393985563889146
8,3,2,2,40,0.04508142080157995
8,3,2,2,50,0.056481465231627226
8,3,2,2,60,0.06789369089528918
8,3,2,2,70,0.07874743919819593
8,3,2,2,80,0.08997393399477005
8,3,2,2,90,0.10202995780855417
8,3,2,2,100,0.11317056883126497
8,3,2,2,110,0.12448216322809458
8,3,2,2,120,0.13582603773102164
8,3,2,2,130,0.14609632175415754
8,3,2,2,140,0.15787030197679996
8,3,2,2,150,0.16914574801921844
8,3,2,2,160,0.18036567606031895
8,3,2,2,170,0.19245868222787976
8,3,2,2,180,0.2029139050282538
8,3,2,2,190,0.21457013674080372
8,3,2,2,200,0.22520239604637027
8,3,2,2,210,0.23665498616173863
8,3,2,2,220,0.2483515990898013
8,3,2,2,230,0.25878474581986666
8,3,2,2,240,0.2698946809396148
8,3,2,2,250,0.28161365585401654
8,3,2,2,260,0.2924221293069422
8,3,2,2,270,0.3038162561133504
8,3,2,2,280,0.31457966566085815
8,3,2,2,290,0.32577816816046834
8,3,2,2,300,0.3367683426477015
8,3,2,2,310,0.34781502466648817
8,3,2,2,320,0.3595373099669814
8,3,2,2,330,0.37144770100712776
8,3,2,2,340,0.3820293629541993
8,3,2,2,350,0.39560297317802906
8,3,2,2,360,0.40488326689228415
8,3,2,2,370,0.41727261105552316
8,3,2,2,380,0.42839195812121034
8,3,2,2,390,0.44014499615877867
8,3,2,2,400,0.45150369219481945
8,3,2,2,410,0.4626415795646608
8,3,2,2,420,0.4744902439415455
8,3,2,2,430,0.48581996327266097
8,3,2,2,440,0.49683335004374385
8,3,2,2,450,0.5097411531023681
8,3,2,2,460,0.5199417350813746
8,3,2,2,470,0.5326135950163007
8,3,2,2,480,0.5425376063212752
8,3,2,2,490,0.5520622292533517
8,3,2,2,500,0.5610881862230599
8,3,2,2,510,0.5753002199344337
8,3,2,2,520,0.5866917409002781
8,3,2,2,530,0.5989090027287602
8,3,2,2,540,0.6109427213668823
8,3,2,2,550,0.6231307149864733
8,3,2,2,560,0.6352409762330353
8,3,2,2,570,0.6469561322592199
8,3,2,2,580,0.6557536069303751
8,3,2,2,590,0.6677501290105283
8,3,4,1,20,0.02255299873650074
8,3,4,1,30,0.03402338223531842
8,3,4,1,40,0.04544518608599901
8,3,4,1,50,0.05697886599227786
8,3,4,1,60,0.0683505842462182
8,3,4,1,70,0.07958969287574291
8,3,4,1,80,0.09084904799237847
8,3,4,1,90,0.102161327842623
8,3,4,1,100,0.11319046514108777
8,3,4,1,110,0.12502193916589022
8,3,4,1,120,0.1356861349195242
8,3,4,1,130,0.14730571676045656
8,3,4,1,140,0.15860801795497537
8,3,4,1,150,0.1704615131020546
8,3,4,1,160,0.1816183920018375
8,3,4,1,170,0.19304407807067037
8,3,4,1,180,0.20458547910675406
8,3,4,1,190,0.2159378919750452
8,3,4,1,200,0.2265901630744338
8,3,4,1,210,0.2379197869449854
8,3,4,1,220,0.24943166319280863
8,3,4,1,230,0.2607733332552016
8,3,4,1,240,0.27135683689266443
8,3,4,1,250,0.2841281951405108
8,3,4,1,260,0.2949269413948059
8,3,4,1,270,0.3067695670761168
8,3,4,1,280,0.3168529327958822
8,3,4,1,290,0.3293748372234404
8,3,4,1,300,0.34022444719448686
8,3,4,1,310,0.3524554972536862
8,3,4,1,320,0.36217486672103405
8,3,4,1,330,0.3738807770423591
8,3,4,1,340,0.38522911025211215
8,3,4,1,350,0.39646752225235105
8,3,4,1,360,0.40771283907815814
8,3,4,1,370,0.4193529197946191
8,3,4,1,380,0.43096429016441107
8,3,4,1,390,0.4427684210240841
8,3,4,1,400,0.4531267937272787
8,3,4,1,410,0.4651022399775684
8,3,4,1,420,0.47619915939867496
8,3,4,1,430,0.4879293362610042
8,3,4,1,440,0.4980731578543782
8,3,4,1,450,0.5099996929056942
8,3,4,1,460,0.5214701909571886
8,3,4,1,470,0.5336231351830065
8,3,4,1,480,0.5424502152018249
8,3,4,1,490,0.5549041558988392
8,3,4,1,500,0.5654127970337868
8,3,4,1,510,0.5763779347762465
8,3,4,1,520,0.5859901304356754
8,3,4,1,530,0.5979352099820971
8,3,4,1,540,0.6090217120945454
8,3,4,1,550,0.6206123572774231
8,3,4,1,560,0.6327008060179651
8,3,4,1,570,0.6453155600465834
8,3,4,1,580,0.654592651873827
8,3,4,1,590,0.6683376110158861
8,3,4,2,20,0.02254331298172474
8,3,4,2,30,0.0340192262083292
8,3,4,2,40,0.045065396931022406
8,3,4,2,50,0.05667281523346901
8,3,4,2,60,0.06778675829991698
8,3,4,2,70,0.07931691873818636
8,3,4,2,80,0.09002437489107251
8,3,4,2,90,0.10153189022094011
8,3,4,2,100,0.1131271100603044
8,3,4,2,110,0.12454120395705104
8,3,4,2,120,0.13529795315116644
8,3,4,2,130,0.14716172497719526
8,3,4,2,140,0.15817663120105863
8,3,4,2,150,0.1703548775985837
8,3,4,2,160,0.18093495862558484
8,3,4,2,170,0.1929143751040101
8,3,4,2,180,0.20346691273152828
8,3,4,2,190,0.21513228118419647
8,3,4,2,200,0.2266120291315019
8,3,4,2,210,0.23769567999988794
8,3,4,2,220,0.2491753580980003
8,3,4,2,230,0.2610684377141297
8,3,4,2,240,0.2717330530285835
8,3,4,2,250,0.28317226003855467
8,3,4,2,260,0.2953910459764302
8,3,4,2,270,0.30681861471384764
8,3,4,2,280,0.31696596276015043
8,3,4,2,290,0.32932781893759966
8,3,4,2,300,0.34044625610113144
8,3,4,2,310,0.3517677430063486
8,3,4,2,320,0.36378536419942975
8,3,4,2,330,0.37406678311526775
8,3,4,2,340,0.385832317173481
8,3,4,2,350,0.39816688001155853
8,3,4,2,360,0.4087786367163062
8,3,4,2,370,0.4202594761736691
8,3,4,2,380,0.429159268271178
8,3,4,2,390,0.4410269199870527
8,3,4,2,400,0.4524503741413355
8,3,4,2,410,0.4648160510696471
8,3,4,2,420,0.47566424403339624
8,3,4,2,430,0.4882596670649946
8,3,4,2,440,0.4976261327974498
8,3,4,2,450,0.5107529168017209
8,3,4,2,460,0.5218426678329706
8,3,4,2,470,0.5334597369655967
8,3,4,2,480,0.5437203967012465
8,3,4,2,490,0.5563405752182007
8,3,4,2,500,0.5645734700374305
8,3,4,2,510,0.5776399578899145
8,3,4,2,520,0.5880364757031202
8,3,4,2,530,0.5994213190861046
8,3,4,2,540,0.611009354237467
8,3,4,2,550,0.6241218708455563
8,3,4,2,560,0.6346256230026484
8,3,4,2,570,0.646545757073909
8,3,4,2,580,0.6572369718924165
8,3,4,2,590,0.6687322040088475
8,3,6,1,20,0.02279056003317237
8,3,6,1,30,0.0343904085457325
8,3,6,1,40,0.04572379216551781
8,3,6,1,50,0.05688111297786236
8,3,6,1,60,0.06819642195478082
8,3,6,1,70,0.0795461218804121
8,3,6,1,80,0.09094980405643582
8,3,6,1,90,0.1022197506390512
8,3,6,1,100,0.11328030563890934
8,3,6,1,110,0.12501941807568073
8,3,6,1,120,0.13614345993846655
8,3,6,1,130,0.147365084849298
8,3,6,1,140,0.15872543305158615
8,3,6,1,150,0.1702266288921237
8,3,6,1,160,0.18200757820159197
8,3,6,1,170,0.19497659895569086
8,3,6,1,180,0.20393510488793254
8,3,6,1,190,0.21660406468436122
8,3,6,1,200,0.2281821584329009
8,3,6,1,210,0.23854974238201976
8,3,6,1,220,0.2501299739815295
8,3,6,1,230,0.26108054630458355
8,3,6,1,240,0.27259053476154804
8,3,6,1,250,0.2841057819314301
8,3,6,1,260,0.29652800783514977
8,3,6,1,270,0.3064931631088257
8,3,6,1,280,0.3178291912190616
8,3,6,1,290,0.33004279900342226
8,3,6,1,300,0.34057462867349386
8,3,6,1,310,0.35308785596862435
8,3,6,1,320,0.36294383741915226
8,3,6,1,330,0.3756683748215437
8,3,6,1,340,0.3869099449366331
8,3,6,1,350,0.4000028260052204
8,3,6,1,360,0.4094618409872055
8,3,6,1,370,0.4211877561174333
8,3,6,1,380,0.4305793917737901
8,3,6,1,390,0.44361742306500673
8,3,6,1,400,0.45378566393628716
8,3,6,1,410,0.4669382725842297
8,3,6,1,420,0.4766276120208204
8,3,6,1,430,0.4890739400871098
8,3,6,1,440,0.5002547311596572
8,3,6,1,450,0.509241618681699
8,3,6,1,460,0.5221851440146565
8,3,6,1,470,0.5355790131725371
8,3,6,1,480,0.5449203378520906
8,3,6,1,490,0.5573024111799896
8,3,6,1,500,0.566852964926511
8,3,6,1,510,0.5798915638588369
8,3,6,1,520,0.5877497717738152
8,3,6,1,530,0.6029296861961484
8,3,6,1,540,0.6122196251526475
8,3,6,1,550,0.6233106008730829
8,3,6,1,560,0.6353918639943004
8,3,6,1,570,0.6465757610276341
8,3,6,1,580,0.6562046022154391
8,3,6,1,590,0.6693752310238779
8,3,6,2,20,0.022705516312271357
8,3,6,2,30,0.0341221340931952
8,3,6,2,40,0.045256517361849546
8,3,6,2,50,0.05671133100986481
8,3,6,2,60,0.06801209086552262
8,3,6,2,70,0.07952665816992521
8,3,6,2,80,0.09032407915219665
8,3,6,2,90,0.10228733066469431
8,3,6,2,100,0.11357746506109834
8,3,6,2,110,0.1250199438072741
8,3,6,2,120,0.13551646284759045
8,3,6,2,130,0.1471140133216977
8,3,6,2,140,0.15873043099418283
8,3,6,2,150,0.17016237881034613
8,3,6,2,160,0.18123605893924832
8,3,6,2,170,0.19258690206333995
8,3,6,2,180,0.2037545731291175
8,3,6,2,190,0.21554373018443584
8,3,6,2,200,0.22635007789358497
8,3,6,2,210,0.2380739632062614
8,3,6,2,220,0.24893944198265672
8,3,6,2,230,0.2603032533079386
8,3,6,2,240,0.27062854869291186
8,3,6,2,250,0.2824617139995098
8,3,6,2,260,0.2936797528527677
8,3,6,2,270,0.3052812716923654
8,3,6,2,280,0.31611298210918903
8,3,6,2,290,0.32828937424346805
8,3,6,2,300,0.3390175229869783
8,3,6,2,310,0.3502556378953159
8,3,6,2,320,0.3617474208585918
8,3,6,2,330,0.37300529796630144
8,3,6,2,340,0.3840839182958007
8,3,6,2,350,0.3972281268797815
8,3,6,2,360,0.40691218990832567
8,3,6,2,370,0.41957293590530753
8,3,6,2,380,0.43001672625541687
8,3,6,2,390,0.4421362937428057
8,3,6,2,400,0.45303245913237333
8,3,6,2,410,0.46409410890191793
8,3,6,2,420,0.47575140791013837
8,3,6,2,430,0.48692835913971066
8,3,6,2,440,0.4973140424117446
8,3,6,2,450,0.509180769789964
8,3,6,2,460,0.5201600678265095
8,3,6,2,470,0.5319863827899098
8,3,6,2,480,0.5440996759571135
8,3,6,2,490,0.5538484328426421
8,3,6,2,500,0.5662915566936135
8,3,6,2,510,0.5794050549156964
8,3,6,2,520,0.5890657412819564
8,3,6,2,530,0.5999666787683964
8,3,6,2,540,0.6116682565771043
8,3,6,2,550,0.6219679899513721
8,3,6,2,560,0.6346830846741796
8,3,6,2,570,0.6471021268516779
8,3,6,2,580,0.6561707612127066
8,3,6,2,590,0.6695991330780089
8,3,8,1,20,0.022762033622711897
8,3,8,1,30,0.03427284024655819
8,3,8,1,40,0.04535503592342138
8,3,8,1,50,0.05689206626266241
8,3,8,1,60,0.06787873758003116
8,3,8,1,70,0.07939135935157537
8,3,8,1,80,0.09053034614771605
8,3,8,1,90,0.10164781985804439
8,3,8,1,100,0.11308442521840334
8,3,8,1,110,0.12423245888203382
8,3,8,1,120,0.1358143617399037
8,3,8,1,130,0.14745807787403464
8,3,8,1,140,0.15810931054875255
8,3,8,1,150,0.17022274993360043
8,3,8,1,160,0.18087061680853367
8,3,8,1,170,0.19236767897382379
8,3,8,1,180,0.20427429676055908
8,3,8,1,190,0.21549517521634698
8,3,8,1,200,0.22669473476707935
8,3,8,1,210,0.23828836996108294
8,3,8,1,220,0.24924910301342607
8,3,8,1,230,0.26130735501646996
8,3,8,1,240,0.2721899379976094
8,3,8,1,250,0.28333438327535987
8,3,8,1,260,0.2940714443102479
8,3,8,1,270,0.3055710820481181
8,3,8,1,280,0.3165974719449878
8,3,8,1,290,0.32870419370010495
8,3,8,1,300,0.3400254468433559
8,3,8,1,310,0.3517565689980984
8,3,8,1,320,0.36324317613616586
8,3,8,1,330,0.37424100283533335
8,3,8,1,340,0.38506468618288636
8,3,8,1,350,0.39690803410485387
8,3,8,1,360,0.40746221598237753
8,3,8,1,370,0.42023656517267227
8,3,8,1,380,0.4299974590539932
8,3,8,1,390,0.44254983915016055
8,3,8,1,400,0.45179946767166257
8,3,8,1,410,0.4644450368359685
8,3,8,1,420,0.4763057962991297
8,3,8,1,430,0.48865595925599337
8,3,8,1,440,0.4993437943048775
8,3,8,1,450,0.5106928520835936
8,3,8,1,460,0.5210709879174829
8,3,8,1,470,0.5335950921289623
8,3,8,1,480,0.5421592681668699
8,3,8,1,490,0.5547927538864315
8,3,8,1,500,0.5662738312967122
8,3,8,1,510,0.5779106337577105
8,3,8,1,520,0.5893052518367767
8,3,8,1,530,0.6010341881774366
8,3,8,1,540,0.6118838237598538
8,3,8,1,550,0.6236376236192882
8,3,8,1,560,0.6331027876585722
8,3,8,1,570,0.6456181458197534
8,3,8,1,580,0.6575443800538778
8,3,8,1,590,0.6686795908026397
8,3,8,2,20,0.022569133900105953
8,3,8,2,30,0.034017771016806364
8,3,8,2,40,0.04534015478566289
8,3,8,2,50,0.05650772200897336
8,3,8,2,60,0.06765402667224407
8,3,8,2,70,0.07954929070547223
8,3,8,2,80,0.09060363005846739
8,3,8,2,90,0.10179009567946196
8,3,8,2,100,0.11326256394386292
8,3,8,2,110,0.12467405200004578
8,3,8,2,120,0.13583086896687746
8,3,8,2,130,0.14766502380371094
8,3,8,2,140,0.15884452871978283
8,3,8,2,150,0.16965877497568727
8,3,8,2,160,0.18150364188477397
8,3,8,2,170,0.1925584557466209
8,3,8,2,180,0.2039324501529336
8,3,8,2,190,0.21554944710806012
8,3,8,2,200,0.22645824309438467
8,3,8,2,210,0.23789995396509767
8,3,8,2,220,0.24903923412784934
8,3,8,2,230,0.2608340550214052
8,3,8,2,240,0.270831401925534
8,3,8,2,250,0.28282440174371004
8,3,8,2,260,0.2949956161901355
8,3,8,2,270,0.30579396383836865
8,3,8,2,280,0.3158520348370075
8,3,8,2,290,0.32906019827350974
8,3,8,2,300,0.3399157766252756
8,3,8,2,310,0.35263151582330465
8,3,8,2,320,0.3625874212011695
8,3,8,2,330,0.3744533318094909
8,3,8,2,340,0.38387888902798295
8,3,8,2,350,0.39576368778944016
8,3,8,2,360,0.4072777880355716
8,3,8,2,370,0.41804057685658336
8,3,8,2,380,0.4295180831104517
8,3,8,2,390,0.44163417583331466
8,3,8,2,400,0.4535898449830711
8,3,8,2,410,0.46569261932745576
8,3,8,2,420,0.47654137620702386
8,3,8,2,430,0.4883705470710993
8,3,8,2,440,0.49850634718313813
8,3,8,2,450,0.5108063369989395
8,3,8,2,460,0.5220726453699172
8,3,8,2,470,0.533222780097276
8,3,8,2,480,0.543228895869106
8,3,8,2,490,0.5546981389634311
8,3,8,2,500,0.568844785913825
8,3,8,2,510,0.5776037452742457
8,3,8,2,520,0.5873328531160951
8,3,8,2,530,0.5996926603838801
8,3,8,2,540,0.6114365169778466
8,3,8,2,550,0.6235900619067252
8,3,8,2,560,0.6350345006212592
8,3,8,2,570,0.6461710571311414
8,3,8,2,580,0.6565320417284966
8,3,8,2,590,0.667092980351299
8,3,10,1,20,0.02269638329744339
8,3,10,1,30,0.03417999390512705
8,3,10,1,40,0.04538723174482584
8,3,10,1,50,0.05692780762910843
8,3,10,1,60,0.06835934473201632
8,3,10,1,70,0.07981145475059748
8,3,10,1,80,0.09027143707498908
8,3,10,1,90,0.10262826783582568
8,3,10,1,100,0.11378668388351798
8,3,10,1,110,0.12552936980500817
8,3,10,1,120,0.13637233898043633
8,3,10,1,130,0.14808980887755752
8,3,10,1,140,0.1592164528556168
8,3,10,1,150,0.17079331958666444
8,3,10,1,160,0.18180331401526928
8,3,10,1,170,0.19375223200768232
8,3,10,1,180,0.20457174675539136
8,3,10,1,190,0.21615410270169377
8,3,10,1,200,0.22693131398409605
8,3,10,1,210,0.23978540115058422
8,3,10,1,220,0.2501035160385072
8,3,10,1,230,0.2613498386926949
8,3,10,1,240,0.2725097141228616
8,3,10,1,250,0.2835116400383413
8,3,10,1,260,0.2954519218765199
8,3,10,1,270,0.30639588087797165
8,3,10,1,280,0.3172998712398112
8,3,10,1,290,0.32996244402602315
8,3,10,1,300,0.34105090564116836
8,3,10,1,310,0.3533101030625403
8,3,10,1,320,0.36367435194551945
8,3,10,1,330,0.37547876965254545
8,3,10,1,340,0.38705316418781877
8,3,10,1,350,0.398498869035393
8,3,10,1,360,0.4098669681698084
8,3,10,1,370,0.42080561397597194
8,3,10,1,380,0.4320946899242699
8,3,10,1,390,0.44303216971457005
8,3,10,1,400,0.4555852022022009
8,3,10,1,410,0.466398268006742
8,3,10,1,420,0.47732098074629903
8,3,10,1,430,0.489378877915442
8,3,10,1,440,0.4997799010016024
8,3,10,1,450,0.5121826743707061
8,3,10,1,460,0.5238929181359708
8,3,10,1,470,0.5338980033993721
8,3,10,1,480,0.5445774090476334
8,3,10,1,490,0.5577759649604559
8,3,10,1,500,0.5673212110996246
8,3,10,1,510,0.5791483600623906
8,3,10,1,520,0.5883683632127941
8,3,10,1,530,0.6013793381862342
8,3,10,1,540,0.6146315815858543
8,3,10,1,550,0.6260986821725965
8,3,10,1,560,0.637313243933022
8,3,10,1,570,0.6500126761384308
8,3,10,1,580,0.6593941198661923
8,3,10,1,590,0.6731869280338287
8,3,10,2,20,0.0227414108812809
8,3,10,2,30,0.03404270205646753
8,3,10,2,40,0.04554622387513518
8,3,10,2,50,0.05699963215738535
8,3,10,2,60,0.0684683546423912
8,3,10,2,70,0.0799667271785438
8,3,10,2,80,0.09074324322864413
8,3,10,2,90,0.10255649499595165
8,3,10,2,100,0.11358900275081396
8,3,10,2,110,0.12555552506819367
8,3,10,2,120,0.1366649023257196
8,3,10,2,130,0.14832660974934697
8,3,10,2,140,0.15916521893814206
8,3,10,2,150,0.170930246822536
8,3,10,2,160,0.18210243014618754
8,3,10,2,170,0.19384857593104243
8,3,10,2,180,0.20468485169112682
8,3,10,2,190,0.21715728007256985
8,3,10,2,200,0.22777437791228294
8,3,10,2,210,0.23993448028340936
8,3,10,2,220,0.2505751848220825
8,3,10,2,230,0.2631517890840769
8,3,10,2,240,0.27345111360773444
8,3,10,2,250,0.28580923983827233
8,3,10,2,260,0.2968439101241529
8,3,10,2,270,0.30810154136270285
8,3,10,2,280,0.3198306066915393
8,3,10,2,290,0.3307052915915847
8,3,10,2,300,0.34225138928741217
8,3,10,2,310,0.3533528381958604
8,3,10,2,320,0.3646525349467993
8,3,10,2,330,0.376592927146703
8,3,10,2,340,0.3876975500024855
8,3,10,2,350,0.39981801388785243
8,3,10,2,360,0.4110365640372038
8,3,10,2,370,0.42339448584243655
8,3,10,2,380,0.4337271098047495
8,3,10,2,390,0.444099054671824
8,3,10,2,400,0.45623432425782084
8,3,10,2,410,0.4687411938793957
8,3,10,2,420,0.47910212678834796
8,3,10,2,430,0.4912862372584641
8,3,10,2,440,0.5010985368862748
8,3,10,2,450,0.5129009392112494
8,3,10,2,460,0.523661074694246
8,3,10,2,470,0.5350890108384192
8,3,10,2,480,0.5456902543082833
8,3,10,2,490,0.5587378991767764
8,3,10,2,500,0.5702550383284688
8,3,10,2,510,0.5805406519211829
8,3,10,2,520,0.5931969429366291
8,3,10,2,530,0.6049547800794244
8,3,10,2,540,0.6146871601231396
8,3,10,2,550,0.6267764768563211
8,3,10,2,560,0.6369618009775877
8,3,10,2,570,0.651206404902041
8,3,10,2,580,0.6589310560375452
8,3,10,2,590,0.6736977687105536
8,3,12,1,20,0.023195698857307434
8,3,12,1,30,0.034930183086544275
8,3,12,1,40,0.04618291789665818
8,3,12,1,50,0.05781530728563666
8,3,12,1,60,0.06904990691691637
8,3,12,1,70,0.08103711996227503
8,3,12,1,80,0.0922829732298851
8,3,12,1,90,0.10370030114427209
8,3,12,1,100,0.11473356420174241
8,3,12,1,110,0.1265501189045608
8,3,12,1,120,0.13791987067088485
8,3,12,1,130,0.1488136569969356
8,3,12,1,140,0.1602208581753075
8,3,12,1,150,0.1725631756708026
8,3,12,1,160,0.18365975003689528
8,3,12,1,170,0.19581414200365543
8,3,12,1,180,0.2075336161069572
8,3,12,1,190,0.21918856631964445
8,3,12,1,200,0.2311638407409191
8,3,12,1,210,0.2426632666029036
8,3,12,1,220,0.2530966238118708
8,3,12,1,230,0.26532063679769635
8,3,12,1,240,0.2767465701326728
8,3,12,1,250,0.28917338280007243
8,3,12,1,260,0.2991765742190182
8,3,12,1,270,0.311612905934453
8,3,12,1,280,0.32257373398169875
8,3,12,1,290,0.33425077283754945
8,3,12,1,300,0.3457500543445349
8,3,12,1,310,0.3571158410049975
8,3,12,1,320,0.3692467208020389
8,3,12,1,330,0.3806024487130344
8,3,12,1,340,0.39290939969941974
8,3,12,1,350,0.40407389076426625
8,3,12,1,360,0.4157844679430127
8,3,12,1,370,0.4273702879436314
8,3,12,1,380,0.43751691142097116
8,3,12,1,390,0.4493654896505177
8,3,12,1,400,0.46135713905096054
8,3,12,1,410,0.472230457700789
8,3,12,1,420,0.4832576597109437
8,3,12,1,430,0.49639116832986474
8,3,12,1,440,0.5073272390291095
8,3,12,1,450,0.519774145912379
8,3,12,1,460,0.5289501338265836
8,3,12,1,470,0.5432022563181818
8,3,12,1,480,0.5541685512289405
8,3,12,1,490,0.5661395890638232
8,3,12,1,500,0.5763809136115015
8,3,12,1,510,0.5887002400122583
8,3,12,1,520,0.6008465890772641
8,3,12,1,530,0.6115149362012744
8,3,12,1,540,0.6234337412752211
8,3,12,1,550,0.6340034478344023
8,3,12,1,560,0.6472162520512938
8,3,12,1,570,0.6586606907658279
8,3,12,1,580,0.6690185600891709
8,3,12,1,590,0.6816267482936382
8,3,12,2,20,0.02288843272253871
8,3,12,2,30,0.034482453018426895
8,3,12,2,40,0.04581994703039527
8,3,12,2,50,0.057360800448805094
8,3,12,2,60,0.06889510713517666
8,3,12,2,70,0.08027587411925197
8,3,12,2,80,0.0916930940002203
8,3,12,2,90,0.1033610007725656
8,3,12,2,100,0.11428185272961855
8,3,12,2,110,0.1267677079886198
8,3,12,2,120,0.13760644011199474
8,3,12,2,130,0.14987175958231091
8,3,12,2,140,0.1617366522550583
8,3,12,2,150,0.17345411889255047
8,3,12,2,160,0.18530389200896025
8,3,12,2,170,0.1967875212430954
8,3,12,2,180,0.20769428694620728
8,3,12,2,190,0.2196466545574367
8,3,12,2,200,0.23032870795577765
8,3,12,2,210,0.24254836095497012
8,3,12,2,220,0.25385300628840923
8,3,12,2,230,0.265498508233577
8,3,12,2,240,0.2771591250784695
8,3,12,2,250,0.2887904830276966
8,3,12,2,260,0.2988163218833506
8,3,12,2,270,0.3116176459006965
8,3,12,2,280,0.32288802368566394
8,3,12,2,290,0.33484247513115406
8,3,12,2,300,0.3457202953286469
8,3,12,2,310,0.3573313020169735
8,3,12,2,320,0.3682050588540733
8,3,12,2,330,0.38129506818950176
8,3,12,2,340,0.3927141451276839
8,3,12,2,350,0.4039125107228756
8,3,12,2,360,0.4146185009740293
8,3,12,2,370,0.4273004708811641
8,3,12,2,380,0.4372352110221982
8,3,12,2,390,0.4504276947118342
8,3,12,2,400,0.4607789241708815
8,3,12,2,410,0.4718962530605495
8,3,12,2,420,0.4833203782327473
8,3,12,2,430,0.49485388677567244
8,3,12,2,440,0.5068566869013011
8,3,12,2,450,0.5192418331280351
8,3,12,2,460,0.5302046472206712
8,3,12,2,470,0.5424578730016947
8,3,12,2,480,0.5518465153872967
8,3,12,2,490,0.5637579071335495
8,3,12,2,500,0.5767720420844853
8,3,12,2,510,0.5890008728019893
8,3,12,2,520,0.5986669380217791
8,3,12,2,530,0.6114676119759679
8,3,12,2,540,0.6220634272322059
8,3,12,2,550,0.6330522131174803
8,3,12,2,560,0.6453988142311573
8,3,12,2,570,0.6569735878147185
8,3,12,2,580,0.6678322679363191
8,3,12,2,590,0.6801936239935458
8,4,2,1,20,0.022738652769476175
8,4,2,1,30,0.0341347292996943
8,4,2,1,40,0.04553894093260169
8,4,2,1,50,0.05686712497845292
8,4,2,1,60,0.06842759810388088
8,4,2,1,70,0.07927810400724411
8,4,2,1,80,0.09109343076124787
8,4,2,1,90,0.10220884112641215
8,4,2,1,100,0.11374418484047055
8,4,2,1,110,0.1253086538054049
8,4,2,1,120,0.13634437415748835
8,4,2,1,130,0.14772147499024868
8,4,2,1,140,0.15894356789067388
8,4,2,1,150,0.1703340709209442
8,4,2,1,160,0.18099154205992818
8,4,2,1,170,0.19347063405439258
8,4,2,1,180,0.20414391299709678
8,4,2,1,190,0.2148568476550281
8,4,2,1,200,0.22667888086289167
8,4,2,1,210,0.23797807982191443
8,4,2,1,220,0.24918249296024442
8,4,2,1,230,0.26056057726964355
8,4,2,1,240,0.2720583360642195
8,4,2,1,250,0.2842646511271596
8,4,2,1,260,0.29544686106964946
8,4,2,1,270,0.30702173570171
8,4,2,1,280,0.31839672196656466
8,4,2,1,290,0.3299265201203525
8,4,2,1,300,0.34026091638952494
8,4,2,1,310,0.3517766478471458
8,4,2,1,320,0.3634401559829712
8,4,2,1,330,0.37529830215498805
8,4,2,1,340,0.3850132981315255
8,4,2,1,350,0.39691485883668065
8,4,2,1,360,0.4086713418364525
8,4,2,1,370,0.41986085195094347
8,4,2,1,380,0.4306086744181812
8,4,2,1,390,0.44288589898496866
8,4,2,1,400,0.45268828934058547
8,4,2,1,410,0.46450954023748636
8,4,2,1,420,0.47711033187806606
8,4,2,1,430,0.4882329017855227
8,4,2,1,440,0.4995079580694437
8,4,2,1,450,0.5120110469870269
8,4,2,1,460,0.5225097080692649
8,4,2,1,470,0.5340340379625559
8,4,2,1,480,0.5437580570578575
8,4,2,1,490,0.5541702839545906
8,4,2,1,500,0.5681486609391868
8,4,2,1,510,0.5788878230378032
8,4,2,1,520,0.5906036198139191
8,4,2,1,530,0.6017344798892736
8,4,2,1,540,0.6124764182604849
8,4,2,1,550,0.6239960729144514
8,4,2,1,560,0.6337535590864718
8,4,2,1,570,0.6468426729552448
8,4,2,1,580,0.6570996269583702
8,4,2,1,590,0.6690707951784134
8,4,2,2,20,0.02270650491118431
8,4,2,2,30,0.03409613110125065
8,4,2,2,40,0.04514625668525696
8,4,2,2,50,0.056506423745304346
8,4,2,2,60,0.06798444921150804
8,4,2,2,70,0.07960473792627454
8,4,2,2,80,0.09071873594075441
8,4,2,2,90,0.10241093207150698
8,4,2,2,100,0.11333724297583103
8,4,2,2,110,0.12497656000778079
8,4,2,2,120,0.13570585288107395
8,4,2,2,130,0.14801556710153818
8,4,2,2,140,0.15873494604602456
8,4,2,2,150,0.17083163280040026
8,4,2,2,160,0.18123375112190843
8,4,2,2,170,0.19247844303026795
8,4,2,2,180,0.2036807951517403
8,4,2,2,190,0.21513681206852198
8,4,2,2,200,0.22660014126449823
8,4,2,2,210,0.23841799097135663
8,4,2,2,220,0.249677874147892
8,4,2,2,230,0.26060776924714446
8,4,2,2,240,0.27170507377013564
8,4,2,2,250,0.2835752652026713
8,4,2,2,260,0.29537637811154127
8,4,2,2,270,0.30670882714912295
8,4,2,2,280,0.3187417392618954
8,4,2,2,290,0.3300344478338957
8,4,2,2,300,0.3403199058957398
8,4,2,2,310,0.35094554582610726
8,4,2,2,320,0.36337413266301155
8,4,2,2,330,0.37360809789970517
8,4,2,2,340,0.38496191892772913
8,4,2,2,350,0.39612752571702003
8,4,2,2,360,0.4068181337788701
8,4,2,2,370,0.41898858826607466
8,4,2,2,380,0.4312104368582368
8,4,2,2,390,0.44306948129087687
8,4,2,2,400,0.4537119520828128
8,4,2,2,410,0.4658763511106372
8,4,2,2,420,0.47510130470618606
8,4,2,2,430,0.4860587427392602
8,4,2,2,440,0.49714535009115934
8,4,2,2,450,0.50969163980335
8,4,2,2,460,0.5210053520277143
8,4,2,2,470,0.5323764313943684
8,4,2,2,480,0.54395497078076
8,4,2,2,490,0.5566435707733035
8,4,2,2,500,0.5637011150829494
8,4,2,2,510,0.5765664619393647
8,4,2,2,520,0.587904442101717
8,4,2,2,530,0.5991505803540349
8,4,2,2,540,0.6123675629496574
8,4,2,2,550,0.621633246075362
8,4,2,2,560,0.632940798997879
8,4,2,2,570,0.6444353288970888
8,4,2,2,580,0.6552784349769354
8,4,2,2,590,0.6671541067771614
8,4,4,1,20,0.022738663014024496
8,4,4,1,30,0.034206131007522345
8,4,4,1,40,0.04546832758933306
8,4,4,1,50,0.05668673198670149
8,4,4,1,60,0.06797527801245451
8,4,4,1,70,0.07952474476769567
8,4,4,1,80,0.09116230998188257
8,4,4,1,90,0.10221087373793125
8,4,4,1,100,0.11363227386027575
8,4,4,1,110,0.12536610709503293
8,4,4,1,120,0.13645939296111465
8,4,4,1,130,0.14778548758476973
8,4,4,1,140,0.15941347600892186
8,4,4,1,150,0.17094935895875096
8,4,4,1,160,0.18186582904309034
8,4,4,1,170,0.19431028701364994
8,4,4,1,180,0.20509510906413198
8,4,4,1,190,0.21685105003416538
8,4,4,1,200,0.227306071203202
8,4,4,1,210,0.2384537821635604
8,4,4,1,220,0.24950791895389557
8,4,4,1,230,0.26189339766278863
8,4,4,1,240,0.27297973865643144
8,4,4,1,250,0.2834258913062513
8,4,4,1,260,0.29666294204071164
8,4,4,1,270,0.30694403126835823
8,4,4,1,280,0.3190460433252156
8,4,4,1,290,0.3306030221283436
8,4,4,1,300,0.34203776344656944
8,4,4,1,310,0.3530577109195292
8,4,4,1,320,0.3632381712086499
8,4,4,1,330,0.37606271589174867
8,4,4,1,340,0.3864693585783243
8,4,4,1,350,0.3994567543268204
8,4,4,1,360,0.408056799788028
8,4,4,1,370,0.4206392732448876
8,4,4,1,380,0.43144927406683564
8,4,4,1,390,0.4437293619848788
8,4,4,1,400,0.4541342598386109
8,4,4,1,410,0.4674511360935867
8,4,4,1,420,0.4768841932527721
8,4,4,1,430,0.4885712838731706
8,4,4,1,440,0.5010038889013231
8,4,4,1,450,0.5102568520233035
8,4,4,1,460,0.5219307439401746
8,4,4,1,470,0.5347801600582898
8,4,4,1,480,0.5460867001675069
8,4,4,1,490,0.5580849102698267
8,4,4,1,500,0.5669445269741118
8,4,4,1,510,0.5810051020234823
8,4,4,1,520,0.5891171051189303
8,4,4,1,530,0.6053695641458035
8,4,4,1,540,0.6130922101438046
8,4,4,1,550,0.6242386000230908
8,4,4,1,560,0.6361810909584165
8,4,4,1,570,0.6494102035649121
8,4,4,1,580,0.6595791419968009
8,4,4,1,590,0.672007355839014
8,4,4,2,20,0.022645738907158375
8,4,4,2,30,0.03418451687321067
8,4,4,2,40,0.04541834630072117
8,4,4,2,50,0.0566457137465477
8,4,4,2,60,0.0679216249845922
8,4,4,2,70,0.07992935925722122
8,4,4,2,80,0.09065395686775446
8,4,4,2,90,0.10194220999255776
8,4,4,2,100,0.11408376879990101
8,4,4,2,110,0.12471421388909221
8,4,4,2,120,0.1363677280023694
8,4,4,2,130,0.14741421304643154
8,4,4,2,140,0.15861134603619576
8,4,4,2,150,0.17065987223759294
8,4,4,2,160,0.1813358529470861
8,4,4,2,170,0.1926388000138104
8,4,4,2,180,0.20374165615066886
8,4,4,2,190,0.21605469100177288
8,4,4,2,200,0.22708834894001484
8,4,4,2,210,0.23903161101043224
8,4,4,2,220,0.24946586275473237
8,4,4,2,230,0.2611167184077203
8,4,4,2,240,0.2728674211539328
8,4,4,2,250,0.28445827728137374
8,4,4,2,260,0.2949391189031303
8,4,4,2,270,0.30713540501892567
8,4,4,2,280,0.3171344781294465
8,4,4,2,290,0.3296329570002854
8,4,4,2,300,0.34020244190469384
8,4,4,2,310,0.3518519620411098
8,4,4,2,320,0.36353282583877444
8,4,4,2,330,0.37487734109163284
8,4,4,2,340,0.3844388648867607
8,4,4,2,350,0.3971373033709824
8,4,4,2,360,0.4076370298862457
8,4,4,2,370,0.42003727331757545
8,4,4,2,380,0.4301462802104652
8,4,4,2,390,0.4414884550496936
8,4,4,2,400,0.4519444019533694
8,4,4,2,410,0.4648993778973818
8,4,4,2,420,0.47515499917790294
8,4,4,2,430,0.4869201900437474
8,4,4,2,440,0.4968842454254627
8,4,4,2,450,0.508246036246419
8,4,4,2,460,0.5206774743273854
8,4,4,2,470,0.5335732824169099
8,4,4,2,480,0.5444074850529432
8,4,4,2,490,0.5561889302916825
8,4,4,2,500,0.5662279278039932
8,4,4,2,510,0.5784319578669965
8,4,4,2,520,0.5882540768943727
8,4,4,2,530,0.6016810247674584
8,4,4,2,540,0.6110274181701243
8,4,4,2,550,0.6238073520362377
8,4,4,2,560,0.6367588583379984
8,4,4,2,570,0.6463571819476783
8,4,4,2,580,0.6577470288611948
8,4,4,2,590,0.6696765879169106
8,4,6,1,20,0.02299464400857687
8,4,6,1,30,0.034212942235171795
8,4,6,1,40,0.04569919500499964
8,4,6,1,50,0.057301747146993876
8,4,6,1,60,0.06869334960356355
8,4,6,1,70,0.08068441320210695
8,4,6,1,80,0.09180290158838034
8,4,6,1,90,0.10316306911408901
8,4,6,1,100,0.1142294299788773
8,4,6,1,110,0.1262778015807271
8,4,6,1,120,0.137872485909611
8,4,6,1,130,0.14913133904337883
8,4,6,1,140,0.16056753788143396
8,4,6,1,150,0.17222941806539893
8,4,6,1,160,0.18319373205304146
8,4,6,1,170,0.19515544828027487
8,4,6,1,180,0.20678625907748938
8,4,6,1,190,0.2175684073008597
8,4,6,1,200,0.22943976800888777
8,4,6,1,210,0.24106588307768106
8,4,6,1,220,0.25207742070779204
8,4,6,1,230,0.26370599307119846
8,4,6,1,240,0.27454772079363465
8,4,6,1,250,0.2868285863660276
8,4,6,1,260,0.2997195729985833
8,4,6,1,270,0.3081376953050494
8,4,6,1,280,0.31737938802689314
8,4,6,1,290,0.330187794752419
8,4,6,1,300,0.34094819938763976
8,4,6,1,310,0.35266102105379105
8,4,6,1,320,0.36378167383372784
8,4,6,1,330,0.3752582031302154
8,4,6,1,340,0.38629832211881876
8,4,6,1,350,0.3985507860779762
8,4,6,1,360,0.40925587620586157
8,4,6,1,370,0.42109943786635995
8,4,6,1,380,0.4343640310689807
8,4,6,1,390,0.4462142735719681
8,4,6,1,400,0.4568193219602108
8,4,6,1,410,0.46781944995746017
8,4,6,1,420,0.4800937599502504
8,4,6,1,430,0.49090577801689506
8,4,6,1,440,0.5019695549272001
8,4,6,1,450,0.5141312549822032
8,4,6,1,460,0.5258866739459336
8,4,6,1,470,0.5366784166544676
8,4,6,1,480,0.5536423060111701
8,4,6,1,490,0.5602145553566515
8,4,6,1,500,0.5709929089061916
8,4,6,1,510,0.5837377435527742
8,4,6,1,520,0.5941913463175297
8,4,6,1,530,0.6068867291323841
8,4,6,1,540,0.6165635529905558
8,4,6,1,550,0.628253058064729
8,4,6,1,560,0.6403336822986603
8,4,6,1,570,0.6521519268862903
8,4,6,1,580,0.6620993968099356
8,4,6,1,590,0.6747956182807684
8,4,6,2,20,0.022755621001124382
8,4,6,2,30,0.034117210656404495
8,4,6,2,40,0.0455207540653646
8,4,6,2,50,0.056947399862110615
8,4,6,2,60,0.06824437389150262
8,4,6,2,70,0.0794293018989265
8,4,6,2,80,0.09096205979585648
8,4,6,2,90,0.1026367861777544
8,4,6,2,100,0.1136237271130085
8,4,6,2,110,0.12460668990388513
8,4,6,2,120,0.135726906824857
8,4,6,2,130,0.1477780411951244
8,4,6,2,140,0.15873281098902225
8,4,6,2,150,0.17034941585734487
8,4,6,2,160,0.18184637371450663
8,4,6,2,170,0.1938365767709911
8,4,6,2,180,0.20482093561440706
8,4,6,2,190,0.21624719770625234
8,4,6,2,200,0.22693605115637183
8,4,6,2,210,0.23872789414599538
8,4,6,2,220,0.24969808664172888
8,4,6,2,230,0.2617370169609785
8,4,6,2,240,0.2721168203279376
8,4,6,2,250,0.2840022030286491
8,4,6,2,260,0.29497364815324545
8,4,6,2,270,0.30758587224408984
8,4,6,2,280,0.3185308859683573
8,4,6,2,290,0.33056615199893713
8,4,6,2,300,0.3400285318493843
8,4,6,2,310,0.35383422626182437
8,4,6,2,320,0.36394374212250113
8,4,6,2,330,0.3763190619647503
8,4,6,2,340,0.38633074006065726
8,4,6,2,350,0.39838124392554164
8,4,6,2,360,0.4086613436229527
8,4,6,2,370,0.42196571081876755
8,4,6,2,380,0.4328132877126336
8,4,6,2,390,0.4432655447162688
8,4,6,2,400,0.45572102116420865
8,4,6,2,410,0.4672253499738872
8,4,6,2,420,0.47782535571604967
8,4,6,2,430,0.4899202319793403
8,4,6,2,440,0.5009970627725124
8,4,6,2,450,0.5128446347080171
8,4,6,2,460,0.523332183714956
8,4,6,2,470,0.5368963521905243
8,4,6,2,480,0.5435192422010005
8,4,6,2,490,0.5578053840436041
8,4,6,2,500,0.571397524792701
8,4,6,2,510,0.5814023921266198
8,4,6,2,520,0.5913762180134654
8,4,6,2,530,0.6031764708459377
8,4,6,2,540,0.6135859587229788
8,4,6,2,550,0.6251505459658802
8,4,6,2,560,0.6368596460670233
8,4,6,2,570,0.6480901641771197
8,4,6,2,580,0.7154860040172935
8,4,6,2,590,0.6729015246964991
8,4,8,1,20,0.023382600862532854
8,4,8,1,30,0.03494764491915703
8,4,8,1,40,0.0465067308396101
8,4,8,1,50,0.058287221007049084
8,4,8,1,60,0.06965730665251613
8,4,8,1,70,0.08153213514015079
8,4,8,1,80,0.09274921007454395
8,4,8,1,90,0.10477187810465693
8,4,8,1,100,0.11625394830480218
8,4,8,1,110,0.1280128820799291
8,4,8,1,120,0.1396251949481666
8,4,8,1,130,0.15110466303303838
8,4,8,1,140,0.16242197807878256
8,4,8,1,150,0.1738984021358192
8,4,8,1,160,0.18604194605723023
8,4,8,1,170,0.19792399974539876
8,4,8,1,180,0.20881345914676785
8,4,8,1,190,0.22015290521085262
8,4,8,1,200,0.23189969779923558
8,4,8,1,210,0.2433552392758429
8,4,8,1,220,0.25508521078154445
8,4,8,1,230,0.2668623891659081
8,4,8,1,240,0.2782008941285312
8,4,8,1,250,0.2903414103202522
8,4,8,1,260,0.30196688789874315
8,4,8,1,270,0.3133629560470581
8,4,8,1,280,0.3244166960939765
8,4,8,1,290,0.33674487890675664
8,4,8,1,300,0.3481057621538639
8,4,8,1,310,0.3599832784384489
8,4,8,1,320,0.37123539997264743
8,4,8,1,330,0.3828537459485233
8,4,8,1,340,0.39380067586898804
8,4,8,1,350,0.4070069217123091
8,4,8,1,360,0.41790040396153927
8,4,8,1,370,0.42971744993701577
8,4,8,1,380,0.44081648206338286
8,4,8,1,390,0.4523795386776328
8,4,8,1,400,0.4629616807214916
8,4,8,1,410,0.47544917603954673
8,4,8,1,420,0.48674951307475567
8,4,8,1,430,0.4993181908503175
8,4,8,1,440,0.5096496199257672
8,4,8,1,450,0.5219177142716944
8,4,8,1,460,0.5340373539365828
8,4,8,1,470,0.5449557802639902
8,4,8,1,480,0.5542470728978515
8,4,8,1,490,0.5687612849287689
8,4,8,1,500,0.5790157890878618
8,4,8,1,510,0.5903196567669511
8,4,8,1,520,0.6015119007788599
8,4,8,1,530,0.6150355958379805
8,4,8,1,540,0.6250820099376142
8,4,8,1,550,0.6368177938275039
8,4,8,1,560,0.6484633828513324
8,4,8,1,570,0.6596040921285748
8,4,8,1,580,0.669403690379113
8,4,8,1,590,0.6834397758357227
8,4,8,2,20,0.022824760992079973
8,4,8,2,30,0.034447114914655685
8,4,8,2,40,0.04590452928096056
8,4,8,2,50,0.05741692101582885
8,4,8,2,60,0.06920860195532441
8,4,8,2,70,0.08031282899901271
8,4,8,2,80,0.09184365021064878
8,4,8,2,90,0.10328356781974435
8,4,8,2,100,0.11533790780231357
8,4,8,2,110,0.12682381318882108
8,4,8,2,120,0.13800171297043562
8,4,8,2,130,0.14924010075628757
8,4,8,2,140,0.1609202129766345
8,4,8,2,150,0.17252844898030162
8,4,8,2,160,0.1837929980829358
8,4,8,2,170,0.19556877808645368
8,4,8,2,180,0.20593387400731444
8,4,8,2,190,0.21909960079938173
8,4,8,2,200,0.2292766310274601
8,4,8,2,210,0.2415584558621049
8,4,8,2,220,0.2513870419934392
8,4,8,2,230,0.26348458183929324
8,4,8,2,240,0.2746340651065111
8,4,8,2,250,0.28744368674233556
8,4,8,2,260,0.3529340489767492
8,4,8,2,270,0.3096416131593287
8,4,8,2,280,0.3205721783451736
8,4,8,2,290,0.3313125390559435
8,4,8,2,300,0.3431038036942482
8,4,8,2,310,0.35541377356275916
8,4,8,2,320,0.36614344688132405
8,4,8,2,330,0.3781770677305758
8,4,8,2,340,0.38953494373708963
8,4,8,2,350,0.40253943111747503
8,4,8,2,360,0.41302640922367573
8,4,8,2,370,0.42449005227535963
8,4,8,2,380,0.436431264039129
8,4,8,2,390,0.44801794784143567
8,4,8,2,400,0.4604624011553824
8,4,8,2,410,0.4705977509729564
8,4,8,2,420,0.48151142708957195
8,4,8,2,430,0.49333686009049416
8,4,8,2,440,0.503931560087949
8,4,8,2,450,0.5164716001600027
8,4,8,2,460,0.5279991617426276
8,4,8,2,470,0.5411272430792451
8,4,8,2,480,0.5502854618243873
8,4,8,2,490,0.561422199010849
8,4,8,2,500,0.571715007070452
8,4,8,2,510,0.5845103459432721
8,4,8,2,520,0.5963380429893732
8,4,8,2,530,0.6083448743447661
8,4,8,2,540,0.6189241060055792
8,4,8,2,550,0.6323757860809565
8,4,8,2,560,0.6431805989705026
8,4,8,2,570,0.6555237672291696
8,4,8,2,580,0.6651084618642926
8,4,8,2,590,0.6773033356294036
8,4,10,1,20,0.024361502844840288
8,4,10,1,30,0.036479552276432514
8,4,10,1,40,0.04852759465575218
8,4,10,1,50,0.06084744678810239
8,4,10,1,60,0.07299019768834114
8,4,10,1,70,0.08547068107873201
8,4,10,1,80,0.0966973532922566
8,4,10,1,90,0.10906740324571729
8,4,10,1,100,0.12147576780989766
8,4,10,1,110,0.13315687514841557
8,4,10,1,120,0.1452792827039957
8,4,10,1,130,0.15768270893022418
8,4,10,1,140,0.17006133776158094
8,4,10,1,150,0.18203996773809195
8,4,10,1,160,0.19338521687313914
8,4,10,1,170,0.2054632310755551
8,4,10,1,180,0.21704868879169226
8,4,10,1,190,0.22935648262500763
8,4,10,1,200,0.24153722077608109
8,4,10,1,210,0.253829516004771
8,4,10,1,220,0.26594267366454005
8,4,10,1,230,0.27809487422928214
8,4,10,1,240,0.2902710218913853
8,4,10,1,250,0.301759724970907
8,4,10,1,260,0.3137446749024093
8,4,10,1,270,0.3256852747872472
8,4,10,1,280,0.3367879628203809
8,4,10,1,290,0.34992562886327505
8,4,10,1,300,0.36078131990507245
8,4,10,1,310,0.371670126914978
8,4,10,1,320,0.3847019011154771
8,4,10,1,330,0.3991683586500585
8,4,10,1,340,0.41298497188836336
8,4,10,1,350,0.42402711184695363
8,4,10,1,360,0.4368874430656433
8,4,10,1,370,0.44852171326056123
8,4,10,1,380,0.4598929132334888
8,4,10,1,390,0.4722313731908798
8,4,10,1,400,0.48397185606881976
8,4,10,1,410,0.4957024846225977
8,4,10,1,420,0.5059617753140628
8,4,10,1,430,0.5191389620304108
8,4,10,1,440,0.5303589617833495
8,4,10,1,450,0.5438036257401109
8,4,10,1,460,0.555673758033663
8,4,10,1,470,0.5686790570616722
8,4,10,1,480,0.5800555697642267
8,4,10,1,490,0.593130077701062
8,4,10,1,500,0.6031164429150522
8,4,10,1,510,0.6160294250585139
8,4,10,1,520,0.6248749131336808
8,4,10,1,530,0.6387328207492828
8,4,10,1,540,0.6500617288984358
8,4,10,1,550,0.7163698230870068
8,4,10,1,560,0.6728487159125507
8,4,10,1,570,0.6872342489659786
8,4,10,1,580,0.6968668238259852
8,4,10,1,590,0.7104810797609389
8,4,10,2,20,0.023501927964389324
8,4,10,2,30,0.035401086788624525
8,4,10,2,40,0.046843210235238075
8,4,10,2,50,0.05877636605873704
8,4,10,2,60,0.07029996206983924
8,4,10,2,70,0.08223577914759517
8,4,10,2,80,0.09370619617402554
8,4,10,2,90,0.10563329281285405
8,4,10,2,100,0.11704666074365377
8,4,10,2,110,0.12901808926835656
8,4,10,2,120,0.1407455839216709
8,4,10,2,130,0.15256048599258065
8,4,10,2,140,0.16548574483022094
8,4,10,2,150,0.17569439206272364
8,4,10,2,160,0.18748203106224537
8,4,10,2,170,0.19957456504926085
8,4,10,2,180,0.21124342503026128
8,4,10,2,190,0.22300444496795535
8,4,10,2,200,0.23451917385682464
8,4,10,2,210,0.24663507379591465
8,4,10,2,220,0.2581422720104456
8,4,10,2,230,0.26962682604789734
8,4,10,2,240,0.28023470006883144
8,4,10,2,250,0.2930640219710767
8,4,10,2,260,0.30422799987718463
8,4,10,2,270,0.31579858902841806
8,4,10,2,280,0.3273844546638429
8,4,10,2,290,0.3386755338869989
8,4,10,2,300,0.35044826613739133
8,4,10,2,310,0.3625713558867574
8,4,10,2,320,0.37290136236697435
8,4,10,2,330,0.38674408569931984
8,4,10,2,340,0.3977229269221425
8,4,10,2,350,0.40998892579227686
8,4,10,2,360,0.4204505947418511
8,4,10,2,370,0.4326410130597651
8,4,10,2,380,0.44459217321127653
8,4,10,2,390,0.4563678679987788
8,4,10,2,400,0.46665089996531606
8,4,10,2,410,0.47837612498551607
8,4,10,2,420,0.49081033281981945
8,4,10,2,430,0.5040588220581412
8,4,10,2,440,0.5146167571656406
8,4,10,2,450,0.527208108920604
8,4,10,2,460,0.5368626806885004
8,4,10,2,470,0.551626430824399
8,4,10,2,480,0.5616569006815553
8,4,10,2,490,0.5751191349700093
8,4,10,2,500,0.5852415999397635
8,4,10,2,510,0.5973381670191884
8,4,10,2,520,0.6069178259931505
8,4,10,2,530,0.6193795371800661
8,4,10,2,540,0.6308528068475425
8,4,10,2,550,0.6451249700039625
8,4,10,2,560,0.6554391388781369
8,4,10,2,570,0.6674739667214453
8,4,10,2,580,0.69102913280949
8,4,10,2,590,0.6930891340598464
8,4,12,1,20,0.0277321538887918
8,4,12,1,30,0.04115470498800278
8,4,12,1,40,0.05451775202527642
8,4,12,1,50,0.06803127517923713
8,4,12,1,60,0.08160102274268866
8,4,12,1,70,0.0955323176458478
8,4,12,1,80,0.10873644333332777
8,4,12,1,90,0.1221325108781457
8,4,12,1,100,0.13530900422483683
8,4,12,1,110,0.1496199439279735
8,4,12,1,120,0.1631795782595873
8,4,12,1,130,0.17643556790426373
8,4,12,1,140,0.1893602730706334
8,4,12,1,150,0.20285726385191083
8,4,12,1,160,0.21599892573431134
8,4,12,1,170,0.23207368701696396
8,4,12,1,180,0.24404466338455677
8,4,12,1,190,0.2580809104256332
8,4,12,1,200,0.31729878997430205
8,4,12,1,210,0.2832574648782611
8,4,12,1,220,0.29553156392648816
8,4,12,1,230,0.3094662199728191
8,4,12,1,240,0.32303106505423784
8,4,12,1,250,0.336181100923568
8,4,12,1,260,0.3503327751532197
8,4,12,1,270,0.36312345089390874
8,4,12,1,280,0.3756177546456456
8,4,12,1,290,0.38901609275490046
8,4,12,1,300,0.40203467197716236
8,4,12,1,310,0.4157775789499283
8,4,12,1,320,0.4310072469525039
8,4,12,1,330,0.443634201772511
8,4,12,1,340,0.4556044293567538
8,4,12,1,350,0.4693485968746245
8,4,12,1,360,0.4828421608544886
8,4,12,1,370,0.4967256900854409
8,4,12,1,380,0.5105957249179482
8,4,12,1,390,0.524428250733763
8,4,12,1,400,0.5363927553407848
8,4,12,1,410,0.5508933593519032
8,4,12,1,420,0.5640154723078012
8,4,12,1,430,0.576553559396416
8,4,12,1,440,0.5899805319495499
8,4,12,1,450,0.6034891000017524
8,4,12,1,460,0.6153823202475905
8,4,12,1,470,0.6335248439572752
8,4,12,1,480,0.6412739367224276
8,4,12,1,490,0.6571109569631517
8,4,12,1,500,0.6685912632383406
8,4,12,1,510,0.6819137167185545
8,4,12,1,520,0.7084857714362442
8,4,12,1,530,0.7075980841182172
8,4,12,1,540,0.7196072810329497
8,4,12,1,550,0.735204721800983
8,4,12,1,560,0.7460152222774923
8,4,12,1,570,0.7592037282884121
8,4,12,1,580,0.7740294761024415
8,4,12,1,590,0.7889973330311477
8,4,12,2,20,0.024930313229560852
8,4,12,2,30,0.037781513296067715
8,4,12,2,40,0.050566805992275476
8,4,12,2,50,0.0625301101244986
8,4,12,2,60,0.07483321707695723
8,4,12,2,70,0.08708603261038661
8,4,12,2,80,0.09921361226588488
8,4,12,2,90,0.11213118582963943
8,4,12,2,100,0.12437451025471091
8,4,12,2,110,0.13688290817663074
8,4,12,2,120,0.14912437228485942
8,4,12,2,130,0.1621502391062677
8,4,12,2,140,0.17332102078944445
8,4,12,2,150,0.18639034312218428
8,4,12,2,160,0.1979825310409069
8,4,12,2,170,0.21155211236327887
8,4,12,2,180,0.22306035412475467
8,4,12,2,190,0.23586701089516282
8,4,12,2,200,0.2469598213210702
8,4,12,2,210,0.26033383375033736
8,4,12,2,220,0.2726619243621826
8,4,12,2,230,0.2848565583117306
8,4,12,2,240,0.2975404867902398
8,4,12,2,250,0.308917426969856
8,4,12,2,260,0.3214820590801537
8,4,12,2,270,0.3339421022683382
8,4,12,2,280,0.34585287189111114
8,4,12,2,290,0.3590980488806963
8,4,12,2,300,0.3713685949333012
8,4,12,2,310,0.38335637003183365
8,4,12,2,320,0.396189343649894
8,4,12,2,330,0.40829634480178356
8,4,12,2,340,0.4202775261364877
8,4,12,2,350,0.4326797486282885
8,4,12,2,360,0.44415122317150235
8,4,12,2,370,0.4572820207104087
8,4,12,2,380,0.47046622494235635
8,4,12,2,390,0.4830618309788406
8,4,12,2,400,0.49472958222031593
8,4,12,2,410,0.5080090803094208
8,4,12,2,420,0.5186009649187326
8,4,12,2,430,0.530836574267596
8,4,12,2,440,0.5438361880369484
8,4,12,2,450,0.5575269097462296
8,4,12,2,460,0.5682932212948799
8,4,12,2,470,0.5811516758985817
8,4,12,2,480,0.5931536774151027
8,4,12,2,490,0.6085978960618377
8,4,12,2,500,0.6152328620664775
8,4,12,2,510,0.6285759229212999
8,4,12,2,520,0.6425734111107886
8,4,12,2,530,0.655916309915483
8,4,12,2,540,0.667732389178127
8,4,12,2,550,0.6808071471750736
8,4,12,2,560,0.6909814029932022
8,4,12,2,570,0.7038963381201029
8,4,12,2,580,0.7159034698270261
8,4,12,2,590,0.728553372900933
9,2,2,1,20,0.022417725063860416
9,2,2,1,30,0.03395609464496374
9,2,2,1,40,0.04503294359892607
9,2,2,1,50,0.05631147278472781
9,2,2,1,60,0.06747420271858573
9,2,2,1,70,0.0786268818192184
9,2,2,1,80,0.09016048396006227
9,2,2,1,90,0.10109395487233996
9,2,2,1,100,0.1122784479521215
9,2,2,1,110,0.12375052692368627
9,2,2,1,120,0.13465660391375422
9,2,2,1,130,0.14619837095960975
9,2,2,1,140,0.1574746468104422
9,2,2,1,150,0.16888092970475554
9,2,2,1,160,0.1799285989254713
9,2,2,1,170,0.19198754709213972
9,2,2,1,180,0.20269495621323586
9,2,2,1,190,0.21409549517557025
9,2,2,1,200,0.22544950665906072
9,2,2,1,210,0.2367142611183226
9,2,2,1,220,0.24764677975326777
9,2,2,1,230,0.2589122229255736
9,2,2,1,240,0.26943356078118086
9,2,2,1,250,0.2812404637224972
9,2,2,1,260,0.29364583594724536
9,2,2,1,270,0.30372453993186355
9,2,2,1,280,0.3157398537732661
9,2,2,1,290,0.32707790890708566
9,2,2,1,300,0.3373191929422319
9,2,2,1,310,0.3500192458741367
9,2,2,1,320,0.3601914392784238
9,2,2,1,330,0.3727433760650456
9,2,2,1,340,0.3834660882130265
9,2,2,1,350,0.39552614791318774
9,2,2,1,360,0.40510335797443986
9,2,2,1,370,0.41791732609272003
9,2,2,1,380,0.4287101598456502
9,2,2,1,390,0.43895286973565817
9,2,2,1,400,0.45114494394510984
9,2,2,1,410,0.4621442770585418
9,2,2,1,420,0.47269868198782206
9,2,2,1,430,0.484963143710047
9,2,2,1,440,0.4958112509921193
9,2,2,1,450,0.5058735539205372
9,2,2,1,460,0.5178670049645007
9,2,2,1,470,0.5291221817024052
9,2,2,1,480,0.5415872652083635
9,2,2,1,490,0.552158182952553
9,2,2,1,500,0.5646140621975064
9,2,2,1,510,0.5750290602445602
9,2,2,1,520,0.5872068512253463
9,2,2,1,530,0.6013516527600586
9,2,2,1,540,0.6094358619302511
9,2,2,1,550,0.6215363098308444
9,2,2,1,560,0.6326615479774773
9,2,2,1,570,0.6455308268778026
9,2,2,1,580,0.6571453451178968
9,2,2,1,590,0.6677766279317439
9,2,2,2,20,0.02265529101714492
9,2,2,2,30,0.033906109631061554
9,2,2,2,40,0.04525359068065882
9,2,2,2,50,0.056491322349756956
9,2,2,2,60,0.06781386910006404
9,2,2,2,70,0.07921947725117207
9,2,2,2,80,0.0906836879439652
9,2,2,2,90,0.10133030964061618
9,2,2,2,100,0.11306907329708338
9,2,2,2,110,0.12420906173065305
9,2,2,2,120,0.1357245109975338
9,2,2,2,130,0.146912292111665
9,2,2,2,140,0.15847231028601527
9,2,2,2,150,0.1698741177096963
9,2,2,2,160,0.18086389871314168
9,2,2,2,170,0.1921989624388516
9,2,2,2,180,0.20358137600123882
9,2,2,2,190,0.21459366101771593
9,2,2,2,200,0.22578501794487238
9,2,2,2,210,0.2374828620813787
9,2,2,2,220,0.24811845319345593
9,2,2,2,230,0.25997577514499426
9,2,2,2,240,0.2706138170324266
9,2,2,2,250,0.2829270679503679
9,2,2,2,260,0.29335659788921475
9,2,2,2,270,0.30539679480716586
9,2,2,2,280,0.316288850735873
9,2,2,2,290,0.3279495951719582
9,2,2,2,300,0.3376509170047939
9,2,2,2,310,0.3504991978406906
9,2,2,2,320,0.36161734722554684
9,2,2,2,330,0.37375407200306654
9,2,2,2,340,0.38380545284599066
9,2,2,2,350,0.396484084893018
9,2,2,2,360,0.40614908235147595
9,2,2,2,370,0.41830112459138036
9,2,2,2,380,0.4300679857842624
9,2,2,2,390,0.44134823977947235
9,2,2,2,400,0.4530191393569112
9,2,2,2,410,0.46369178080931306
9,2,2,2,420,0.4740314460359514
9,2,2,2,430,0.48486737441271544
9,2,2,2,440,0.4957159566693008
9,2,2,2,450,0.5090803168714046
9,2,2,2,460,0.5198776191100478
9,2,2,2,470,0.5300614922307432
9,2,2,2,480,0.5429231920279562
9,2,2,2,490,0.5546555281616747
9,2,2,2,500,0.5650254469364882
9,2,2,2,510,0.5781341041438282
9,2,2,2,520,0.586515512317419
9,2,2,2,530,0.5987564139068127
9,2,2,2,540,0.6088357251137495
9,2,2,2,550,0.6225683386437595
9,2,2,2,560,0.633263282943517
9,2,2,2,570,0.6459086271934211
9,2,2,2,580,0.6568230418488383
9,2,2,2,590,0.6677132397890091
9,2,4,1,20,0.022481739055365324
9,2,4,1,30,0.03390719089657068
9,2,4,1,40,0.04516151174902916
9,2,4,1,50,0.05657500401139259
9,2,4,1,60,0.0679194899275899
9,2,4,1,70,0.07921505998820066
9,2,4,1,80,0.09033518796786666
9,2,4,1,90,0.10192291112616658
9,2,4,1,100,0.11285485699772835
9,2,4,1,110,0.12445325311273336
9,2,4,1,120,0.13490966381505132
9,2,4,1,130,0.14701129589229822
9,2,4,1,140,0.15817086910828948
9,2,4,1,150,0.1700587929226458
9,2,4,1,160,0.1810160386376083
9,2,4,1,170,0.19260163186118007
9,2,4,1,180,0.2040552468970418
9,2,4,1,190,0.21503443317487836
9,2,4,1,200,0.22639302490279078
9,2,4,1,210,0.23775882320478559
9,2,4,1,220,0.2487536440603435
9,2,4,1,230,0.2611011993139982
9,2,4,1,240,0.2707773228175938
9,2,4,1,250,0.283165886066854
9,2,4,1,260,0.2943006372079253
9,2,4,1,270,0.305924064014107
9,2,4,1,280,0.31537655275315046
9,2,4,1,290,0.32779515301808715
9,2,4,1,300,0.3389559341594577
9,2,4,1,310,0.35121716605499387
9,2,4,1,320,0.36237052641808987
9,2,4,1,330,0.3740790206938982
9,2,4,1,340,0.3846375369466841
9,2,4,1,350,0.39629362104460597
9,2,4,1,360,0.40759694296866655
9,2,4,1,370,0.41985648963600397
9,2,4,1,380,0.4293621010147035
9,2,4,1,390,0.4407607293687761
9,2,4,1,400,0.4518692512065172
9,2,4,1,410,0.4647053061053157
9,2,4,1,420,0.47475457889959216
9,2,4,1,430,0.4862172449938953
9,2,4,1,440,0.49598836014047265
9,2,4,1,450,0.5091940928250551
9,2,4,1,460,0.519282422028482
9,2,4,1,470,0.5317632188089192
9,2,4,1,480,0.5423757159151137
9,2,4,1,490,0.5525557077489793
9,2,4,1,500,0.56244648527354
9,2,4,1,510,0.57943767728284
9,2,4,1,520,0.5880582621321082
9,2,4,1,530,0.600077488925308
9,2,4,1,540,0.610374681185931
9,2,4,1,550,0.6217727311886847
9,2,4,1,560,0.63243607012555
9,2,4,1,570,0.6454054969362915
9,2,4,1,580,0.6547006922774017
9,2,4,1,590,0.6656462508253753
9,2,4,2,20,0.022748813964426517
9,2,4,2,30,0.03410392580553889
9,2,4,2,40,0.045184839982539415
9,2,4,2,50,0.056584540754556656
9,2,4,2,60,0.06760246492922306
9,2,4,2,70,0.0793266799300909
9,2,4,2,80,0.09064810816198587
9,2,4,2,90,0.10178178362548351
9,2,4,2,100,0.11313379323109984
9,2,4,2,110,0.12418909696862102
9,2,4,2,120,0.13563249772414565
9,2,4,2,130,0.14738515112549067
9,2,4,2,140,0.15860427729785442
9,2,4,2,150,0.1695967330597341
9,2,4,2,160,0.18065650900825858
9,2,4,2,170,0.19219199800863862
9,2,4,2,180,0.20345112960785627
9,2,4,2,190,0.21522855293005705
9,2,4,2,200,0.2264672238379717
9,2,4,2,210,0.23726806696504354
9,2,4,2,220,0.24881341587752104
9,2,4,2,230,0.2597802421078086
9,2,4,2,240,0.2714105867780745
9,2,4,2,250,0.28299330500885844
9,2,4,2,260,0.2936339029110968
9,2,4,2,270,0.30565318930894136
9,2,4,2,280,0.3164915172383189
9,2,4,2,290,0.3284880896098912
9,2,4,2,300,0.3387883370742202
9,2,4,2,310,0.3520850851200521
9,2,4,2,320,0.3612343557178974
9,2,4,2,330,0.37330532213672996
9,2,4,2,340,0.38384585827589035
9,2,4,2,350,0.3958448111079633
9,2,4,2,360,0.40649435203522444
9,2,4,2,370,0.4183089751750231
9,2,4,2,380,0.42790281493216753
9,2,4,2,390,0.44112400570884347
9,2,4,2,400,0.4513956690207124
9,2,4,2,410,0.4626339301466942
9,2,4,2,420,0.47344256518408656
9,2,4,2,430,0.4852341818623245
9,2,4,2,440,0.49610079219564795
9,2,4,2,450,0.5083819651044905
9,2,4,2,460,0.5203111311420798
9,2,4,2,470,0.5322338254190981
9,2,4,2,480,0.541351140011102
9,2,4,2,490,0.5532222371548414
9,2,4,2,500,0.5659930817782879
9,2,4,2,510,0.5760306692682207
9,2,4,2,520,0.5874516819603741
9,2,4,2,530,0.5976928728632629
9,2,4,2,540,0.6072409958578646
9,2,4,2,550,0.6197769092395902
9,2,4,2,560,0.63143894309178
9,2,4,2,570,0.6437456700950861
9,2,4,2,580,0.6549725197255611
9,2,4,2,590,0.6667108708061278
9,2,6,1,20,0.022586185950785875
9,2,6,1,30,0.03420696593821049
9,2,6,1,40,0.04543726006522775
9,2,6,1,50,0.056544176768511534
9,2,6,1,60,0.06784471543505788
9,2,6,1,70,0.07899479381740093
9,2,6,1,80,0.09016521321609616
9,2,6,1,90,0.10196840204298496
9,2,6,1,100,0.11322112008929253
9,2,6,1,110,0.12451003538444638
9,2,6,1,120,0.13560718297958374
9,2,6,1,130,0.14692688966169953
9,2,6,1,140,0.1582332202233374
9,2,6,1,150,0.16969663789495826
9,2,6,1,160,0.18105145310983062
9,2,6,1,170,0.19271614402532578
9,2,6,1,180,0.20370583701878786
9,2,6,1,190,0.21503337286412716
9,2,6,1,200,0.2258477327413857
9,2,6,1,210,0.23809349304065108
9,2,6,1,220,0.24947683792561293
9,2,6,1,230,0.2604084541089833
9,2,6,1,240,0.2712116837501526
9,2,6,1,250,0.28307381784543395
9,2,6,1,260,0.2935485518537462
9,2,6,1,270,0.30531193502247334
9,2,6,1,280,0.3169150580652058
9,2,6,1,290,0.32823500595986843
9,2,6,1,300,0.33947500213980675
9,2,6,1,310,0.350104209035635
9,2,6,1,320,0.36253588600084186
9,2,6,1,330,0.37414650712162256
9,2,6,1,340,0.3845001347362995
9,2,6,1,350,0.3957833908498287
9,2,6,1,360,0.40686729410663247
9,2,6,1,370,0.41770484996959567
9,2,6,1,380,0.4287674152292311
9,2,6,1,390,0.4413258950226009
9,2,6,1,400,0.4526209179311991
9,2,6,1,410,0.4643112109042704
9,2,6,1,420,0.47493683313950896
9,2,6,1,430,0.4861872801557183
9,2,6,1,440,0.4970558602362871
9,2,6,1,450,0.5095912599936128
9,2,6,1,460,0.519450870808214
9,2,6,1,470,0.5298212212510407
9,2,6,1,480,0.5416883239522576
9,2,6,1,490,0.5530141890048981
9,2,6,1,500,0.5657697557471693
9,2,6,1,510,0.5771849039010704
9,2,6,1,520,0.5873250928707421
9,2,6,1,530,0.599880647379905
9,2,6,1,540,0.6100572231225669
9,2,6,1,550,0.6233376557938755
9,2,6,1,560,0.6326926359906793
9,2,6,1,570,0.6445882269181311
9,2,6,1,580,0.6562156048603356
9,2,6,1,590,0.6668351548723876
9,2,6,2,20,0.022666835226118565
9,2,6,2,30,0.03416986111551523
9,2,6,2,40,0.045260201673954725
9,2,6,2,50,0.05649011814966798
9,2,6,2,60,0.06787959206849337
9,2,6,2,70,0.07914767693728209
9,2,6,2,80,0.09041367704048753
9,2,6,2,90,0.10141150513663888
9,2,6,2,100,0.11273207003250718
9,2,6,2,110,0.12461863504722714
9,2,6,2,120,0.13558278139680624
9,2,6,2,130,0.14697976876050234
9,2,6,2,140,0.15866605192422867
9,2,6,2,150,0.16944383503869176
9,2,6,2,160,0.18111481703817844
9,2,6,2,170,0.19289824785664678
9,2,6,2,180,0.20330752804875374
9,2,6,2,190,0.215393525082618
9,2,6,2,200,0.22588764876127243
9,2,6,2,210,0.23756794538348913
9,2,6,2,220,0.24821434076875448
9,2,6,2,230,0.2605066141113639
9,2,6,2,240,0.27123404713347554
9,2,6,2,250,0.28261356009170413
9,2,6,2,260,0.2934944471344352
9,2,6,2,270,0.30509541602805257
9,2,6,2,280,0.3166667823679745
9,2,6,2,290,0.3283584089949727
9,2,6,2,300,0.34028845466673374
9,2,6,2,310,0.3508287030272186
9,2,6,2,320,0.3612548243254423
9,2,6,2,330,0.37404042901471257
9,2,6,2,340,0.3843982773832977
9,2,6,2,350,0.3962439983151853
9,2,6,2,360,0.40658299485221505
9,2,6,2,370,0.41969668213278055
9,2,6,2,380,0.42961717396974564
9,2,6,2,390,0.4400757751427591
9,2,6,2,400,0.453172710724175
9,2,6,2,410,0.464723892044276
9,2,6,2,420,0.475206792820245
9,2,6,2,430,0.4869419620372355
9,2,6,2,440,0.4977588769979775
9,2,6,2,450,0.5097437389194965
9,2,6,2,460,0.5199399259872735
9,2,6,2,470,0.5315521778538823
9,2,6,2,480,0.5422311550937593
9,2,6,2,490,0.5532208541408181
9,2,6,2,500,0.5639187227934599
9,2,6,2,510,0.5780272562988102
9,2,6,2,520,0.587992437183857
9,2,6,2,530,0.6002845396287739
9,2,6,2,540,0.6112529900856316
9,2,6,2,550,0.6234449381008744
9,2,6,2,560,0.6340107060968876
9,2,6,2,570,0.6445953352376819
9,2,6,2,580,0.6543770930729806
9,2,6,2,590,0.6674849637784064
9,2,8,1,20,0.02251523407176137
9,2,8,1,30,0.034089528024196625
9,2,8,1,40,0.045485961716622114
9,2,8,1,50,0.05651886807754636
9,2,8,1,60,0.06770378910005093
9,2,8,1,70,0.07940568635240197
9,2,8,1,80,0.09009748417884111
9,2,8,1,90,0.10166844818741083
9,2,8,1,100,0.11325431987643242
9,2,8,1,110,0.12460164399817586
9,2,8,1,120,0.13635952211916447
9,2,8,1,130,0.14739568205550313
9,2,8,1,140,0.15810889611020684
9,2,8,1,150,0.16959579614922404
9,2,8,1,160,0.18115223571658134
9,2,8,1,170,0.19348165625706315
9,2,8,1,180,0.2036125441081822
9,2,8,1,190,0.21577536594122648
9,2,8,1,200,0.22654352011159062
9,2,8,1,210,0.23759460682049394
9,2,8,1,220,0.24892827169969678
9,2,8,1,230,0.2604302470572293
9,2,8,1,240,0.27138132927939296
9,2,8,1,250,0.2835105452686548
9,2,8,1,260,0.2943716966547072
9,2,8,1,270,0.3050579917617142
9,2,8,1,280,0.31647489173337817
9,2,8,1,290,0.32835623761639
9,2,8,1,300,0.33922954089939594
9,2,8,1,310,0.35141692124307156
9,2,8,1,320,0.3623649668879807
9,2,8,1,330,0.37365890480577946
9,2,8,1,340,0.38560101203620434
9,2,8,1,350,0.39642276195809245
9,2,8,1,360,0.40739962831139565
9,2,8,1,370,0.41898811096325517
9,2,8,1,380,0.4300988963805139
9,2,8,1,390,0.4416803568601608
9,2,8,1,400,0.45301359379664063
9,2,8,1,410,0.4651752458885312
9,2,8,1,420,0.4753610580228269
9,2,8,1,430,0.48794953478500247
9,2,8,1,440,0.4977532187476754
9,2,8,1,450,0.5089474646374583
9,2,8,1,460,0.5212005074135959
9,2,8,1,470,0.5327442619018257
9,2,8,1,480,0.5434071407653391
9,2,8,1,490,0.554363314062357
9,2,8,1,500,0.5650120163336396
9,2,8,1,510,0.5773141668178141
9,2,8,1,520,0.588815847877413
9,2,8,1,530,0.6009751609526575
9,2,8,1,540,0.6110904552042484
9,2,8,1,550,0.6236790590919554
9,2,8,1,560,0.6345065617933869
9,2,8,1,570,0.645688584074378
9,2,8,1,580,0.6573573518544436
9,2,8,1,590,0.6701971171423793
9,2,8,2,20,0.02275908086448908
9,2,8,2,30,0.03419066593050957
9,2,8,2,40,0.04538886994123459
9,2,8,2,50,0.056596798822283745
9,2,8,2,60,0.06809807429090142
9,2,8,2,70,0.07934451103210449
9,2,8,2,80,0.09042109688743949
9,2,8,2,90,0.10218088002875447
9,2,8,2,100,0.1131220581009984
9,2,8,2,110,0.12465628376230597
9,2,8,2,120,0.13608129601925611
9,2,8,2,130,0.14804558781906962
9,2,8,2,140,0.15870215697214007
9,2,8,2,150,0.17005236819386482
9,2,8,2,160,0.18114949762821198
9,2,8,2,170,0.19227568805217743
9,2,8,2,180,0.20397816877812147
9,2,8,2,190,0.2156642060726881
9,2,8,2,200,0.22619025176391006
9,2,8,2,210,0.2382285720668733
9,2,8,2,220,0.2495447271503508
9,2,8,2,230,0.2608902635984123
9,2,8,2,240,0.27194558270275593
9,2,8,2,250,0.28267482202500105
9,2,8,2,260,0.29440970020368695
9,2,8,2,270,0.3053670790977776
9,2,8,2,280,0.3158377059735358
9,2,8,2,290,0.3286618744023144
9,2,8,2,300,0.3401095038279891
9,2,8,2,310,0.35088544385507703
9,2,8,2,320,0.3628858854062855
9,2,8,2,330,0.3750182413496077
9,2,8,2,340,0.3843254176899791
9,2,8,2,350,0.39685933105647564
9,2,8,2,360,0.4063330562785268
9,2,8,2,370,0.41947079775854945
9,2,8,2,380,0.4297746168449521
9,2,8,2,390,0.4414994507096708
9,2,8,2,400,0.45322065288200974
9,2,8,2,410,0.4647090588696301
9,2,8,2,420,0.4761061850003898
9,2,8,2,430,0.4878721050918102
9,2,8,2,440,0.49949216190725565
9,2,8,2,450,0.511269096750766
9,2,8,2,460,0.5208085728809237
9,2,8,2,470,0.5334305190481246
9,2,8,2,480,0.5442983042448759
9,2,8,2,490,0.555613033939153
9,2,8,2,500,0.5664835586212575
9,2,8,2,510,0.5804885379038751
9,2,8,2,520,0.5878394767642021
9,2,8,2,530,0.6015431201085448
9,2,8,2,540,0.6113483929075301
9,2,8,2,550,0.624049331061542
9,2,8,2,560,0.6330400281585753
9,2,8,2,570,0.6464888229966164
9,2,8,2,580,0.6587500241585076
9,2,8,2,590,0.6711096810176969
9,2,10,1,20,0.022926720790565014
9,2,10,1,30,0.03437796887010336
9,2,10,1,40,0.04570191912353039
9,2,10,1,50,0.05697588995099068
9,2,10,1,60,0.06825602008029819
9,2,10,1,70,0.07978839613497257
9,2,10,1,80,0.09096687892451882
9,2,10,1,90,0.1023446130566299
9,2,10,1,100,0.11365914903581142
9,2,10,1,110,0.1256300676614046
9,2,10,1,120,0.13640515506267548
9,2,10,1,130,0.14767364785075188
9,2,10,1,140,0.15876519307494164
9,2,10,1,150,0.17078818287700415
9,2,10,1,160,0.1814501122571528
9,2,10,1,170,0.19312553014606237
9,2,10,1,180,0.2046987870708108
9,2,10,1,190,0.2160147842951119
9,2,10,1,200,0.2273142938502133
9,2,10,1,210,0.23972991527989507
9,2,10,1,220,0.2502804766409099
9,2,10,1,230,0.2617827248759568
9,2,10,1,240,0.2731374795548618
9,2,10,1,250,0.2842327328398824
9,2,10,1,260,0.29463420528918505
9,2,10,1,270,0.3069977671839297
9,2,10,1,280,0.31809922493994236
9,2,10,1,290,0.32879706425592303
9,2,10,1,300,0.3404391366057098
9,2,10,1,310,0.35226423712447286
9,2,10,1,320,0.3636618801392615
9,2,10,1,330,0.374737064819783
9,2,10,1,340,0.38622971996665
9,2,10,1,350,0.3980855452828109
9,2,10,1,360,0.4080812791362405
9,2,10,1,370,0.42034081695601344
9,2,10,1,380,0.43132159393280745
9,2,10,1,390,0.4440466230735183
9,2,10,1,400,0.4547533951699734
9,2,10,1,410,0.4723755121231079
9,2,10,1,420,0.47610428696498275
9,2,10,1,430,0.4884217558428645
9,2,10,1,440,0.5008901278488338
9,2,10,1,450,0.5128375641070306
9,2,10,1,460,0.522869479842484
9,2,10,1,470,0.5329336952418089
9,2,10,1,480,0.5442200172692537
9,2,10,1,490,0.5562128191813827
9,2,10,1,500,0.5676840431988239
9,2,10,1,510,0.5810732911340892
9,2,10,1,520,0.5898950807750225
9,2,10,1,530,0.6031564609147608
9,2,10,1,540,0.6138771479018033
9,2,10,1,550,0.6248504230752587
9,2,10,1,560,0.6365749929100275
9,2,10,1,570,0.6492569101974368
9,2,10,1,580,0.6586779840290546
9,2,10,1,590,0.6663191146217287
9,2,10,2,20,0.022640696726739407
9,2,10,2,30,0.033959412947297096
9,2,10,2,40,0.04505033977329731
9,2,10,2,50,0.056484602857381105
9,2,10,2,60,0.06776176020503044
9,2,10,2,70,0.07880505593493581
9,2,10,2,80,0.0902127050794661
9,2,10,2,90,0.10143505409359932
9,2,10,2,100,0.1129256458953023
9,2,10,2,110,0.1242830422706902
9,2,10,2,120,0.13509085308760405
9,2,10,2,130,0.14723575813695788
9,2,10,2,140,0.15868854895234108
9,2,10,2,150,0.17032903293147683
9,2,10,2,160,0.18185980897396803
9,2,10,2,170,0.19323566602542996
9,2,10,2,180,0.2039904808625579
9,2,10,2,190,0.21563925500959158
9,2,10,2,200,0.22697475226595998
9,2,10,2,210,0.23830778105184436
9,2,10,2,220,0.24932904401794076
9,2,10,2,230,0.26056861504912376
9,2,10,2,240,0.27163430815562606
9,2,10,2,250,0.28397963801398873
9,2,10,2,260,0.2947812182828784
9,2,10,2,270,0.30636948021128774
9,2,10,2,280,0.31764460913836956
9,2,10,2,290,0.3291043406352401
9,2,10,2,300,0.33992470894008875
9,2,10,2,310,0.35163755994290113
9,2,10,2,320,0.3636755789630115
9,2,10,2,330,0.37456559389829636
9,2,10,2,340,0.3851850382052362
9,2,10,2,350,0.39686669036746025
9,2,10,2,360,0.40739916916936636
9,2,10,2,370,0.4195452216081321
9,2,10,2,380,0.43071460723876953
9,2,10,2,390,0.44047887483611703
9,2,10,2,400,0.45286583714187145
9,2,10,2,410,0.4639025330543518
9,2,10,2,420,0.4757448718883097
9,2,10,2,430,0.4881944847293198
9,2,10,2,440,0.5002185720950365
9,2,10,2,450,0.5117490589618683
9,2,10,2,460,0.5231702770106494
9,2,10,2,470,0.5365482186898589
9,2,10,2,480,0.5472041526809335
9,2,10,2,490,0.5616682497784495
9,2,10,2,500,0.5695291780866683
9,2,10,2,510,0.5799188436940312
9,2,10,2,520,0.5927401017397642
9,2,10,2,530,0.6032826071605086
9,2,10,2,540,0.6146547151729465
9,2,10,2,550,0.6269521210342646
9,2,10,2,560,0.6358907679095864
9,2,10,2,570,0.6492791161872447
9,2,10,2,580,0.6606024163775146
9,2,10,2,590,0.6723634428344667
9,2,12,1,20,0.02305418299511075
9,2,12,1,30,0.0345684471540153
9,2,12,1,40,0.045952364802360535
9,2,12,1,50,0.0576464026235044
9,2,12,1,60,0.06908279890194535
9,2,12,1,70,0.08090122975409031
9,2,12,1,80,0.09262128872796893
9,2,12,1,90,0.10399377485737205
9,2,12,1,100,0.11532767210155725
9,2,12,1,110,0.1272672568447888
9,2,12,1,120,0.13804666930809617
9,2,12,1,130,0.149553207680583
9,2,12,1,140,0.16153422789648175
9,2,12,1,150,0.17340063396841288
9,2,12,1,160,0.18477954110130668
9,2,12,1,170,0.19650592794641852
9,2,12,1,180,0.20686784200370312
9,2,12,1,190,0.2186200930736959
9,2,12,1,200,0.23013583617284894
9,2,12,1,210,0.2422577841207385
9,2,12,1,220,0.2531069298274815
9,2,12,1,230,0.265423018950969
9,2,12,1,240,0.27648544823750854
9,2,12,1,250,0.2884692079387605
9,2,12,1,260,0.3003023760393262
9,2,12,1,270,0.3109164978377521
9,2,12,1,280,0.3220490626990795
9,2,12,1,290,0.33297760877758265
9,2,12,1,300,0.34458624524995685
9,2,12,1,310,0.3568123336881399
9,2,12,1,320,0.36808625096455216
9,2,12,1,330,0.3796912720426917
9,2,12,1,340,0.38951740274205804
9,2,12,1,350,0.4038293291814625
9,2,12,1,360,0.4134712377563119
9,2,12,1,370,0.4253023210912943
9,2,12,1,380,0.4362922231666744
9,2,12,1,390,0.4473705510608852
9,2,12,1,400,0.45861223014071584
9,2,12,1,410,0.47140691289678216
9,2,12,1,420,0.48197689978405833
9,2,12,1,430,0.49223058205097914
9,2,12,1,440,0.5065870191901922
9,2,12,1,450,0.5158937680535018
9,2,12,1,460,0.5258533023297787
9,2,12,1,470,0.5406795311719179
9,2,12,1,480,0.5511163021437824
9,2,12,1,490,0.5629962799139321
9,2,12,1,500,0.5733765689656138
9,2,12,1,510,0.5850920067168772
9,2,12,1,520,0.596383994910866
9,2,12,1,530,0.6104633519425988
9,2,12,1,540,0.619217845145613
9,2,12,1,550,0.6322231572121382
9,2,12,1,560,0.6442011939361691
9,2,12,1,570,0.6565886200405657
9,2,12,1,580,0.6662629419006407
9,2,12,1,590,0.6774459439329803
9,2,12,2,20,0.023039016872644424
9,2,12,2,30,0.03457971289753914
9,2,12,2,40,0.04596053110435605
9,2,12,2,50,0.05778648005798459
9,2,12,2,60,0.06916436413303018
9,2,12,2,70,0.08094012504443526
9,2,12,2,80,0.09221979975700378
9,2,12,2,90,0.10415107989683747
9,2,12,2,100,0.11562258284538984
9,2,12,2,110,0.1267999680712819
9,2,12,2,120,0.13778156973421574
9,2,12,2,130,0.15018470911309123
9,2,12,2,140,0.16088612703606486
9,2,12,2,150,0.17301843268796802
9,2,12,2,160,0.1840088563039899
9,2,12,2,170,0.19602711219340563
9,2,12,2,180,0.2076183371245861
9,2,12,2,190,0.21893558790907264
9,2,12,2,200,0.2299772324040532
9,2,12,2,210,0.2421006839722395
9,2,12,2,220,0.2532768901437521
9,2,12,2,230,0.2656226512044668
9,2,12,2,240,0.275698013138026
9,2,12,2,250,0.28755786875262856
9,2,12,2,260,0.29886460583657026
9,2,12,2,270,0.31026871409267187
9,2,12,2,280,0.3210353828035295
9,2,12,2,290,0.3337256358936429
9,2,12,2,300,0.3447257550433278
9,2,12,2,310,0.357143372297287
9,2,12,2,320,0.3673552619293332
9,2,12,2,330,0.3796894629485905
9,2,12,2,340,0.38994317408651114
9,2,12,2,350,0.40253365878015757
9,2,12,2,360,0.4122000406496227
9,2,12,2,370,0.4240083177573979
9,2,12,2,380,0.43489608634263277
9,2,12,2,390,0.4476039344444871
9,2,12,2,400,0.45858053397387266
9,2,12,2,410,0.46972752921283245
9,2,12,2,420,0.48144927667453885
9,2,12,2,430,0.4932799763046205
9,2,12,2,440,0.504800068680197
9,2,12,2,450,0.5170739209279418
9,2,12,2,460,0.5276173739694059
9,2,12,2,470,0.5393922529183328
9,2,12,2,480,0.5500140050426126
9,2,12,2,490,0.5635833749547601
9,2,12,2,500,0.5735089471563697
9,2,12,2,510,0.5854350849986076
9,2,12,2,520,0.5964520047418773
9,2,12,2,530,0.6087192590348423
9,2,12,2,540,0.6193130048923194
9,2,12,2,550,0.6314410688355565
9,2,12,2,560,0.6430490617640316
9,2,12,2,570,0.6547043919563293
9,2,12,2,580,0.6650183759629726
9,2,12,2,590,0.6785072321072221
9,3,2,1,20,0.022765483241528273
9,3,2,1,30,0.03403715370222926
9,3,2,1,40,0.045402455143630505
9,3,2,1,50,0.056699713226407766
9,3,2,1,60,0.06819339515641332
9,3,2,1,70,0.07950893975794315
9,3,2,1,80,0.0910037737339735
9,3,2,1,90,0.10280612902715802
9,3,2,1,100,0.11368330661207438
9,3,2,1,110,0.12431407999247313
9,3,2,1,120,0.13576492527499795
9,3,2,1,130,0.14687540521845222
9,3,2,1,140,0.15827477676793933
9,3,2,1,150,0.16984063014388084
9,3,2,1,160,0.1812190399505198
9,3,2,1,170,0.19209646433591843
9,3,2,1,180,0.20321890013292432
9,3,2,1,190,0.2154032327234745
9,3,2,1,200,0.22666846308857203
9,3,2,1,210,0.23754672706127167
9,3,2,1,220,0.24841007217764854
9,3,2,1,230,0.26051669707521796
9,3,2,1,240,0.2714916751720011
9,3,2,1,250,0.28339881682768464
9,3,2,1,260,0.29457417968660593
9,3,2,1,270,0.3056918838992715
9,3,2,1,280,0.3166168970055878
9,3,2,1,290,0.32745142187923193
9,3,2,1,300,0.33884403575211763
9,3,2,1,310,0.3503169729374349
9,3,2,1,320,0.361114501953125
9,3,2,1,330,0.3729669828899205
9,3,2,1,340,0.3833309360779822
9,3,2,1,350,0.3947529261931777
9,3,2,1,360,0.40632023895159364
9,3,2,1,370,0.41913917288184166
9,3,2,1,380,0.4285669419914484
9,3,2,1,390,0.44115976290777326
9,3,2,1,400,0.4529111119918525
9,3,2,1,410,0.462269801646471
9,3,2,1,420,0.47550494968891144
9,3,2,1,430,0.48701902804896235
9,3,2,1,440,0.5006259619258344
9,3,2,1,450,0.5098442528396845
9,3,2,1,460,0.5201502833515406
9,3,2,1,470,0.5328849786892533
9,3,2,1,480,0.542742189951241
9,3,2,1,490,0.5549523858353496
9,3,2,1,500,0.5653001251630485
9,3,2,1,510,0.5756605309434235
9,3,2,1,520,0.5874715191312134
9,3,2,1,530,0.5983108417131007
9,3,2,1,540,0.6083892239257693
9,3,2,1,550,0.6195799713023007
9,3,2,1,560,0.6324340966530144
9,3,2,1,570,0.6443359749391675
9,3,2,1,580,0.6552149769850075
9,3,2,1,590,0.6669663991779089
9,3,2,2,20,0.022523314226418734
9,3,2,2,30,0.03397927386686206
9,3,2,2,40,0.04528146609663963
9,3,2,2,50,0.056560283061116934
9,3,2,2,60,0.06761907134205103
9,3,2,2,70,0.07967302203178406
9,3,2,2,80,0.09073953330516815
9,3,2,2,90,0.10177080519497395
9,3,2,2,100,0.11326794000342488
9,3,2,2,110,0.1248828899115324
9,3,2,2,120,0.13619267707690597
9,3,2,2,130,0.1472980659455061
9,3,2,2,140,0.15851054806262255
9,3,2,2,150,0.17063776310533285
9,3,2,2,160,0.18117051618173718
9,3,2,2,170,0.19265331141650677
9,3,2,2,180,0.20372732589021325
9,3,2,2,190,0.2147494051605463
9,3,2,2,200,0.2261159778572619
9,3,2,2,210,0.23762174788862467
9,3,2,2,220,0.24844965618103743
9,3,2,2,230,0.2605557469651103
9,3,2,2,240,0.27106950897723436
9,3,2,2,250,0.28269622195512056
9,3,2,2,260,0.2939183539710939
9,3,2,2,270,0.30495850602164865
9,3,2,2,280,0.3161735930480063
9,3,2,2,290,0.3272078111767769
9,3,2,2,300,0.3381466190330684
9,3,2,2,310,0.35178107814863324
9,3,2,2,320,0.3603831944055855
9,3,2,2,330,0.3729818407446146
9,3,2,2,340,0.3837818061001599
9,3,2,2,350,0.3960656323470175
9,3,2,2,360,0.4060857268050313
9,3,2,2,370,0.4171025361865759
9,3,2,2,380,0.4289183719083667
9,3,2,2,390,0.44111374393105507
9,3,2,2,400,0.45098158111795783
9,3,2,2,410,0.46308346604928374
9,3,2,2,420,0.47361825220286846
9,3,2,2,430,0.48528927518054843
9,3,2,2,440,0.4964023749344051
9,3,2,2,450,0.5077133700251579
9,3,2,2,460,0.5175725319422781
9,3,2,2,470,0.5308555592782795
9,3,2,2,480,0.5417130249552429
9,3,2,2,490,0.55388372996822
9,3,2,2,500,0.5657993131317198
9,3,2,2,510,0.5752949630841613
9,3,2,2,520,0.5866820556111634
9,3,2,2,530,0.600474473554641
9,3,2,2,540,0.6105278278701007
9,3,2,2,550,0.6229303502477705
9,3,2,2,560,0.6327176131308079
9,3,2,2,570,0.6442787279374897
9,3,2,2,580,0.6546620782464743
9,3,2,2,590,0.667277614120394
9,3,4,1,20,0.02264571888372302
9,3,4,1,30,0.03394878329709172
9,3,4,1,40,0.04535414092242718
9,3,4,1,50,0.056874859146773815
9,3,4,1,60,0.0680016870610416
9,3,4,1,70,0.07926926808431745
9,3,4,1,80,0.09076252300292253
9,3,4,1,90,0.10198763711377978
9,3,4,1,100,0.11299318680539727
9,3,4,1,110,0.12464017886668444
9,3,4,1,120,0.13546795723959804
9,3,4,1,130,0.14724629977717996
9,3,4,1,140,0.1583741707727313
9,3,4,1,150,0.17008628230541945
9,3,4,1,160,0.18110472289845347
9,3,4,1,170,0.19271465903148055
9,3,4,1,180,0.2037421460263431
9,3,4,1,190,0.21539870230481029
9,3,4,1,200,0.22663731686770916
9,3,4,1,210,0.23796630697324872
9,3,4,1,220,0.2490046489983797
9,3,4,1,230,0.2614057557657361
9,3,4,1,240,0.271243984811008
9,3,4,1,250,0.28282159427180886
9,3,4,1,260,0.2935470128431916
9,3,4,1,270,0.3060835530050099
9,3,4,1,280,0.3165583899244666
9,3,4,1,290,0.3295913636684418
9,3,4,1,300,0.3388592218980193
9,3,4,1,310,0.3513798820786178
9,3,4,1,320,0.3606739342212677
9,3,4,1,330,0.37310120929032564
9,3,4,1,340,0.38460549619048834
9,3,4,1,350,0.396613460034132
9,3,4,1,360,0.4065868752077222
9,3,4,1,370,0.41912097996100783
9,3,4,1,380,0.42939712293446064
9,3,4,1,390,0.4424234228208661
9,3,4,1,400,0.45363349467515945
9,3,4,1,410,0.4647594499401748
9,3,4,1,420,0.4768474940210581
9,3,4,1,430,0.4870258620940149
9,3,4,1,440,0.4989798399619758
9,3,4,1,450,0.5103661306202412
9,3,4,1,460,0.5195391438901424
9,3,4,1,470,0.5315996380522847
9,3,4,1,480,0.5412396676838398
9,3,4,1,490,0.5550901140086353
9,3,4,1,500,0.5643785367719829
9,3,4,1,510,0.5775240361690521
9,3,4,1,520,0.5882855402305722
9,3,4,1,530,0.6013281811028719
9,3,4,1,540,0.6111996518447995
9,3,4,1,550,0.6214005858637393
9,3,4,1,560,0.6332187890075147
9,3,4,1,570,0.6450507589615881
9,3,4,1,580,0.6547370012849569
9,3,4,1,590,0.6682792990468442
9,3,4,2,20,0.02255074679851532
9,3,4,2,30,0.03395221382379532
9,3,4,2,40,0.045189155265688896
9,3,4,2,50,0.05655269417911768
9,3,4,2,60,0.06800244329497218
9,3,4,2,70,0.079284125007689
9,3,4,2,80,0.09048062888905406
9,3,4,2,90,0.10195275908336043
9,3,4,2,100,0.11319699604064226
9,3,4,2,110,0.12506001628935337
9,3,4,2,120,0.13590863393619657
9,3,4,2,130,0.14748753979802132
9,3,4,2,140,0.15809419797733426
9,3,4,2,150,0.16994410520419478
9,3,4,2,160,0.1807855973020196
9,3,4,2,170,0.19240369368344545
9,3,4,2,180,0.2034463258460164
9,3,4,2,190,0.21619935799390078
9,3,4,2,200,0.22659017611294985
9,3,4,2,210,0.2378706461749971
9,3,4,2,220,0.2490263651125133
9,3,4,2,230,0.260144492611289
9,3,4,2,240,0.2707897019572556
9,3,4,2,250,0.2836028770543635
9,3,4,2,260,0.29334554029628634
9,3,4,2,270,0.30530495289713144
9,3,4,2,280,0.3168243672698736
9,3,4,2,290,0.32826163386926055
9,3,4,2,300,0.33793912502005696
9,3,4,2,310,0.3507251017726958
9,3,4,2,320,0.3608126142062247
9,3,4,2,330,0.3731506550684571
9,3,4,2,340,0.38457051990553737
9,3,4,2,350,0.39474766980856657
9,3,4,2,360,0.4063356528058648
9,3,4,2,370,0.41920382902026176
9,3,4,2,380,0.4296034169383347
9,3,4,2,390,0.4402828477323055
9,3,4,2,400,0.4502962063997984
9,3,4,2,410,0.4622260117903352
9,3,4,2,420,0.4739634399302304
9,3,4,2,430,0.48753800289705396
9,3,4,2,440,0.4973612311296165
9,3,4,2,450,0.5099661010317504
9,3,4,2,460,0.5206477413885295
9,3,4,2,470,0.5323954191990197
9,3,4,2,480,0.5431527108885348
9,3,4,2,490,0.5548071889206767
9,3,4,2,500,0.5654285349883139
9,3,4,2,510,0.5770523799583316
9,3,4,2,520,0.5871739680878818
9,3,4,2,530,0.598359206225723
9,3,4,2,540,0.610306610353291
9,3,4,2,550,0.6223262893036008
9,3,4,2,560,0.6337958560325205
9,3,4,2,570,0.6423959750682116
9,3,4,2,580,0.6546639949083328
9,3,4,2,590,0.6671081748791039
9,3,6,1,20,0.022591351997107267
9,3,6,1,30,0.03391630528494716
9,3,6,1,40,0.04520894214510918
9,3,6,1,50,0.05652635591104627
9,3,6,1,60,0.0680899671278894
9,3,6,1,70,0.07966811582446098
9,3,6,1,80,0.09024167992174625
9,3,6,1,90,0.10183908697217703
9,3,6,1,100,0.11321391118690372
9,3,6,1,110,0.1245890730060637
9,3,6,1,120,0.13553746277466416
9,3,6,1,130,0.14733946090564132
9,3,6,1,140,0.15820267098024487
9,3,6,1,150,0.16950185596942902
9,3,6,1,160,0.18066068785265088
9,3,6,1,170,0.19212633138522506
9,3,6,1,180,0.203779190313071
9,3,6,1,190,0.21544217318296432
9,3,6,1,200,0.22641676291823387
9,3,6,1,210,0.23703341279178858
9,3,6,1,220,0.24889946496114135
9,3,6,1,230,0.25987855391576886
9,3,6,1,240,0.27130192471668124
9,3,6,1,250,0.2822311967611313
9,3,6,1,260,0.2941091819666326
9,3,6,1,270,0.3055452723056078
9,3,6,1,280,0.31631756806746125
9,3,6,1,290,0.3288039253093302
9,3,6,1,300,0.3390896748751402
9,3,6,1,310,0.34976827818900347
9,3,6,1,320,0.36159698013216257
9,3,6,1,330,0.3734845840372145
9,3,6,1,340,0.38509040977805853
9,3,6,1,350,0.39552252972498536
9,3,6,1,360,0.4056708770804107
9,3,6,1,370,0.41632687114179134
9,3,6,1,380,0.42789042461663485
9,3,6,1,390,0.4405105821788311
9,3,6,1,400,0.45096329087391496
9,3,6,1,410,0.4633891871199012
9,3,6,1,420,0.47394478786736727
9,3,6,1,430,0.4842101177200675
9,3,6,1,440,0.49572714418172836
9,3,6,1,450,0.5094830775633454
9,3,6,1,460,0.5195576888509095
9,3,6,1,470,0.5305748390965164
9,3,6,1,480,0.5411373702809215
9,3,6,1,490,0.5532098459079862
9,3,6,1,500,0.5640177079476416
9,3,6,1,510,0.5749073759652674
9,3,6,1,520,0.5860659666359425
9,3,6,1,530,0.599753201007843
9,3,6,1,540,0.6110886740498245
9,3,6,1,550,0.623231106903404
9,3,6,1,560,0.63240258814767
9,3,6,1,570,0.6445946749299765
9,3,6,1,580,0.654432802926749
9,3,6,1,590,0.6675526010803878
9,3,6,2,20,0.022607063874602318
9,3,6,2,30,0.034051583148539066
9,3,6,2,40,0.04559199884533882
9,3,6,2,50,0.056924814358353615
9,3,6,2,60,0.06813758332282305
9,3,6,2,70,0.07947230711579323
9,3,6,2,80,0.09100628178566694
9,3,6,2,90,0.10194684006273746
9,3,6,2,100,0.11267518484964967
9,3,6,2,110,0.12469005724415183
9,3,6,2,120,0.13577321404591203
9,3,6,2,130,0.14736308995634317
9,3,6,2,140,0.15818743221461773
9,3,6,2,150,0.16962281102314591
9,3,6,2,160,0.18098044442012906
9,3,6,2,170,0.1919944128021598
9,3,6,2,180,0.20358720561489463
9,3,6,2,190,0.21480552479624748
9,3,6,2,200,0.22577370097860694
9,3,6,2,210,0.23822613805532455
9,3,6,2,220,0.24801827082410455
9,3,6,2,230,0.2603022591210902
9,3,6,2,240,0.27041255217045546
9,3,6,2,250,0.2825674838386476
9,3,6,2,260,0.29445407213643193
9,3,6,2,270,0.305826255120337
9,3,6,2,280,0.3172796471044421
9,3,6,2,290,0.3285704548470676
9,3,6,2,300,0.33945764089003205
9,3,6,2,310,0.35074413288384676
9,3,6,2,320,0.3612341172993183
9,3,6,2,330,0.3729853527620435
9,3,6,2,340,0.38396194484084845
9,3,6,2,350,0.39593771332874894
9,3,6,2,360,0.4066468230448663
9,3,6,2,370,0.4195479438640177
9,3,6,2,380,0.42859813990071416
9,3,6,2,390,0.44024621695280075
9,3,6,2,400,0.45155364414677024
9,3,6,2,410,0.4654008629731834
9,3,6,2,420,0.47581319231539965
9,3,6,2,430,0.48804710106924176
9,3,6,2,440,0.4969491269439459
9,3,6,2,450,0.5094318580813706
9,3,6,2,460,0.5188634172081947
9,3,6,2,470,0.532778583932668
9,3,6,2,480,0.5429979898035526
9,3,6,2,490,0.5544236577115953
9,3,6,2,500,0.5659051979891956
9,3,6,2,510,0.577418603003025
9,3,6,2,520,0.5867025144398212
9,3,6,2,530,0.5993206254206598
9,3,6,2,540,0.6102669159881771
9,3,6,2,550,0.6230309098027647
9,3,6,2,560,0.6328030787408352
9,3,6,2,570,0.6451518260873854
9,3,6,2,580,0.6562232100404799
9,3,6,2,590,0.6686442559584975
9,3,8,1,20,0.02266077883541584
9,3,8,1,30,0.03399617411196232
9,3,8,1,40,0.04528206819668412
9,3,8,1,50,0.05651696398854256
9,3,8,1,60,0.0679053058847785
9,3,8,1,70,0.07938781380653381
9,3,8,1,80,0.09036719100549817
9,3,8,1,90,0.10179364681243896
9,3,8,1,100,0.1130974143743515
9,3,8,1,110,0.12469871900975704
9,3,8,1,120,0.13547375332564116
9,3,8,1,130,0.14736727997660637
9,3,8,1,140,0.15895810024812818
9,3,8,1,150,0.17003149492666125
9,3,8,1,160,0.18157991068437696
9,3,8,1,170,0.1925822151824832
9,3,8,1,180,0.2040268126875162
9,3,8,1,190,0.21573196398094296
9,3,8,1,200,0.22679433599114418
9,3,8,1,210,0.2377025242894888
9,3,8,1,220,0.24863031366840005
9,3,8,1,230,0.2606527009047568
9,3,8,1,240,0.2719026352278888
9,3,8,1,250,0.28426115307956934
9,3,8,1,260,0.294836379121989
9,3,8,1,270,0.306065137963742
9,3,8,1,280,0.3161085029132664
9,3,8,1,290,0.32937334245070815
9,3,8,1,300,0.33992898324504495
9,3,8,1,310,0.3522248794324696
9,3,8,1,320,0.3633721238002181
9,3,8,1,330,0.3746118089184165
9,3,8,1,340,0.3847603611648083
9,3,8,1,350,0.3975299377925694
9,3,8,1,360,0.4082269291393459
9,3,8,1,370,0.4194561210460961
9,3,8,1,380,0.4305936489254236
9,3,8,1,390,0.443047977052629
9,3,8,1,400,0.4535008338280022
9,3,8,1,410,0.4647911321371794
9,3,8,1,420,0.4771751565858722
9,3,8,1,430,0.48798197507858276
9,3,8,1,440,0.49846060993149877
9,3,8,1,450,0.5096939182840288
9,3,8,1,460,0.5209698691032827
9,3,8,1,470,0.5342221050523221
9,3,8,1,480,0.5445527397096157
9,3,8,1,490,0.5562297846190631
9,3,8,1,500,0.5668869381770492
9,3,8,1,510,0.5788071020506322
9,3,8,1,520,0.58756880229339
9,3,8,1,530,0.6012585950084031
9,3,8,1,540,0.6100243362598121
9,3,8,1,550,0.6246292563155293
9,3,8,1,560,0.634812128264457
9,3,8,1,570,0.6448503099381924
9,3,8,1,580,0.6552753858268261
9,3,8,1,590,0.6690135677345097
9,3,8,2,20,0.022656297776848078
9,3,8,2,30,0.03404267318546772
9,3,8,2,40,0.045088490936905146
9,3,8,2,50,0.05640170909464359
9,3,8,2,60,0.0678611183539033
9,3,8,2,70,0.07930364040657878
9,3,8,2,80,0.09049153001978993
9,3,8,2,90,0.10225797398015857
9,3,8,2,100,0.11336109088733792
9,3,8,2,110,0.12474348302930593
9,3,8,2,120,0.13576239626854658
9,3,8,2,130,0.14774227421730757
9,3,8,2,140,0.15813043527305126
9,3,8,2,150,0.16971877589821815
9,3,8,2,160,0.1810257942415774
9,3,8,2,170,0.19241081597283483
9,3,8,2,180,0.2034206660464406
9,3,8,2,190,0.21470503974705935
9,3,8,2,200,0.22536954330280423
9,3,8,2,210,0.23750089341774583
9,3,8,2,220,0.24894316075369716
9,3,8,2,230,0.2604894950054586
9,3,8,2,240,0.271271541249007
9,3,8,2,250,0.2835164312273264
9,3,8,2,260,0.2945074331946671
9,3,8,2,270,0.30621424596756697
9,3,8,2,280,0.3174716657958925
9,3,8,2,290,0.32986176293343306
9,3,8,2,300,0.34104636684060097
9,3,8,2,310,0.35083026997745037
9,3,8,2,320,0.36421751976013184
9,3,8,2,330,0.37485716911032796
9,3,8,2,340,0.38558544870465994
9,3,8,2,350,0.3968908581882715
9,3,8,2,360,0.40759068727493286
9,3,8,2,370,0.4188287379220128
9,3,8,2,380,0.4288264620117843
9,3,8,2,390,0.44162066793069243
9,3,8,2,400,0.4536702441982925
9,3,8,2,410,0.4650405431166291
9,3,8,2,420,0.4752138229086995
9,3,8,2,430,0.4880048679187894
9,3,8,2,440,0.4985009175725281
9,3,8,2,450,0.5098705063574016
9,3,8,2,460,0.5214478601701558
9,3,8,2,470,0.5333431628532708
9,3,8,2,480,0.5437305420637131
9,3,8,2,490,0.5556093282066286
9,3,8,2,500,0.5664912210777402
9,3,8,2,510,0.5772293698973954
9,3,8,2,520,0.5886688232421875
9,3,8,2,530,0.5990468789823353
9,3,8,2,540,0.6117196772247553
9,3,8,2,550,0.6221806281246245
9,3,8,2,560,0.6344593251124024
9,3,8,2,570,0.6443350641056895
9,3,8,2,580,0.6549198650754988
9,3,8,2,590,0.6674380721524358
9,3,10,1,20,0.022678333800286055
9,3,10,1,30,0.03407798008993268
9,3,10,1,40,0.04524423787370324
9,3,10,1,50,0.05710318498313427
9,3,10,1,60,0.06844884110614657
9,3,10,1,70,0.07974406890571117
9,3,10,1,80,0.09135509468615055
9,3,10,1,90,0.10263672703877091
9,3,10,1,100,0.1134854955598712
9,3,10,1,110,0.12546891206875443
9,3,10,1,120,0.13613368989899755
9,3,10,1,130,0.14804716687649488
9,3,10,1,140,0.1586581189185381
9,3,10,1,150,0.1707860571332276
9,3,10,1,160,0.18114702589809895
9,3,10,1,170,0.19380830973386765
9,3,10,1,180,0.20385942002758384
9,3,10,1,190,0.21594551019370556
9,3,10,1,200,0.22777051012963057
9,3,10,1,210,0.23906222498044372
9,3,10,1,220,0.2499812482856214
9,3,10,1,230,0.2621797788888216
9,3,10,1,240,0.272306343074888
9,3,10,1,250,0.2848781580105424
9,3,10,1,260,0.2971941898576915
9,3,10,1,270,0.30718466406688094
9,3,10,1,280,0.31873824913054705
9,3,10,1,290,0.3293131240643561
9,3,10,1,300,0.34013278502970934
9,3,10,1,310,0.3523093010298908
9,3,10,1,320,0.3626783099025488
9,3,10,1,330,0.37435699719935656
9,3,10,1,340,0.3849544138647616
9,3,10,1,350,0.39923992799595
9,3,10,1,360,0.40807930612936616
9,3,10,1,370,0.42062099277973175
9,3,10,1,380,0.43152112420648336
9,3,10,1,390,0.4429767453111708
9,3,10,1,400,0.4549906076863408
9,3,10,1,410,0.4672876070253551
9,3,10,1,420,0.47682264214381576
9,3,10,1,430,0.48956929612904787
9,3,10,1,440,0.5011494760401547
9,3,10,1,450,0.5108126699924469
9,3,10,1,460,0.5205009900964797
9,3,10,1,470,0.5348636768758297
9,3,10,1,480,0.545518156606704
9,3,10,1,490,0.5567955328151584
9,3,10,1,500,0.5695312195457518
9,3,10,1,510,0.5810091970488429
9,3,10,1,520,0.5905463239178061
9,3,10,1,530,0.6045605610124767
9,3,10,1,540,0.6137061542831361
9,3,10,1,550,0.6266698739491403
9,3,10,1,560,0.6370455366559327
9,3,10,1,570,0.6491188514046371
9,3,10,1,580,0.6591835017316043
9,3,10,1,590,0.6704035489819944
9,3,10,2,20,0.0225566360168159
9,3,10,2,30,0.03382193995639682
9,3,10,2,40,0.04506633011624217
9,3,10,2,50,0.05681693507358432
9,3,10,2,60,0.0680498848669231
9,3,10,2,70,0.07990063074976206
9,3,10,2,80,0.09065526816993952
9,3,10,2,90,0.10250778496265411
9,3,10,2,100,0.11412761406973004
9,3,10,2,110,0.12524197110906243
9,3,10,2,120,0.13617025781422853
9,3,10,2,130,0.1476112836971879
9,3,10,2,140,0.15880652982741594
9,3,10,2,150,0.17057519732043147
9,3,10,2,160,0.1814048937521875
9,3,10,2,170,0.19311695219948888
9,3,10,2,180,0.20392571575939655
9,3,10,2,190,0.21567245991900563
9,3,10,2,200,0.2263538003899157
9,3,10,2,210,0.2388407839462161
9,3,10,2,220,0.2489841990172863
9,3,10,2,230,0.260894310194999
9,3,10,2,240,0.27198446681723
9,3,10,2,250,0.28371787210926414
9,3,10,2,260,0.2954851221293211
9,3,10,2,270,0.3066397337242961
9,3,10,2,280,0.316798712592572
9,3,10,2,290,0.32993022724986076
9,3,10,2,300,0.3401545789092779
9,3,10,2,310,0.35218224860727787
9,3,10,2,320,0.36284142173826694
9,3,10,2,330,0.37506796792149544
9,3,10,2,340,0.3860253859311342
9,3,10,2,350,0.3989218599162996
9,3,10,2,360,0.4100320558063686
9,3,10,2,370,0.4202727107331157
9,3,10,2,380,0.43105222983285785
9,3,10,2,390,0.44259737990796566
9,3,10,2,400,0.45486203394830227
9,3,10,2,410,0.46600989112630486
9,3,10,2,420,0.478134754113853
9,3,10,2,430,0.4894312690012157
9,3,10,2,440,0.4994124323129654
9,3,10,2,450,0.510461114346981
9,3,10,2,460,0.5224221730604768
9,3,10,2,470,0.5356682590208948
9,3,10,2,480,0.5455523650161922
9,3,10,2,490,0.5556309642270207
9,3,10,2,500,0.5680205542594194
9,3,10,2,510,0.5787246096879244
9,3,10,2,520,0.5918997740373015
9,3,10,2,530,0.6044226372614503
9,3,10,2,540,0.6135037448257208
9,3,10,2,550,0.625562687870115
9,3,10,2,560,0.6340435571037233
9,3,10,2,570,0.647208068985492
9,3,10,2,580,0.6601103818975389
9,3,10,2,590,0.6722383671440184
9,3,12,1,20,0.02301005693152547
9,3,12,1,30,0.03448032587766647
9,3,12,1,40,0.04562473064288497
9,3,12,1,50,0.05738436430692673
9,3,12,1,60,0.06905972259119153
9,3,12,1,70,0.08071299502626061
9,3,12,1,80,0.09210560284554958
9,3,12,1,90,0.10436581773683429
9,3,12,1,100,0.1152318618260324
9,3,12,1,110,0.1268943389877677
9,3,12,1,120,0.13815113110467792
9,3,12,1,130,0.14960577385500073
9,3,12,1,140,0.1609647418372333
9,3,12,1,150,0.17288048285990953
9,3,12,1,160,0.18384397123008966
9,3,12,1,170,0.19522303761914372
9,3,12,1,180,0.2067674519494176
9,3,12,1,190,0.21849853917956352
9,3,12,1,200,0.2306293067522347
9,3,12,1,210,0.24282170087099075
9,3,12,1,220,0.2533164583146572
9,3,12,1,230,0.26452712807804346
9,3,12,1,240,0.27635255502536893
9,3,12,1,250,0.28753901086747646
9,3,12,1,260,0.2984304199926555
9,3,12,1,270,0.31058103404939175
9,3,12,1,280,0.3205753988586366
9,3,12,1,290,0.33307481883093715
9,3,12,1,300,0.3439318290911615
9,3,12,1,310,0.35522663313895464
9,3,12,1,320,0.3672214630059898
9,3,12,1,330,0.37984022591263056
9,3,12,1,340,0.38899521669372916
9,3,12,1,350,0.4024198539555073
9,3,12,1,360,0.41222622571513057
9,3,12,1,370,0.42414813907817006
9,3,12,1,380,0.4362695412710309
9,3,12,1,390,0.4471170832403004
9,3,12,1,400,0.4587395340204239
9,3,12,1,410,0.470918295904994
9,3,12,1,420,0.48278417298570275
9,3,12,1,430,0.49501589266583323
9,3,12,1,440,0.5060217822901905
9,3,12,1,450,0.5170924440026283
9,3,12,1,460,0.5293966010212898
9,3,12,1,470,0.5413239919580519
9,3,12,1,480,0.5506112733855844
9,3,12,1,490,0.5617494489997625
9,3,12,1,500,0.5752946208231151
9,3,12,1,510,0.5887128412723541
9,3,12,1,520,0.6004230021499097
9,3,12,1,530,0.610810755752027
9,3,12,1,540,0.6231491090729833
9,3,12,1,550,0.6344083971343935
9,3,12,1,560,0.6455576559528708
9,3,12,1,570,0.6575154452584684
9,3,12,1,580,0.6693912851624191
9,3,12,1,590,0.6796218031086028
9,3,12,2,20,0.02307382831349969
9,3,12,2,30,0.03452160209417343
9,3,12,2,40,0.04589054686948657
9,3,12,2,50,0.058068253099918365
9,3,12,2,60,0.06933748116716743
9,3,12,2,70,0.08109109895303845
9,3,12,2,80,0.0930084059946239
9,3,12,2,90,0.10447059897705913
9,3,12,2,100,0.11548788473010063
9,3,12,2,110,0.1269296989776194
9,3,12,2,120,0.13840464316308498
9,3,12,2,130,0.1501616407185793
9,3,12,2,140,0.16208564536646008
9,3,12,2,150,0.17348455265164375
9,3,12,2,160,0.1847472437657416
9,3,12,2,170,0.19623697130009532
9,3,12,2,180,0.2077822256833315
9,3,12,2,190,0.21895990427583456
9,3,12,2,200,0.23016224894672632
9,3,12,2,210,0.24165088776499033
9,3,12,2,220,0.25256412802264094
9,3,12,2,230,0.26456277165561914
9,3,12,2,240,0.275563373696059
9,3,12,2,250,0.28774033999070525
9,3,12,2,260,0.2998155360110104
9,3,12,2,270,0.3104710830375552
9,3,12,2,280,0.3208678071387112
9,3,12,2,290,0.3335587899200618
9,3,12,2,300,0.34463460417464375
9,3,12,2,310,0.35663035698235035
9,3,12,2,320,0.3671033186838031
9,3,12,2,330,0.3799292570911348
9,3,12,2,340,0.38999191066250205
9,3,12,2,350,0.401974281296134
9,3,12,2,360,0.4130554781295359
9,3,12,2,370,0.4245246360078454
9,3,12,2,380,0.43603545101359487
9,3,12,2,390,0.44806221686303616
9,3,12,2,400,0.4577501160092652
9,3,12,2,410,0.4713111096061766
9,3,12,2,420,0.4822572832927108
9,3,12,2,430,0.49229970714077353
9,3,12,2,440,0.5050231437198818
9,3,12,2,450,0.5185681530274451
9,3,12,2,460,0.5286682290025055
9,3,12,2,470,0.5400025029666722
9,3,12,2,480,0.5505953351967037
9,3,12,2,490,0.5626636021770537
9,3,12,2,500,0.5734072383493185
9,3,12,2,510,0.5847190227359533
9,3,12,2,520,0.5957121760584414
9,3,12,2,530,0.6095512169413269
9,3,12,2,540,0.6196570675820112
9,3,12,2,550,0.6299420050345361
9,3,12,2,560,0.6421647616662085
9,3,12,2,570,0.6549132172949612
9,3,12,2,580,0.6650607399642467
9,3,12,2,590,0.6789947780780494
9,4,2,1,20,0.02262721909210086
9,4,2,1,30,0.0339209302328527
9,4,2,1,40,0.04523902991786599
9,4,2,1,50,0.05629630479961634
9,4,2,1,60,0.06771188508719206
9,4,2,1,70,0.07910619024187326
9,4,2,1,80,0.09024394396692514
9,4,2,1,90,0.10152710694819689
9,4,2,1,100,0.11285127978771925
9,4,2,1,110,0.12378217279911041
9,4,2,1,120,0.13566058315336704
9,4,2,1,130,0.14683116180822253
9,4,2,1,140,0.15791895939037204
9,4,2,1,150,0.16906936094164848
9,4,2,1,160,0.18038711789995432
9,4,2,1,170,0.19247673079371452
9,4,2,1,180,0.20304084103554487
9,4,2,1,190,0.21562935505062342
9,4,2,1,200,0.22621841123327613
9,4,2,1,210,0.23745476407930255
9,4,2,1,220,0.24880520487204194
9,4,2,1,230,0.25923790596425533
9,4,2,1,240,0.27119801100343466
9,4,2,1,250,0.2827417189255357
9,4,2,1,260,0.29354736488312483
9,4,2,1,270,0.30544302705675364
9,4,2,1,280,0.31720188399776816
9,4,2,1,290,0.327173147816211
9,4,2,1,300,0.33912294125184417
9,4,2,1,310,0.3505650903098285
9,4,2,1,320,0.3616196718066931
9,4,2,1,330,0.3741017710417509
9,4,2,1,340,0.3847717270255089
9,4,2,1,350,0.3965082122012973
9,4,2,1,360,0.4078155509196222
9,4,2,1,370,0.41936307586729527
9,4,2,1,380,0.4288116069510579
9,4,2,1,390,0.441201439127326
9,4,2,1,400,0.45352621376514435
9,4,2,1,410,0.46359094325453043
9,4,2,1,420,0.4750113910995424
9,4,2,1,430,0.48928768699988723
9,4,2,1,440,0.49957653507590294
9,4,2,1,450,0.5100817689672112
9,4,2,1,460,0.5189148979261518
9,4,2,1,470,0.5298276259563863
9,4,2,1,480,0.542139726690948
9,4,2,1,490,0.5519280349835753
9,4,2,1,500,0.5652457070536911
9,4,2,1,510,0.5774354920722544
9,4,2,1,520,0.5871395310387015
9,4,2,1,530,0.6004132572561502
9,4,2,1,540,0.6109615750610828
9,4,2,1,550,0.6223042798228562
9,4,2,1,560,0.6345455688424408
9,4,2,1,570,0.6473161820322275
9,4,2,1,580,0.6562098721042275
9,4,2,1,590,0.668225419241935
9,4,2,2,20,0.02270672982558608
9,4,2,2,30,0.034201645758002996
9,4,2,2,40,0.04534542001783848
9,4,2,2,50,0.05647411709651351
9,4,2,2,60,0.06771060079336166
9,4,2,2,70,0.07898009615018964
9,4,2,2,80,0.0901769301854074
9,4,2,2,90,0.10173856094479561
9,4,2,2,100,0.1131263580173254
9,4,2,2,110,0.12446458311751485
9,4,2,2,120,0.13593355286866426
9,4,2,2,130,0.14736847393214703
9,4,2,2,140,0.15844238083809614
9,4,2,2,150,0.16941312374547124
9,4,2,2,160,0.18077467381954193
9,4,2,2,170,0.19216454913839698
9,4,2,2,180,0.2035245900042355
9,4,2,2,190,0.21597185591235757
9,4,2,2,200,0.22700768476352096
9,4,2,2,210,0.23733882931992412
9,4,2,2,220,0.24857407622039318
9,4,2,2,230,0.2606522450223565
9,4,2,2,240,0.2714653257280588
9,4,2,2,250,0.2824974409304559
9,4,2,2,260,0.29422797122970223
9,4,2,2,270,0.3048271699808538
9,4,2,2,280,0.31698949029669166
9,4,2,2,290,0.3275197991169989
9,4,2,2,300,0.33923882711678743
9,4,2,2,310,0.3501892709173262
9,4,2,2,320,0.36125236889347434
9,4,2,2,330,0.37219107476994395
9,4,2,2,340,0.3844692623242736
9,4,2,2,350,0.3953686277382076
9,4,2,2,360,0.4066501730121672
9,4,2,2,370,0.4195867688395083
9,4,2,2,380,0.42912537697702646
9,4,2,2,390,0.4428373039700091
9,4,2,2,400,0.4531130660325289
9,4,2,2,410,0.46429158886894584
9,4,2,2,420,0.47545609809458256
9,4,2,2,430,0.4854854387231171
9,4,2,2,440,0.49501539673656225
9,4,2,2,450,0.5090024759992957
9,4,2,2,460,0.5189781272783875
9,4,2,2,470,0.5336775253526866
9,4,2,2,480,0.5438324459828436
9,4,2,2,490,0.5559107149019837
9,4,2,2,500,0.5672139250673354
9,4,2,2,510,0.5772994863800704
9,4,2,2,520,0.5902005499228835
9,4,2,2,530,0.6011541751213372
9,4,2,2,540,0.6115182782523334
9,4,2,2,550,0.6244607139378786
9,4,2,2,560,0.6356089408509433
9,4,2,2,570,0.6484241862781346
9,4,2,2,580,0.6576737971045077
9,4,2,2,590,0.6708632567897439
9,4,4,1,20,0.022784403059631586
9,4,4,1,30,0.03411016101017594
9,4,4,1,40,0.04544228408485651
9,4,4,1,50,0.05674872221425176
9,4,4,1,60,0.06848302902653813
9,4,4,1,70,0.07993551902472973
9,4,4,1,80,0.09090756019577384
9,4,4,1,90,0.10255986033007503
9,4,4,1,100,0.11373791191726923
9,4,4,1,110,0.12556126387789845
9,4,4,1,120,0.13601193018257618
9,4,4,1,130,0.14842711808159947
9,4,4,1,140,0.158722470048815
9,4,4,1,150,0.17174194566905499
9,4,4,1,160,0.1819358798675239
9,4,4,1,170,0.194212282076478
9,4,4,1,180,0.2050167410634458
9,4,4,1,190,0.21561003383249044
9,4,4,1,200,0.22799170576035976
9,4,4,1,210,0.24014852801337838
9,4,4,1,220,0.2523062960244715
9,4,4,1,230,0.26144189201295376
9,4,4,1,240,0.2722928808070719
9,4,4,1,250,0.28423748491331935
9,4,4,1,260,0.29633996123448014
9,4,4,1,270,0.30858706403523684
9,4,4,1,280,0.31890761014074087
9,4,4,1,290,0.33091141283512115
9,4,4,1,300,0.34255381394177675
9,4,4,1,310,0.35410960437729955
9,4,4,1,320,0.36468290677294135
9,4,4,1,330,0.37608753703534603
9,4,4,1,340,0.38883007876574993
9,4,4,1,350,0.3991370378062129
9,4,4,1,360,0.4087494472041726
9,4,4,1,370,0.4210720658302307
9,4,4,1,380,0.43136850371956825
9,4,4,1,390,0.4427901688031852
9,4,4,1,400,0.4547184086404741
9,4,4,1,410,0.4677764023654163
9,4,4,1,420,0.47589737735688686
9,4,4,1,430,0.4871788350865245
9,4,4,1,440,0.5001421389169991
9,4,4,1,450,0.5123971123248339
9,4,4,1,460,0.5214632069692016
9,4,4,1,470,0.5349115030840039
9,4,4,1,480,0.5445915702730417
9,4,4,1,490,0.557058515958488
9,4,4,1,500,0.5706702498719096
9,4,4,1,510,0.5812867600470781
9,4,4,1,520,0.5933227897621691
9,4,4,1,530,0.6029963279142976
9,4,4,1,540,0.6121814898215234
9,4,4,1,550,0.6248993990011513
9,4,4,1,560,0.6344214538112283
9,4,4,1,570,0.6477381396107376
9,4,4,1,580,0.6560541060753167
9,4,4,1,590,0.6700410102494061
9,4,4,2,20,0.022613491863012314
9,4,4,2,30,0.0338571360334754
9,4,4,2,40,0.045252572279423475
9,4,4,2,50,0.05655505182221532
9,4,4,2,60,0.06768144108355045
9,4,4,2,70,0.07981160515919328
9,4,4,2,80,0.09079420799389482
9,4,4,2,90,0.10184712195768952
9,4,4,2,100,0.11325348122045398
9,4,4,2,110,0.12475434225052595
9,4,4,2,120,0.1352653750218451
9,4,4,2,130,0.1471071308478713
9,4,4,2,140,0.1577669191174209
9,4,4,2,150,0.17003761883825064
9,4,4,2,160,0.18210548488423228
9,4,4,2,170,0.19355579372495413
9,4,4,2,180,0.2039795219898224
9,4,4,2,190,0.21487981406971812
9,4,4,2,200,0.2264325302094221
9,4,4,2,210,0.2379651851952076
9,4,4,2,220,0.24976946087554097
9,4,4,2,230,0.2618155120871961
9,4,4,2,240,0.27199260191991925
9,4,4,2,250,0.28349653584882617
9,4,4,2,260,0.2951675900258124
9,4,4,2,270,0.30562958493828773
9,4,4,2,280,0.3170304880477488
9,4,4,2,290,0.327700715046376
9,4,4,2,300,0.3389959577471018
9,4,4,2,310,0.3501826738938689
9,4,4,2,320,0.36101362481713295
9,4,4,2,330,0.3731282181106508
9,4,4,2,340,0.3851995333097875
9,4,4,2,350,0.39652216574177146
9,4,4,2,360,0.40769583405926824
9,4,4,2,370,0.42166594276204705
9,4,4,2,380,0.4302295339293778
9,4,4,2,390,0.4432681808248162
9,4,4,2,400,0.45343827130272985
9,4,4,2,410,0.4674787218682468
9,4,4,2,420,0.475914997048676
9,4,4,2,430,0.4878663863055408
9,4,4,2,440,0.497673355974257
9,4,4,2,450,0.5107982321642339
9,4,4,2,460,0.5204388168640435
9,4,4,2,470,0.5329469009302557
9,4,4,2,480,0.5435328260064125
9,4,4,2,490,0.5552909597754478
9,4,4,2,500,0.5642808303236961
9,4,4,2,510,0.5788696971721947
9,4,4,2,520,0.5889143599197268
9,4,4,2,530,0.6009470717981458
9,4,4,2,540,0.6116142701357603
9,4,4,2,550,0.6260632709600031
9,4,4,2,560,0.6352802258916199
9,4,4,2,570,0.6466406723484397
9,4,4,2,580,0.6577364909462631
9,4,4,2,590,0.6694992478005588
9,4,6,1,20,0.022782145999372005
9,4,6,1,30,0.03422477515414357
9,4,6,1,40,0.04547111364081502
9,4,6,1,50,0.057047619950026274
9,4,6,1,60,0.06840433180332184
9,4,6,1,70,0.07995451102033257
9,4,6,1,80,0.09104792401194572
9,4,6,1,90,0.10299043264240026
9,4,6,1,100,0.11470410833135247
9,4,6,1,110,0.125942500308156
9,4,6,1,120,0.13825974194332957
9,4,6,1,130,0.14859684323891997
9,4,6,1,140,0.16155018378049135
9,4,6,1,150,0.1708989585749805
9,4,6,1,160,0.18158125691115856
9,4,6,1,170,0.19370059994980693
9,4,6,1,180,0.20347827626392245
9,4,6,1,190,0.2164832279086113
9,4,6,1,200,0.22780670784413815
9,4,6,1,210,0.2400514860637486
9,4,6,1,220,0.25148584600538015
9,4,6,1,230,0.26244793413206935
9,4,6,1,240,0.2734098080545664
9,4,6,1,250,0.2853644909337163
9,4,6,1,260,0.2966222260147333
9,4,6,1,270,0.30959102185443044
9,4,6,1,280,0.3187195691280067
9,4,6,1,290,0.3311392911709845
9,4,6,1,300,0.3421961651183665
9,4,6,1,310,0.354579946026206
9,4,6,1,320,0.3650645581074059
9,4,6,1,330,0.3775531789287925
9,4,6,1,340,0.3880799934267998
9,4,6,1,350,0.40000078408047557
9,4,6,1,360,0.4108705413527787
9,4,6,1,370,0.42189423739910126
9,4,6,1,380,0.43380007799714804
9,4,6,1,390,0.44496740913018584
9,4,6,1,400,0.45635171607136726
9,4,6,1,410,0.4696410959586501
9,4,6,1,420,0.47928626043722034
9,4,6,1,430,0.49146166117861867
9,4,6,1,440,0.5018573640845716
9,4,6,1,450,0.5148613648489118
9,4,6,1,460,0.5255882050842047
9,4,6,1,470,0.5366670428775251
9,4,6,1,480,0.5477388049475849
9,4,6,1,490,0.5579425259493291
9,4,6,1,500,0.5706877959892154
9,4,6,1,510,0.5814197002910078
9,4,6,1,520,0.5925872619263828
9,4,6,1,530,0.6054570991545916
9,4,6,1,540,0.6165214902721345
9,4,6,1,550,0.6293320548720658
9,4,6,1,560,0.6398987481370568
9,4,6,1,570,0.650632144883275
9,4,6,1,580,0.6629859935492277
9,4,6,1,590,0.6738481419160962
9,4,6,2,20,0.022826041094958782
9,4,6,2,30,0.03431696817278862
9,4,6,2,40,0.04551132395863533
9,4,6,2,50,0.05701856408268213
9,4,6,2,60,0.0686006941832602
9,4,6,2,70,0.07969644106924534
9,4,6,2,80,0.09083377104252577
9,4,6,2,90,0.10222202492877841
9,4,6,2,100,0.1140583474189043
9,4,6,2,110,0.12503280211240053
9,4,6,2,120,0.13679457921534777
9,4,6,2,130,0.1488237981684506
9,4,6,2,140,0.1596420221030712
9,4,6,2,150,0.171588737051934
9,4,6,2,160,0.18249128106981516
9,4,6,2,170,0.19401001511141658
9,4,6,2,180,0.20576015766710043
9,4,6,2,190,0.2169887269847095
9,4,6,2,200,0.22740327706560493
9,4,6,2,210,0.2401479547843337
9,4,6,2,220,0.25053710816428065
9,4,6,2,230,0.2631576592102647
9,4,6,2,240,0.2736778501421213
9,4,6,2,250,0.28495072899386287
9,4,6,2,260,0.2982059009373188
9,4,6,2,270,0.3089780658483505
9,4,6,2,280,0.31903746305033565
9,4,6,2,290,0.32900384487584233
9,4,6,2,300,0.34001688100397587
9,4,6,2,310,0.35056088911369443
9,4,6,2,320,0.36245121620595455
9,4,6,2,330,0.37664398131892085
9,4,6,2,340,0.3870399799197912
9,4,6,2,350,0.39942450588569045
9,4,6,2,360,0.4095738581381738
9,4,6,2,370,0.4207883053459227
9,4,6,2,380,0.4306609081104398
9,4,6,2,390,0.4426755979657173
9,4,6,2,400,0.45341284293681383
9,4,6,2,410,0.46590474620461464
9,4,6,2,420,0.47686600079759955
9,4,6,2,430,0.4895450007170439
9,4,6,2,440,0.4991388376802206
9,4,6,2,450,0.5128514459356666
9,4,6,2,460,0.5232357927598059
9,4,6,2,470,0.5349456490948796
9,4,6,2,480,0.5437609232030809
9,4,6,2,490,0.5575687601231039
9,4,6,2,500,0.5669764750637114
9,4,6,2,510,0.5799159393645823
9,4,6,2,520,0.5912487138994038
9,4,6,2,530,0.6009991220198572
9,4,6,2,540,0.6123595461249352
9,4,6,2,550,0.6243344768881798
9,4,6,2,560,0.6353383879177272
9,4,6,2,570,0.6489923759363592
9,4,6,2,580,0.6568144792690873
9,4,6,2,590,0.6702648531645536
9,4,8,1,20,0.023212723899632692
9,4,8,1,30,0.03488232893869281
9,4,8,1,40,0.04656719183549285
9,4,8,1,50,0.05808124504983425
9,4,8,1,60,0.06976468907669187
9,4,8,1,70,0.08139678789302707
9,4,8,1,80,0.09330308809876442
9,4,8,1,90,0.10488955210894346
9,4,8,1,100,0.11665664985775948
9,4,8,1,110,0.12864399887621403
9,4,8,1,120,0.13942683674395084
9,4,8,1,130,0.15168551588431
9,4,8,1,140,0.16285028401762247
9,4,8,1,150,0.1747609139420092
9,4,8,1,160,0.18581243976950645
9,4,8,1,170,0.1984442793764174
9,4,8,1,180,0.20783016411587596
9,4,8,1,190,0.2203905377537012
9,4,8,1,200,0.23206259123981
9,4,8,1,210,0.24394883681088686
9,4,8,1,220,0.2545553706586361
9,4,8,1,230,0.2667412981390953
9,4,8,1,240,0.2776883691549301
9,4,8,1,250,0.29062284994870424
9,4,8,1,260,0.30258010793477297
9,4,8,1,270,0.31375491293147206
9,4,8,1,280,0.32531918911263347
9,4,8,1,290,0.33757784217596054
9,4,8,1,300,0.34827096201479435
9,4,8,1,310,0.360802689101547
9,4,8,1,320,0.3721646941266954
9,4,8,1,330,0.3834355156868696
9,4,8,1,340,0.3945219428278506
9,4,8,1,350,0.40621064603328705
9,4,8,1,360,0.4175679022446275
9,4,8,1,370,0.43055225210264325
9,4,8,1,380,0.44069774728268385
9,4,8,1,390,0.4514019559137523
9,4,8,1,400,0.4639950548298657
9,4,8,1,410,0.47821941832080483
9,4,8,1,420,0.4866301529109478
9,4,8,1,430,0.49947674199938774
9,4,8,1,440,0.5123812877573073
9,4,8,1,450,0.5226282090879977
9,4,8,1,460,0.5330130727961659
9,4,8,1,470,0.5469273580238223
9,4,8,1,480,0.5556001542136073
9,4,8,1,490,0.5685794809833169
9,4,8,1,500,0.5779396430589259
9,4,8,1,510,0.5916802766732872
9,4,8,1,520,0.6016950099729002
9,4,8,1,530,0.6133925351314247
9,4,8,1,540,0.6212025978602469
9,4,8,1,550,0.6365739270113409
9,4,8,1,560,0.646431200671941
9,4,8,1,570,0.6587490257807076
9,4,8,1,580,0.6697712210007012
9,4,8,1,590,0.6842415481805801
9,4,8,2,20,0.022895799949765205
9,4,8,2,30,0.03474321309477091
9,4,8,2,40,0.0461433962918818
9,4,8,2,50,0.05758302100002766
9,4,8,2,60,0.06899917544797063
9,4,8,2,70,0.08072526473551989
9,4,8,2,80,0.0919835870154202
9,4,8,2,90,0.103362119756639
9,4,8,2,100,0.1146368789486587
9,4,8,2,110,0.12567104399204254
9,4,8,2,120,0.13788228202611208
9,4,8,2,130,0.14923786791041493
9,4,8,2,140,0.16066158609464765
9,4,8,2,150,0.17217163043096662
9,4,8,2,160,0.18373443884775043
9,4,8,2,170,0.1958910319954157
9,4,8,2,180,0.20672933105379343
9,4,8,2,190,0.21805875096470118
9,4,8,2,200,0.22959177009761333
9,4,8,2,210,0.24126353487372398
9,4,8,2,220,0.2521212510764599
9,4,8,2,230,0.26513162441551685
9,4,8,2,240,0.2756063397973776
9,4,8,2,250,0.2872595088556409
9,4,8,2,260,0.2976986560970545
9,4,8,2,270,0.308916378300637
9,4,8,2,280,0.320168592967093
9,4,8,2,290,0.3322460940107703
9,4,8,2,300,0.34377380879595876
9,4,8,2,310,0.3560313698835671
9,4,8,2,320,0.3662326452322304
9,4,8,2,330,0.3794971648603678
9,4,8,2,340,0.3905929857864976
9,4,8,2,350,0.4020931147970259
9,4,8,2,360,0.41427523316815495
9,4,8,2,370,0.42542162304744124
9,4,8,2,380,0.43620328698307276
9,4,8,2,390,0.44825718691572547
9,4,8,2,400,0.45845500379800797
9,4,8,2,410,0.4703790098428726
9,4,8,2,420,0.4803615119308233
9,4,8,2,430,0.4936511218547821
9,4,8,2,440,0.5035653198137879
9,4,8,2,450,0.5165475178509951
9,4,8,2,460,0.5268510417081416
9,4,8,2,470,0.5389273120090365
9,4,8,2,480,0.5492787593975663
9,4,8,2,490,0.5596885313279927
9,4,8,2,500,0.5715883267112076
9,4,8,2,510,0.585109343752265
9,4,8,2,520,0.5960816843435168
9,4,8,2,530,0.6074337619356811
9,4,8,2,540,0.6178532019257545
9,4,8,2,550,0.6296062339097261
9,4,8,2,560,0.6427001180127263
9,4,8,2,570,0.6538084340281785
9,4,8,2,580,0.6642628419212997
9,4,8,2,590,0.6762851700186729
9,4,10,1,20,0.024308600928634405
9,4,10,1,30,0.036564689595252275
9,4,10,1,40,0.048583490308374166
9,4,10,1,50,0.06056013097986579
9,4,10,1,60,0.07272529788315296
9,4,10,1,70,0.08518881909549236
9,4,10,1,80,0.09703950816765428
9,4,10,1,90,0.10902477940544486
9,4,10,1,100,0.1207371330820024
9,4,10,1,110,0.13333444809541106
9,4,10,1,120,0.14533696416765451
9,4,10,1,130,0.15777002787217498
9,4,10,1,140,0.1690301802009344
9,4,10,1,150,0.1815516878850758
9,4,10,1,160,0.19370555505156517
9,4,10,1,170,0.20524555817246437
9,4,10,1,180,0.21789282420650125
9,4,10,1,190,0.2299367538653314
9,4,10,1,200,0.24099349789321423
9,4,10,1,210,0.2535715699195862
9,4,10,1,220,0.2649486279115081
9,4,10,1,230,0.27713976008817554
9,4,10,1,240,0.28842669865116477
9,4,10,1,250,0.30050481343641877
9,4,10,1,260,0.3130847876891494
9,4,10,1,270,0.3249541660770774
9,4,10,1,280,0.3364282459951937
9,4,10,1,290,0.3499357169494033
9,4,10,1,300,0.3603205247782171
9,4,10,1,310,0.3736419719643891
9,4,10,1,320,0.3841344420798123
9,4,10,1,330,0.39793187007308006
9,4,10,1,340,0.40931911673396826
9,4,10,1,350,0.4207021170295775
9,4,10,1,360,0.43271160684525967
9,4,10,1,370,0.445492675062269
9,4,10,1,380,0.45599906286224723
9,4,10,1,390,0.4694376150146127
9,4,10,1,400,0.4821002478711307
9,4,10,1,410,0.49446585960686207
9,4,10,1,420,0.5060830977745354
9,4,10,1,430,0.5185917802155018
9,4,10,1,440,0.5288524497300386
9,4,10,1,450,0.5414518332108855
9,4,10,1,460,0.5533779147081077
9,4,10,1,470,0.566478150896728
9,4,10,1,480,0.5780232078395784
9,4,10,1,490,0.5915951561182737
9,4,10,1,500,0.6001303298398852
9,4,10,1,510,0.6143895802088082
9,4,10,1,520,0.6249672728590667
9,4,10,1,530,0.636340050958097
9,4,10,1,540,0.6485279239714146
9,4,10,1,550,0.6603853888809681
9,4,10,1,560,0.6714597721584141
9,4,10,1,570,0.6856542360037565
9,4,10,1,580,0.6963647222146392
9,4,10,1,590,0.7114696232602
9,4,10,2,20,0.02355859987437725
9,4,10,2,30,0.03533407812938094
9,4,10,2,40,0.04695230582728982
9,4,10,2,50,0.05883681308478117
9,4,10,2,60,0.07033722242340446
9,4,10,2,70,0.08236982254311442
9,4,10,2,80,0.09405104303732514
9,4,10,2,90,0.10568615281954408
9,4,10,2,100,0.11758332466706634
9,4,10,2,110,0.12948607979342341
9,4,10,2,120,0.1404926679097116
9,4,10,2,130,0.15319751156494021
9,4,10,2,140,0.1650083102285862
9,4,10,2,150,0.17653649486601353
9,4,10,2,160,0.18821030016988516
9,4,10,2,170,0.1997578996233642
9,4,10,2,180,0.21162177296355367
9,4,10,2,190,0.2231498621404171
9,4,10,2,200,0.23524356121197343
9,4,10,2,210,0.246433662250638
9,4,10,2,220,0.25736737065017223
9,4,10,2,230,0.27063357504084706
9,4,10,2,240,0.28032810101285577
9,4,10,2,250,0.2932700691744685
9,4,10,2,260,0.30384079925715923
9,4,10,2,270,0.3172748233191669
9,4,10,2,280,0.32683036010712385
9,4,10,2,290,0.33932311506941915
9,4,10,2,300,0.35055616684257984
9,4,10,2,310,0.36376841831952333
9,4,10,2,320,0.37251113541424274
9,4,10,2,330,0.3850212641991675
9,4,10,2,340,0.39683457324281335
9,4,10,2,350,0.40891237696632743
9,4,10,2,360,0.4210967440158129
9,4,10,2,370,0.43281657714396715
9,4,10,2,380,0.44354204600676894
9,4,10,2,390,0.45560005120933056
9,4,10,2,400,0.4669439741410315
9,4,10,2,410,0.47739282716065645
9,4,10,2,420,0.4895075079984963
9,4,10,2,430,0.5023716483265162
9,4,10,2,440,0.5147171970456839
9,4,10,2,450,0.5255338507704437
9,4,10,2,460,0.5354675399139524
9,4,10,2,470,0.5489506530575454
9,4,10,2,480,0.5610955921001732
9,4,10,2,490,0.5738486722111702
9,4,10,2,500,0.5875325659289956
9,4,10,2,510,0.59530686493963
9,4,10,2,520,0.6053273910656571
9,4,10,2,530,0.6190964421257377
9,4,10,2,540,0.6291943779215217
9,4,10,2,550,0.6430236049927771
9,4,10,2,560,0.6528692762367427
9,4,10,2,570,0.6651760037057102
9,4,10,2,580,0.6753803063184023
9,4,10,2,590,0.6884890561923385
9,4,12,1,20,0.027368984185159206
9,4,12,1,30,0.04081412497907877
9,4,12,1,40,0.054168771021068096
9,4,12,1,50,0.06750166416168213
9,4,12,1,60,0.08113253070041537
9,4,12,1,70,0.09469059342518449
9,4,12,1,80,0.10812579886987805
9,4,12,1,90,0.12188059976324439
9,4,12,1,100,0.1346105090342462
9,4,12,1,110,0.14832025486975908
9,4,12,1,120,0.16166748525574803
9,4,12,1,130,0.1749731102026999
9,4,12,1,140,0.18779702996835113
9,4,12,1,150,0.20191436493769288
9,4,12,1,160,0.21466586599126458
9,4,12,1,170,0.2279445850290358
9,4,12,1,180,0.24103041598573327
9,4,12,1,190,0.25474139023572206
9,4,12,1,200,0.26797522511333227
9,4,12,1,210,0.2826813207939267
9,4,12,1,220,0.29395866906270385
9,4,12,1,230,0.3078038007952273
9,4,12,1,240,0.31986183067783713
9,4,12,1,250,0.3339377688243985
9,4,12,1,260,0.34833689499646425
9,4,12,1,270,0.36217426136136055
9,4,12,1,280,0.3756414819508791
9,4,12,1,290,0.38771639624610543
9,4,12,1,300,0.40066540800035
9,4,12,1,310,0.4145132517442107
9,4,12,1,320,0.4283025758340955
9,4,12,1,330,0.4415533780120313
9,4,12,1,340,0.4521678760647774
9,4,12,1,350,0.46683709137141705
9,4,12,1,360,0.4804037790745497
9,4,12,1,370,0.4939553737640381
9,4,12,1,380,0.5065412423573434
9,4,12,1,390,0.5210583112202585
9,4,12,1,400,0.5340048661455512
9,4,12,1,410,0.5475179809145629
9,4,12,1,420,0.5610468876548111
9,4,12,1,430,0.5733161363750696
9,4,12,1,440,0.5880576157942414
9,4,12,1,450,0.6020187539979815
9,4,12,1,460,0.6133115151897073
9,4,12,1,470,0.626113296020776
9,4,12,1,480,0.6401882139034569
9,4,12,1,490,0.653294752817601
9,4,12,1,500,0.6655472368001938
9,4,12,1,510,0.6814819290302694
9,4,12,1,520,0.6923749200068414
9,4,12,1,530,0.7057250132784247
9,4,12,1,540,0.7174873570911586
9,4,12,1,550,0.7313167150132358
9,4,12,1,560,0.7431951039470732
9,4,12,1,570,0.7600392289459705
9,4,12,1,580,0.7710546441376209
9,4,12,1,590,0.7858644779771566
9,4,12,2,20,0.024989080149680376
9,4,12,2,30,0.037429121788591146
9,4,12,2,40,0.04981670901179314
9,4,12,2,50,0.06246635224670172
9,4,12,2,60,0.07476912532001734
9,4,12,2,70,0.08802876295521855
9,4,12,2,80,0.09973203297704458
9,4,12,2,90,0.1120801093056798
9,4,12,2,100,0.12469904823228717
9,4,12,2,110,0.1373017211444676
9,4,12,2,120,0.14953329088166356
9,4,12,2,130,0.1616209070198238
9,4,12,2,140,0.1739752320572734
9,4,12,2,150,0.18672178499400616
9,4,12,2,160,0.19866674207150936
9,4,12,2,170,0.21133214700967073
9,4,12,2,180,0.22281221114099026
9,4,12,2,190,0.23610047111287713
9,4,12,2,200,0.24796788999810815
9,4,12,2,210,0.26144856913015246
9,4,12,2,220,0.2729546371847391
9,4,12,2,230,0.28567601880058646
9,4,12,2,240,0.2972834468819201
9,4,12,2,250,0.3091172599233687
9,4,12,2,260,0.3210953311063349
9,4,12,2,270,0.33407166227698326
9,4,12,2,280,0.3459548749960959
9,4,12,2,290,0.35825173603370786
9,4,12,2,300,0.3705526450648904
9,4,12,2,310,0.38291862327605486
9,4,12,2,320,0.3931091548874974
9,4,12,2,330,0.40823368122801185
9,4,12,2,340,0.4189541721716523
9,4,12,2,350,0.43360324297100306
9,4,12,2,360,0.4443616368807852
9,4,12,2,370,0.4575418480671942
9,4,12,2,380,0.46962258126586676
9,4,12,2,390,0.48141887318342924
9,4,12,2,400,0.494103139732033
9,4,12,2,410,0.5056546898558736
9,4,12,2,420,0.5184624381363392
9,4,12,2,430,0.5282973060384393
9,4,12,2,440,0.540349680930376
9,4,12,2,450,0.5541786630637944
9,4,12,2,460,0.5657513309270144
9,4,12,2,470,0.5778522668406367
9,4,12,2,480,0.5880035939626396
9,4,12,2,490,0.6023416253738105
9,4,12,2,500,0.6151321111246943
9,4,12,2,510,0.6269580810330808
9,4,12,2,520,0.6397974546998739
9,4,12,2,530,0.6528751170262694
9,4,12,2,540,0.6632204428315163
9,4,12,2,550,0.6774707417935133
9,4,12,2,560,0.688596342690289
9,4,12,2,570,0.7039062860421836
9,4,12,2,580,0.7147261360660195
9,4,12,2,590,0.7300857859663665
10,2,2,1,20,0.022621356416493654
10,2,2,1,30,0.03397354856133461
10,2,2,1,40,0.045178616885095835
10,2,2,1,50,0.05650752084329724
10,2,2,1,60,0.06750361016020179
10,2,2,1,70,0.07937640370801091
10,2,2,1,80,0.09030866203829646
10,2,2,1,90,0.10157391289249063
10,2,2,1,100,0.11271641869097948
10,2,2,1,110,0.12455574003979564
10,2,2,1,120,0.13572598434984684
10,2,2,1,130,0.14691004995256662
10,2,2,1,140,0.15811089659109712
10,2,2,1,150,0.16923365090042353
10,2,2,1,160,0.18004367500543594
10,2,2,1,170,0.1917576347477734
10,2,2,1,180,0.2028958396986127
10,2,2,1,190,0.2143643139861524
10,2,2,1,200,0.22566279117017984
10,2,2,1,210,0.23720012279227376
10,2,2,1,220,0.2482868330553174
10,2,2,1,230,0.2595139998011291
10,2,2,1,240,0.2697562649846077
10,2,2,1,250,0.28156014205887914
10,2,2,1,260,0.29325331887230277
10,2,2,1,270,0.3056615241803229
10,2,2,1,280,0.3168037859722972
10,2,2,1,290,0.3281821650452912
10,2,2,1,300,0.3393360241316259
10,2,2,1,310,0.35045770602300763
10,2,2,1,320,0.3619269849732518
10,2,2,1,330,0.3724173870868981
10,2,2,1,340,0.38502909103408456
10,2,2,1,350,0.39440276101231575
10,2,2,1,360,0.4064348256215453
10,2,2,1,370,0.4183633397333324
10,2,2,1,380,0.4292236212641001
10,2,2,1,390,0.4412802089937031
10,2,2,1,400,0.4507794207893312
10,2,2,1,410,0.4634692557156086
10,2,2,1,420,0.47489560302346945
10,2,2,1,430,0.48612442426383495
10,2,2,1,440,0.4990117149427533
10,2,2,1,450,0.5096408510580659
10,2,2,1,460,0.5196900540031493
10,2,2,1,470,0.530342266894877
10,2,2,1,480,0.5411875541321933
10,2,2,1,490,0.5539696379564703
10,2,2,1,500,0.5657341349869967
10,2,2,1,510,0.5770534668117762
10,2,2,1,520,0.5878197075799108
10,2,2,1,530,0.5996517930179834
10,2,2,1,540,0.6090296739712358
10,2,2,1,550,0.6217828779481351
10,2,2,1,560,0.6329448069445789
10,2,2,1,570,0.6423130072653294
10,2,2,1,580,0.6546740401536226
10,2,2,1,590,0.6668673832900822
10,2,2,2,20,0.022703957743942738
10,2,2,2,30,0.03395585296675563
10,2,2,2,40,0.04516788385808468
10,2,2,2,50,0.056715045124292374
10,2,2,2,60,0.06785371480509639
10,2,2,2,70,0.07927272189408541
10,2,2,2,80,0.09024899592623115
10,2,2,2,90,0.10161900892853737
10,2,2,2,100,0.11273799277842045
10,2,2,2,110,0.12450465466827154
10,2,2,2,120,0.13604489294812083
10,2,2,2,130,0.14735032804310322
10,2,2,2,140,0.15870023798197508
10,2,2,2,150,0.1701859380118549
10,2,2,2,160,0.1815941701643169
10,2,2,2,170,0.19295358611270785
10,2,2,2,180,0.20471933390945196
10,2,2,2,190,0.21535374596714973
10,2,2,2,200,0.2264940058812499
10,2,2,2,210,0.23840430798009038
10,2,2,2,220,0.2494421610608697
10,2,2,2,230,0.2610947089269757
10,2,2,2,240,0.27184410113841295
10,2,2,2,250,0.284066669177264
10,2,2,2,260,0.29523133113980293
10,2,2,2,270,0.30525204725563526
10,2,2,2,280,0.31666353484615684
10,2,2,2,290,0.32852801075205207
10,2,2,2,300,0.3391829780302942
10,2,2,2,310,0.3502559559419751
10,2,2,2,320,0.36148526798933744
10,2,2,2,330,0.3727894159965217
10,2,2,2,340,0.3842002833262086
10,2,2,2,350,0.3964207679964602
10,2,2,2,360,0.4072332549840212
10,2,2,2,370,0.418592965696007
10,2,2,2,380,0.4297828576527536
10,2,2,2,390,0.4417509068734944
10,2,2,2,400,0.45165775064378977
10,2,2,2,410,0.4638618961907923
10,2,2,2,420,0.47434900514781475
10,2,2,2,430,0.48689711233600974
10,2,2,2,440,0.4977065222337842
10,2,2,2,450,0.5091876680962741
10,2,2,2,460,0.5206511882133782
10,2,2,2,470,0.5303699071519077
10,2,2,2,480,0.5430550798773766
10,2,2,2,490,0.5547132380306721
10,2,2,2,500,0.5634701768867671
10,2,2,2,510,0.5775179909542203
10,2,2,2,520,0.5881008692085743
10,2,2,2,530,0.5993964727967978
10,2,2,2,540,0.6088394350372255
10,2,2,2,550,0.6221788362599909
10,2,2,2,560,0.6323104952462018
10,2,2,2,570,0.6457944279536605
10,2,2,2,580,0.656355261337012
10,2,2,2,590,0.6683410578407347
10,2,4,1,20,0.022646761033684015
10,2,4,1,30,0.034037659876048565
10,2,4,1,40,0.045172111596912146
10,2,4,1,50,0.05632643308490515
10,2,4,1,60,0.06794419884681702
10,2,4,1,70,0.07930253213271499
10,2,4,1,80,0.09049160219728947
10,2,4,1,90,0.1021988969296217
10,2,4,1,100,0.11313375877216458
10,2,4,1,110,0.12464954191818833
10,2,4,1,120,0.13553138636052608
10,2,4,1,130,0.14750471292063594
10,2,4,1,140,0.15857126284390688
10,2,4,1,150,0.16955830994993448
10,2,4,1,160,0.18044426199048758
10,2,4,1,170,0.1928136902861297
10,2,4,1,180,0.20339900720864534
10,2,4,1,190,0.21553409984335303
10,2,4,1,200,0.22598164901137352
10,2,4,1,210,0.23698856588453054
10,2,4,1,220,0.24777850275859237
10,2,4,1,230,0.2596745607443154
10,2,4,1,240,0.270451654214412
10,2,4,1,250,0.28195233223959804
10,2,4,1,260,0.29369772924110293
10,2,4,1,270,0.3056597909890115
10,2,4,1,280,0.31591242318972945
10,2,4,1,290,0.3287625811062753
10,2,4,1,300,0.3391151917167008
10,2,4,1,310,0.34897750336676836
10,2,4,1,320,0.3601298350840807
10,2,4,1,330,0.3738185209222138
10,2,4,1,340,0.3833280191756785
10,2,4,1,350,0.3962013297714293
10,2,4,1,360,0.40531843388453126
10,2,4,1,370,0.4178324160166085
10,2,4,1,380,0.42832783283665776
10,2,4,1,390,0.4402039600536227
10,2,4,1,400,0.4519395409151912
10,2,4,1,410,0.4638212788850069
10,2,4,1,420,0.4747159592807293
10,2,4,1,430,0.4862194121815264
10,2,4,1,440,0.4961369619704783
10,2,4,1,450,0.5075147529132664
10,2,4,1,460,0.5180220091715455
10,2,4,1,470,0.5305085028521717
10,2,4,1,480,0.5416503502056003
10,2,4,1,490,0.554628481157124
10,2,4,1,500,0.5648675551638007
10,2,4,1,510,0.5768633871339262
10,2,4,1,520,0.5888781771063805
10,2,4,1,530,0.6005439469590783
10,2,4,1,540,0.611831366084516
10,2,4,1,550,0.6225698748603463
10,2,4,1,560,0.633065985981375
10,2,4,1,570,0.6434730542823672
10,2,4,1,580,0.6534397806972265
10,2,4,1,590,0.666781579144299
10,2,4,2,20,0.022573841270059347
10,2,4,2,30,0.034114227164536715
10,2,4,2,40,0.045446309261024
10,2,4,2,50,0.05673018703237176
10,2,4,2,60,0.06775233196094632
10,2,4,2,70,0.0794172459281981
10,2,4,2,80,0.09066833835095167
10,2,4,2,90,0.10246851993724704
10,2,4,2,100,0.1130555379204452
10,2,4,2,110,0.12458929931744933
10,2,4,2,120,0.13608805742114782
10,2,4,2,130,0.14784341491758823
10,2,4,2,140,0.15825481060892344
10,2,4,2,150,0.1700360388495028
10,2,4,2,160,0.1812720661982894
10,2,4,2,170,0.19261181633919477
10,2,4,2,180,0.20374365709722042
10,2,4,2,190,0.21572106890380383
10,2,4,2,200,0.2267721206881106
10,2,4,2,210,0.2377821863628924
10,2,4,2,220,0.24959028791636229
10,2,4,2,230,0.2607801049016416
10,2,4,2,240,0.2714828858152032
10,2,4,2,250,0.28306489204987884
10,2,4,2,260,0.294299382250756
10,2,4,2,270,0.3057268559932709
10,2,4,2,280,0.3163647996261716
10,2,4,2,290,0.33284621918573976
10,2,4,2,300,0.33888796996325254
10,2,4,2,310,0.3503244030289352
10,2,4,2,320,0.36224001506343484
10,2,4,2,330,0.37191138369962573
10,2,4,2,340,0.3844919288530946
10,2,4,2,350,0.39503927482292056
10,2,4,2,360,0.4057168420404196
10,2,4,2,370,0.4176095142029226
10,2,4,2,380,0.42775218468159437
10,2,4,2,390,0.4401282798498869
10,2,4,2,400,0.4506878419779241
10,2,4,2,410,0.4639427727088332
10,2,4,2,420,0.4739773627370596
10,2,4,2,430,0.4863208122551441
10,2,4,2,440,0.49532452784478664
10,2,4,2,450,0.5082477801479399
10,2,4,2,460,0.5188087029382586
10,2,4,2,470,0.5313268061727285
10,2,4,2,480,0.541677582077682
10,2,4,2,490,0.5551308146677911
10,2,4,2,500,0.5634881821461022
10,2,4,2,510,0.5766128380782902
10,2,4,2,520,0.5868229973129928
10,2,4,2,530,0.5991027881391346
10,2,4,2,540,0.6079744007438421
10,2,4,2,550,0.6204917361028492
10,2,4,2,560,0.6307691689580679
10,2,4,2,570,0.6424652291461825
10,2,4,2,580,0.6532358657568693
10,2,4,2,590,0.6648260778747499
10,2,6,1,20,0.02259124582633376
10,2,6,1,30,0.03370498400181532
10,2,6,1,40,0.045255003962665796
10,2,6,1,50,0.05634729517623782
10,2,6,1,60,0.067702516913414
10,2,6,1,70,0.07938962895423174
10,2,6,1,80,0.09032256295904517
10,2,6,1,90,0.10154042718932033
10,2,6,1,100,0.11268384987488389
10,2,6,1,110,0.12401164136826992
10,2,6,1,120,0.13487558299675584
10,2,6,1,130,0.1467418922111392
10,2,6,1,140,0.15776225505396724
10,2,6,1,150,0.16929200198501348
10,2,6,1,160,0.17987840715795755
10,2,6,1,170,0.19213496102020144
10,2,6,1,180,0.2035041661001742
10,2,6,1,190,0.21485746605321765
10,2,6,1,200,0.22575685614719987
10,2,6,1,210,0.23778044804930687
10,2,6,1,220,0.24929414875805378
10,2,6,1,230,0.2598651694133878
10,2,6,1,240,0.2708576782606542
10,2,6,1,250,0.282537997700274
10,2,6,1,260,0.2947424720041454
10,2,6,1,270,0.30563314724713564
10,2,6,1,280,0.31670043617486954
10,2,6,1,290,0.3282261728309095
10,2,6,1,300,0.33911484805867076
10,2,6,1,310,0.35045338422060013
10,2,6,1,320,0.36202189791947603
10,2,6,1,330,0.37338091200217605
10,2,6,1,340,0.38398941000923514
10,2,6,1,350,0.3962346618063748
10,2,6,1,360,0.406942221801728
10,2,6,1,370,0.4186462131328881
10,2,6,1,380,0.4283734858036041
10,2,6,1,390,0.44159450428560376
10,2,6,1,400,0.45165187399834394
10,2,6,1,410,0.4642322468571365
10,2,6,1,420,0.4740342767909169
10,2,6,1,430,0.48565035685896873
10,2,6,1,440,0.4980225511826575
10,2,6,1,450,0.5093210078775883
10,2,6,1,460,0.5200776858255267
10,2,6,1,470,0.5308681651949883
10,2,6,1,480,0.542705305851996
10,2,6,1,490,0.5545619367621839
10,2,6,1,500,0.5642985738813877
10,2,6,1,510,0.5758149484172463
10,2,6,1,520,0.5857984023168683
10,2,6,1,530,0.601599623914808
10,2,6,1,540,0.6091753686778247
10,2,6,1,550,0.6200702339410782
10,2,6,1,560,0.631076268851757
10,2,6,1,570,0.6441953829489648
10,2,6,1,580,0.6610763426870108
10,2,6,1,590,0.669705166015774
10,2,6,2,20,0.023122692946344614
10,2,6,2,30,0.03425743570551276
10,2,6,2,40,0.04538928298279643
10,2,6,2,50,0.0565255512483418
10,2,6,2,60,0.06846709316596389
10,2,6,2,70,0.07936469512060285
10,2,6,2,80,0.09079342614859343
10,2,6,2,90,0.10202384879812598
10,2,6,2,100,0.11364984977990389
10,2,6,2,110,0.12547903787344694
10,2,6,2,120,0.13730118284001946
10,2,6,2,130,0.14820249611511827
10,2,6,2,140,0.1590148201212287
10,2,6,2,150,0.17076117731630802
10,2,6,2,160,0.18146542320027947
10,2,6,2,170,0.1933636306785047
10,2,6,2,180,0.2044567777775228
10,2,6,2,190,0.21600586222484708
10,2,6,2,200,0.22665746603161097
10,2,6,2,210,0.23884589783847332
10,2,6,2,220,0.24961356120184064
10,2,6,2,230,0.2606222718022764
10,2,6,2,240,0.2734071738086641
10,2,6,2,250,0.28362461319193244
10,2,6,2,260,0.29556214436888695
10,2,6,2,270,0.3058164450339973
10,2,6,2,280,0.31821133429184556
10,2,6,2,290,0.32903741812333465
10,2,6,2,300,0.3395764888264239
10,2,6,2,310,0.3508929880335927
10,2,6,2,320,0.3620172659866512
10,2,6,2,330,0.3760532131418586
10,2,6,2,340,0.38562708580866456
10,2,6,2,350,0.39375151228159666
10,2,6,2,360,0.4046873259358108
10,2,6,2,370,0.4174981159158051
10,2,6,2,380,0.42734165396541357
10,2,6,2,390,0.44011294608935714
10,2,6,2,400,0.45276214368641376
10,2,6,2,410,0.46520819375291467
10,2,6,2,420,0.47681144578382373
10,2,6,2,430,0.4878047448582947
10,2,6,2,440,0.4974482972174883
10,2,6,2,450,0.5106771048158407
10,2,6,2,460,0.5206009922549129
10,2,6,2,470,0.5336803807877004
10,2,6,2,480,0.542808580212295
10,2,6,2,490,0.5541611104272306
10,2,6,2,500,0.5656873406842351
10,2,6,2,510,0.5771114020608366
10,2,6,2,520,0.5856855572201312
10,2,6,2,530,0.5998387248255312
10,2,6,2,540,0.6111000408418477
10,2,6,2,550,0.6224582991562784
10,2,6,2,560,0.6337612606585026
10,2,6,2,570,0.6443906808272004
10,2,6,2,580,0.6553270448930562
10,2,6,2,590,0.6682266429997981
10,2,8,1,20,0.022658927831798792
10,2,8,1,30,0.034149412997066975
10,2,8,1,40,0.04530198406428099
10,2,8,1,50,0.05692391004413366
10,2,8,1,60,0.06802881695330143
10,2,8,1,70,0.07951760571449995
10,2,8,1,80,0.09111030213534832
10,2,8,1,90,0.10225400282070041
10,2,8,1,100,0.11330490792170167
10,2,8,1,110,0.12523137778043747
10,2,8,1,120,0.13583638798445463
10,2,8,1,130,0.14716104697436094
10,2,8,1,140,0.15889763366430998
10,2,8,1,150,0.170258651021868
10,2,8,1,160,0.18175155576318502
10,2,8,1,170,0.19323128229007125
10,2,8,1,180,0.2035606480203569
10,2,8,1,190,0.21514595160260797
10,2,8,1,200,0.22619867324829102
10,2,8,1,210,0.23825970105826855
10,2,8,1,220,0.24925063317641616
10,2,8,1,230,0.2610833253711462
10,2,8,1,240,0.27285168785601854
10,2,8,1,250,0.2838648948818445
10,2,8,1,260,0.2951596979983151
10,2,8,1,270,0.3060921262949705
10,2,8,1,280,0.31741365510970354
10,2,8,1,290,0.32942924136295915
10,2,8,1,300,0.34077840903773904
10,2,8,1,310,0.35211138194426894
10,2,8,1,320,0.3619858417659998
10,2,8,1,330,0.37457956839352846
10,2,8,1,340,0.38484930293634534
10,2,8,1,350,0.39841069793328643
10,2,8,1,360,0.40831785602495074
10,2,8,1,370,0.4201523610390723
10,2,8,1,380,0.4301747172139585
10,2,8,1,390,0.44318205723538995
10,2,8,1,400,0.454270341899246
10,2,8,1,410,0.4663984668441117
10,2,8,1,420,0.4772279532626271
10,2,8,1,430,0.4884754871018231
10,2,8,1,440,0.49954319186508656
10,2,8,1,450,0.5110030118376017
10,2,8,1,460,0.5214256732724607
10,2,8,1,470,0.5341250221244991
10,2,8,1,480,0.5511172893457115
10,2,8,1,490,0.5549648529849946
10,2,8,1,500,0.5659901667386293
10,2,8,1,510,0.5784044968895614
10,2,8,1,520,0.5900961393490434
10,2,8,1,530,0.6025591059587896
10,2,8,1,540,0.613674582913518
10,2,8,1,550,0.6253246320411563
10,2,8,1,560,0.6358906920067966
10,2,8,1,570,0.6454608398489654
10,2,8,1,580,0.6564750191755593
10,2,8,1,590,0.6705728648230433
10,2,8,2,20,0.022817248944193125
10,2,8,2,30,0.03409204492345452
10,2,8,2,40,0.04532948508858681
10,2,8,2,50,0.05683410866186023
10,2,8,2,60,0.06805480783805251
10,2,8,2,70,0.07961358595639467
10,2,8,2,80,0.09097428107634187
10,2,8,2,90,0.10220463713631034
10,2,8,2,100,0.11348482128232718
10,2,8,2,110,0.1255002710968256
10,2,8,2,120,0.13622441422194242
10,2,8,2,130,0.14785810885950923
10,2,8,2,140,0.158941310364753
10,2,8,2,150,0.17046000016853213
10,2,8,2,160,0.1815665541216731
10,2,8,2,170,0.1931322980672121
10,2,8,2,180,0.20408371230587363
10,2,8,2,190,0.21540152002125978
10,2,8,2,200,0.22665792796760798
10,2,8,2,210,0.23839046387001872
10,2,8,2,220,0.25021272944286466
10,2,8,2,230,0.26071586878970265
10,2,8,2,240,0.2717453660443425
10,2,8,2,250,0.2835250301286578
10,2,8,2,260,0.2950455481186509
10,2,8,2,270,0.3068891619332135
10,2,8,2,280,0.3178825732320547
10,2,8,2,290,0.32968478510156274
10,2,8,2,300,0.34055434772744775
10,2,8,2,310,0.3527716938406229
10,2,8,2,320,0.3629237851127982
10,2,8,2,330,0.3741352357901633
10,2,8,2,340,0.3862336496822536
10,2,8,2,350,0.39595361007377505
10,2,8,2,360,0.40787236485630274
10,2,8,2,370,0.41932366136461496
10,2,8,2,380,0.4310059919953346
10,2,8,2,390,0.4424328706227243
10,2,8,2,400,0.4538250989280641
10,2,8,2,410,0.4653052440844476
10,2,8,2,420,0.47493203170597553
10,2,8,2,430,0.4885560441762209
10,2,8,2,440,0.49972391268238425
10,2,8,2,450,0.5121411397121847
10,2,8,2,460,0.5214912639930844
10,2,8,2,470,0.5346394842490554
10,2,8,2,480,0.5443940190598369
10,2,8,2,490,0.5566076789982617
10,2,8,2,500,0.5677157249301672
10,2,8,2,510,0.5794535260647535
10,2,8,2,520,0.5905985273420811
10,2,8,2,530,0.6026823408901691
10,2,8,2,540,0.6229165988042951
10,2,8,2,550,0.6702203890308738
10,2,8,2,560,0.6354672918096185
10,2,8,2,570,0.6471925717778504
10,2,8,2,580,0.6545556508935988
10,2,8,2,590,0.6643367209471762
10,2,10,1,20,0.022615070920437574
10,2,10,1,30,0.03393010888248682
10,2,10,1,40,0.045067683793604374
10,2,10,1,50,0.056383742950856686
10,2,10,1,60,0.06769480695948005
10,2,10,1,70,0.07906130375340581
10,2,10,1,80,0.0903480788692832
10,2,10,1,90,0.10271036112681031
10,2,10,1,100,0.11390308290719986
10,2,10,1,110,0.12565007200464606
10,2,10,1,120,0.13639331283047795
10,2,10,1,130,0.1475221710279584
10,2,10,1,140,0.1585153196938336
10,2,10,1,150,0.1701387041248381
10,2,10,1,160,0.1813809578306973
10,2,10,1,170,0.1929192659445107
10,2,10,1,180,0.20452111726626754
10,2,10,1,190,0.21653773495927453
10,2,10,1,200,0.22689705761149526
10,2,10,1,210,0.23936977982521057
10,2,10,1,220,0.24938856810331345
10,2,10,1,230,0.26125778118148446
10,2,10,1,240,0.27201907290145755
10,2,10,1,250,0.2839867938309908
10,2,10,1,260,0.29492618795484304
10,2,10,1,270,0.3059197678230703
10,2,10,1,280,0.31662705913186073
10,2,10,1,290,0.32896776823326945
10,2,10,1,300,0.3413948048837483
10,2,10,1,310,0.35269139474257827
10,2,10,1,320,0.3638682528398931
10,2,10,1,330,0.37540005007758737
10,2,10,1,340,0.3868849016726017
10,2,10,1,350,0.3982192440889776
10,2,10,1,360,0.4088179701939225
10,2,10,1,370,0.4196553439833224
10,2,10,1,380,0.4311945540830493
10,2,10,1,390,0.4443062711507082
10,2,10,1,400,0.4546717591583729
10,2,10,1,410,0.4661266668699682
10,2,10,1,420,0.47731414809823036
10,2,10,1,430,0.48945558862760663
10,2,10,1,440,0.5008999248966575
10,2,10,1,450,0.513565010856837
10,2,10,1,460,0.5238518249243498
10,2,10,1,470,0.5352016487158835
10,2,10,1,480,0.5449854740872979
10,2,10,1,490,0.5578923439607024
10,2,10,1,500,0.5674032378010452
10,2,10,1,510,0.5781590170226991
10,2,10,1,520,0.5876797079108655
10,2,10,1,530,0.6008763900026679
10,2,10,1,540,0.6139817889779806
10,2,10,1,550,0.6241072779521346
10,2,10,1,560,0.6360014523379505
10,2,10,1,570,0.6483368189074099
10,2,10,1,580,0.6584843890741467
10,2,10,1,590,0.6716610658913851
10,2,10,2,20,0.022657462861388922
10,2,10,2,30,0.034000303130596876
10,2,10,2,40,0.04542354214936495
10,2,10,2,50,0.05687174620106816
10,2,10,2,60,0.06838210998103023
10,2,10,2,70,0.08008584193885326
10,2,10,2,80,0.09156381478533149
10,2,10,2,90,0.10269761690869927
10,2,10,2,100,0.11346210073679686
10,2,10,2,110,0.12544416217133403
10,2,10,2,120,0.1367704630829394
10,2,10,2,130,0.14801572682335973
10,2,10,2,140,0.15971490181982517
10,2,10,2,150,0.1706868503242731
10,2,10,2,160,0.18213186413049698
10,2,10,2,170,0.19363728305324912
10,2,10,2,180,0.20489421021193266
10,2,10,2,190,0.21666377922520041
10,2,10,2,200,0.22768631810322404
10,2,10,2,210,0.23955574817955494
10,2,10,2,220,0.2501593232154846
10,2,10,2,230,0.26180767407640815
10,2,10,2,240,0.272766743786633
10,2,10,2,250,0.305206750985235
10,2,10,2,260,0.3310157530941069
10,2,10,2,270,0.3072019061073661
10,2,10,2,280,0.31919291615486145
10,2,10,2,290,0.3295972621999681
10,2,10,2,300,0.3410184821113944
10,2,10,2,310,0.3528624349273741
10,2,10,2,320,0.36433421494439244
10,2,10,2,330,0.375688336789608
10,2,10,2,340,0.38675763364881277
10,2,10,2,350,0.39841771218925714
10,2,10,2,360,0.4094067281112075
10,2,10,2,370,0.42196824634447694
10,2,10,2,380,0.4331717761233449
10,2,10,2,390,0.4441078882664442
10,2,10,2,400,0.4546865252777934
10,2,10,2,410,0.4658925151452422
10,2,10,2,420,0.47612766502425075
10,2,10,2,430,0.48915463499724865
10,2,10,2,440,0.5004948009736836
10,2,10,2,450,0.5122739379294217
10,2,10,2,460,0.5236513460986316
10,2,10,2,470,0.5366111118346453
10,2,10,2,480,0.546984348911792
10,2,10,2,490,0.5582924387417734
10,2,10,2,500,0.5700729973614216
10,2,10,2,510,0.5803741682320833
10,2,10,2,520,0.5914358710870147
10,2,10,2,530,0.6033158982172608
10,2,10,2,540,0.6144288242794573
10,2,10,2,550,0.6275129290297627
10,2,10,2,560,0.6374845709651709
10,2,10,2,570,0.6499258577823639
10,2,10,2,580,0.6594297760166228
10,2,10,2,590,0.6728012580424547
10,2,12,1,20,0.023066902067512274
10,2,12,1,30,0.034551411401480436
10,2,12,1,40,0.04596158815547824
10,2,12,1,50,0.057279779110103846
10,2,12,1,60,0.06894916109740734
10,2,12,1,70,0.0809202129021287
10,2,12,1,80,0.0921977679245174
10,2,12,1,90,0.10395469795912504
10,2,12,1,100,0.1151825892738998
10,2,12,1,110,0.12695704074576497
10,2,12,1,120,0.13757572695612907
10,2,12,1,130,0.14918148517608643
10,2,12,1,140,0.1606808677315712
10,2,12,1,150,0.17240183614194393
10,2,12,1,160,0.1837804806418717
10,2,12,1,170,0.19554613810032606
10,2,12,1,180,0.20688345795497298
10,2,12,1,190,0.21783310500904918
10,2,12,1,200,0.22880855202674866
10,2,12,1,210,0.2419053828343749
10,2,12,1,220,0.2531241397373378
10,2,12,1,230,0.26461201114580035
10,2,12,1,240,0.2762293890118599
10,2,12,1,250,0.28776781214401126
10,2,12,1,260,0.2983051366172731
10,2,12,1,270,0.3109918460249901
10,2,12,1,280,0.32274304144084454
10,2,12,1,290,0.3335996838286519
10,2,12,1,300,0.34485681308433414
10,2,12,1,310,0.35654423385858536
10,2,12,1,320,0.3674842780455947
10,2,12,1,330,0.3795295520685613
10,2,12,1,340,0.39065215829759836
10,2,12,1,350,0.4014255637302995
10,2,12,1,360,0.41385533520951867
10,2,12,1,370,0.42611091723665595
10,2,12,1,380,0.4359422121196985
10,2,12,1,390,0.44957182509824634
10,2,12,1,400,0.45913291815668344
10,2,12,1,410,0.47131374198943377
10,2,12,1,420,0.4826070237904787
10,2,12,1,430,0.4944938002154231
10,2,12,1,440,0.5058637601323426
10,2,12,1,450,0.5181748638860881
10,2,12,1,460,0.5283066187985241
10,2,12,1,470,0.5417706519365311
10,2,12,1,480,0.5521478839218616
10,2,12,1,490,0.5651097502559423
10,2,12,1,500,0.5751891010440886
10,2,12,1,510,0.5878708199597895
10,2,12,1,520,0.6532467440702021
10,2,12,1,530,0.6098759789019823
10,2,12,1,540,0.6199467028491199
10,2,12,1,550,0.6312541756778955
10,2,12,1,560,0.6429674401879311
10,2,12,1,570,0.6562993139959872
10,2,12,1,580,0.6650307052768767
10,2,12,1,590,0.6783600291237235
10,2,12,2,20,0.022852026857435703
10,2,12,2,30,0.034402532037347555
10,2,12,2,40,0.045709991827607155
10,2,12,2,50,0.057850591372698545
10,2,12,2,60,0.06928615411743522
10,2,12,2,70,0.08097608992829919
10,2,12,2,80,0.09209476783871651
10,2,12,2,90,0.1037267092615366
10,2,12,2,100,0.11576228309422731
10,2,12,2,110,0.12654592096805573
10,2,12,2,120,0.1380053646862507
10,2,12,2,130,0.149550121743232
10,2,12,2,140,0.16153487795963883
10,2,12,2,150,0.173289077822119
10,2,12,2,160,0.18418995290994644
10,2,12,2,170,0.19574195193126798
10,2,12,2,180,0.2072241259738803
10,2,12,2,190,0.21867399290204048
10,2,12,2,200,0.2299880408681929
10,2,12,2,210,0.24172260100021958
10,2,12,2,220,0.25320673221722245
10,2,12,2,230,0.26478775683790445
10,2,12,2,240,0.2757589309476316
10,2,12,2,250,0.28714674012735486
10,2,12,2,260,0.29854464903473854
10,2,12,2,270,0.310847036074847
10,2,12,2,280,0.32173790503293276
10,2,12,2,290,0.3332356889732182
10,2,12,2,300,0.34424439491704106
10,2,12,2,310,0.35646711103618145
10,2,12,2,320,0.3670926811173558
10,2,12,2,330,0.3796631838195026
10,2,12,2,340,0.3904325580224395
10,2,12,2,350,0.40264776395633817
10,2,12,2,360,0.4136174228042364
10,2,12,2,370,0.42457738798111677
10,2,12,2,380,0.43646447313949466
10,2,12,2,390,0.4480405170470476
10,2,12,2,400,0.4591221399605274
10,2,12,2,410,0.47175379004329443
10,2,12,2,420,0.4804701101966202
10,2,12,2,430,0.49381648283451796
10,2,12,2,440,0.504003272857517
10,2,12,2,450,0.5171476379036903
10,2,12,2,460,0.5279069095849991
10,2,12,2,470,0.5394630879163742
10,2,12,2,480,0.5503045981749892
10,2,12,2,490,0.5629315059632063
10,2,12,2,500,0.5738249500282109
10,2,12,2,510,0.5869106878526509
10,2,12,2,520,0.5959666408598423
10,2,12,2,530,0.6091179549694061
10,2,12,2,540,0.6179490797221661
10,2,12,2,550,0.6320137418806553
10,2,12,2,560,0.6423292867839336
10,2,12,2,570,0.653527248185128
10,2,12,2,580,0.6636536591686308
10,2,12,2,590,0.6791584342718124
10,3,2,1,20,0.022742020897567272
10,3,2,1,30,0.03389282897114754
10,3,2,1,40,0.04513647826388478
10,3,2,1,50,0.05676417611539364
10,3,2,1,60,0.067696503829211
10,3,2,1,70,0.07894367026165128
10,3,2,1,80,0.09034062689170241
10,3,2,1,90,0.10156526789069176
10,3,2,1,100,0.11329061910510063
10,3,2,1,110,0.12429561698809266
10,3,2,1,120,0.13533438788726926
10,3,2,1,130,0.14727827394381166
10,3,2,1,140,0.15959382290020585
10,3,2,1,150,0.1684573949314654
10,3,2,1,160,0.18002524273470044
10,3,2,1,170,0.1906117731705308
10,3,2,1,180,0.20202113362029195
10,3,2,1,190,0.21368960617110133
10,3,2,1,200,0.22452111542224884
10,3,2,1,210,0.2359838131815195
10,3,2,1,220,0.24729038961231709
10,3,2,1,230,0.3081973697990179
10,3,2,1,240,0.27724251290783286
10,3,2,1,250,0.2868154891766608
10,3,2,1,260,0.29527285881340504
10,3,2,1,270,0.30667003709822893
10,3,2,1,280,0.3164928131736815
10,3,2,1,290,0.3292217100970447
10,3,2,1,300,0.339295974932611
10,3,2,1,310,0.3504379200749099
10,3,2,1,320,0.3619346031919122
10,3,2,1,330,0.37293601781129837
10,3,2,1,340,0.3842212497256696
10,3,2,1,350,0.395964995957911
10,3,2,1,360,0.4070819350890815
10,3,2,1,370,0.41731397015973926
10,3,2,1,380,0.4288419811055064
10,3,2,1,390,0.4392445022240281
10,3,2,1,400,0.4511822331696749
10,3,2,1,410,0.462107062805444
10,3,2,1,420,0.47552005108445883
10,3,2,1,430,0.48349111061543226
10,3,2,1,440,0.4956879438832402
10,3,2,1,450,0.5084731327369809
10,3,2,1,460,0.5197017528116703
10,3,2,1,470,0.5304019367322326
10,3,2,1,480,0.5424046227708459
10,3,2,1,490,0.5542883421294391
10,3,2,1,500,0.5648621846921742
10,3,2,1,510,0.5756482756696641
10,3,2,1,520,0.5882052867673337
10,3,2,1,530,0.5990376058034599
10,3,2,1,540,0.6074625058099627
10,3,2,1,550,0.6194559629075229
10,3,2,1,560,0.631331701297313
10,3,2,1,570,0.6439060480333865
10,3,2,1,580,0.6546126618050039
10,3,2,1,590,0.665743107907474
10,3,2,2,20,0.02254867320880294
10,3,2,2,30,0.03402684303000569
10,3,2,2,40,0.04530284274369478
10,3,2,2,50,0.056356240063905716
10,3,2,2,60,0.06765895104035735
10,3,2,2,70,0.07910139299929142
10,3,2,2,80,0.0905538871884346
10,3,2,2,90,0.10237852018326521
10,3,2,2,100,0.11301314318552613
10,3,2,2,110,0.12493438832461834
10,3,2,2,120,0.1359257479198277
10,3,2,2,130,0.1479957541450858
10,3,2,2,140,0.1587342699058354
10,3,2,2,150,0.17067251214757562
10,3,2,2,160,0.18114731600508094
10,3,2,2,170,0.1939129028469324
10,3,2,2,180,0.20419143373146653
10,3,2,2,190,0.21546210395172238
10,3,2,2,200,0.22641857713460922
10,3,2,2,210,0.23853631829842925
10,3,2,2,220,0.24858068535104394
10,3,2,2,230,0.260379817802459
10,3,2,2,240,0.27188052516430616
10,3,2,2,250,0.2832127530127764
10,3,2,2,260,0.2937684068456292
10,3,2,2,270,0.30436175502836704
10,3,2,2,280,0.31676789512857795
10,3,2,2,290,0.32831436581909657
10,3,2,2,300,0.3388951038941741
10,3,2,2,310,0.35017442470416427
10,3,2,2,320,0.3622407764196396
10,3,2,2,330,0.37279930990189314
10,3,2,2,340,0.38381891790777445
10,3,2,2,350,0.396082263905555
10,3,2,2,360,0.40623327158391476
10,3,2,2,370,0.41894989367574453
10,3,2,2,380,0.43026540661230683
10,3,2,2,390,0.44190755812451243
10,3,2,2,400,0.45263159181922674
10,3,2,2,410,0.4636235670186579
10,3,2,2,420,0.4747692416422069
10,3,2,2,430,0.48686261801049113
10,3,2,2,440,0.4973689438775182
10,3,2,2,450,0.508686400949955
10,3,2,2,460,0.5206496622413397
10,3,2,2,470,0.5310336910188198
10,3,2,2,480,0.5974586382508278
10,3,2,2,490,0.5556703768670559
10,3,2,2,500,0.563007484190166
10,3,2,2,510,0.57557149278
10,3,2,2,520,0.586963864043355
10,3,2,2,530,0.5976544409058988
10,3,2,2,540,0.6084907241165638
10,3,2,2,550,0.6215140069834888
10,3,2,2,560,0.6324204499833286
10,3,2,2,570,0.6451575490646064
10,3,2,2,580,0.6552209639921784
10,3,2,2,590,0.6655329209752381
10,3,4,1,20,0.022710787132382393
10,3,4,1,30,0.03405451588332653
10,3,4,1,40,0.045210907235741615
10,3,4,1,50,0.05677950335666537
10,3,4,1,60,0.06804084731265903
10,3,4,1,70,0.07922822516411543
10,3,4,1,80,0.09174523828551173
10,3,4,1,90,0.102288409601897
10,3,4,1,100,0.11323769297450781
10,3,4,1,110,0.12440913869068027
10,3,4,1,120,0.13563730800524354
10,3,4,1,130,0.14722525794059038
10,3,4,1,140,0.15851410292088985
10,3,4,1,150,0.16965934494510293
10,3,4,1,160,0.18102243728935719
10,3,4,1,170,0.19329893682152033
10,3,4,1,180,0.20372369419783354
10,3,4,1,190,0.21491315914317966
10,3,4,1,200,0.22688449965789914
10,3,4,1,210,0.23759536165744066
10,3,4,1,220,0.2482577571645379
10,3,4,1,230,0.2605157159268856
10,3,4,1,240,0.2706293873488903
10,3,4,1,250,0.2820320730097592
10,3,4,1,260,0.2952265590429306
10,3,4,1,270,0.3064272846095264
10,3,4,1,280,0.3170885401777923
10,3,4,1,290,0.329019270837307
10,3,4,1,300,0.33960536820814013
10,3,4,1,310,0.3528195759281516
10,3,4,1,320,0.36242138035595417
10,3,4,1,330,0.37338283378630877
10,3,4,1,340,0.3846962838433683
10,3,4,1,350,0.3985285898670554
10,3,4,1,360,0.405615511815995
10,3,4,1,370,0.4187889778986573
10,3,4,1,380,0.42862577410414815
10,3,4,1,390,0.43996372912079096
10,3,4,1,400,0.45202308194711804
10,3,4,1,410,0.46363311260938644
10,3,4,1,420,0.4739306606352329
10,3,4,1,430,0.48623321019113064
10,3,4,1,440,0.4986941209062934
10,3,4,1,450,0.5086425147019327
10,3,4,1,460,0.5186728672124445
10,3,4,1,470,0.5319876749999821
10,3,4,1,480,0.5423563648946583
10,3,4,1,490,0.5530929681845009
10,3,4,1,500,0.5637301141396165
10,3,4,1,510,0.5759006086736917
10,3,4,1,520,0.5854479381814599
10,3,4,1,530,0.5992502281442285
10,3,4,1,540,0.6095676012337208
10,3,4,1,550,0.622354700230062
10,3,4,1,560,0.6326776570640504
10,3,4,1,570,0.6444845721125603
10,3,4,1,580,0.6549228341318667
10,3,4,1,590,0.6684652497060597
10,3,4,2,20,0.02268470684066415
10,3,4,2,30,0.034040524158626795
10,3,4,2,40,0.045257339254021645
10,3,4,2,50,0.05670815985649824
10,3,4,2,60,0.06779262609779835
10,3,4,2,70,0.07942976895719767
10,3,4,2,80,0.09056834736838937
10,3,4,2,90,0.10152961267158389
10,3,4,2,100,0.11342570604756474
10,3,4,2,110,0.1243181498721242
10,3,4,2,120,0.13549165707081556
10,3,4,2,130,0.14715815801173449
10,3,4,2,140,0.15790728013962507
10,3,4,2,150,0.1695039700716734
10,3,4,2,160,0.18063020799309015
10,3,4,2,170,0.19211797416210175
10,3,4,2,180,0.20312326261773705
10,3,4,2,190,0.2147352141328156
10,3,4,2,200,0.22603647969663143
10,3,4,2,210,0.23693719925358891
10,3,4,2,220,0.24829326011240482
10,3,4,2,230,0.2844956903718412
10,3,4,2,240,0.3013712097890675
10,3,4,2,250,0.2829836308956146
10,3,4,2,260,0.293481751345098
10,3,4,2,270,0.3051069458015263
10,3,4,2,280,0.3162703621201217
10,3,4,2,290,0.3286855020560324
10,3,4,2,300,0.3395493752323091
10,3,4,2,310,0.3508138149045408
10,3,4,2,320,0.36162891890853643
10,3,4,2,330,0.3733618459664285
10,3,4,2,340,0.3838383606635034
10,3,4,2,350,0.3962923693470657
10,3,4,2,360,0.4073725361377001
10,3,4,2,370,0.41775429993867874
10,3,4,2,380,0.42724442202597857
10,3,4,2,390,0.4409399670548737
10,3,4,2,400,0.45123554719612
10,3,4,2,410,0.46424262318760157
10,3,4,2,420,0.4744251389056444
10,3,4,2,430,0.4870354337617755
10,3,4,2,440,0.49769002106040716
10,3,4,2,450,0.5085632279515266
10,3,4,2,460,0.5178924133069813
10,3,4,2,470,0.5296076852828264
10,3,4,2,480,0.5419365777634084
10,3,4,2,490,0.5545387119054794
10,3,4,2,500,0.5635841600596905
10,3,4,2,510,0.576419607270509
10,3,4,2,520,0.5870357472449541
10,3,4,2,530,0.5985014792531729
10,3,4,2,540,0.6077526519075036
10,3,4,2,550,0.6218830607831478
10,3,4,2,560,0.6323594688437879
10,3,4,2,570,0.6444963202811778
10,3,4,2,580,0.6545589030720294
10,3,4,2,590,0.665064366068691
10,3,6,1,20,0.02271045185625553
10,3,6,1,30,0.03412442095577717
10,3,6,1,40,0.04531522886827588
10,3,6,1,50,0.05664535891264677
10,3,6,1,60,0.06830674782395363
10,3,6,1,70,0.07938524894416332
10,3,6,1,80,0.0902661019936204
10,3,6,1,90,0.10176711995154619
10,3,6,1,100,0.11299759475514293
10,3,6,1,110,0.12475812016054988
10,3,6,1,120,0.13593295961618423
10,3,6,1,130,0.14688499690964818
10,3,6,1,140,0.15820341790094972
10,3,6,1,150,0.16930382931604981
10,3,6,1,160,0.18001158395782113
10,3,6,1,170,0.1916116732172668
10,3,6,1,180,0.2026371438987553
10,3,6,1,190,0.21416711993515491
10,3,6,1,200,0.22594213811680675
10,3,6,1,210,0.23758917534723878
10,3,6,1,220,0.24803337082266808
10,3,6,1,230,0.2590697188861668
10,3,6,1,240,0.27050015330314636
10,3,6,1,250,0.2817846890538931
10,3,6,1,260,0.29342289408668876
10,3,6,1,270,0.30648172413930297
10,3,6,1,280,0.31657259119674563
10,3,6,1,290,0.3287233328446746
10,3,6,1,300,0.3386020637117326
10,3,6,1,310,0.3512452528811991
10,3,6,1,320,0.36186507204547524
10,3,6,1,330,0.3741202228702605
10,3,6,1,340,0.38300375873222947
10,3,6,1,350,0.3938116002827883
10,3,6,1,360,0.40590193681418896
10,3,6,1,370,0.41756630688905716
10,3,6,1,380,0.4289523959159851
10,3,6,1,390,0.4415202010422945
10,3,6,1,400,0.45234063314273953
10,3,6,1,410,0.46404920192435384
10,3,6,1,420,0.4743321780115366
10,3,6,1,430,0.485974180046469
10,3,6,1,440,0.4963307809084654
10,3,6,1,450,0.5092530199326575
10,3,6,1,460,0.5210552979260683
10,3,6,1,470,0.5330396718345582
10,3,6,1,480,0.5430740346200764
10,3,6,1,490,0.5544031728059053
10,3,6,1,500,0.6200515409000218
10,3,6,1,510,0.5763585069216788
10,3,6,1,520,0.5869704182259738
10,3,6,1,530,0.5978102181106806
10,3,6,1,540,0.6094469400122762
10,3,6,1,550,0.6224259021691978
10,3,6,1,560,0.6336005930788815
10,3,6,1,570,0.6440669349394739
10,3,6,1,580,0.6536516360938549
10,3,6,1,590,0.6675605201162398
10,3,6,2,20,0.022528389934450388
10,3,6,2,30,0.033928797114640474
10,3,6,2,40,0.045223097782582045
10,3,6,2,50,0.05683570262044668
10,3,6,2,60,0.06801951117813587
10,3,6,2,70,0.08009697683155537
10,3,6,2,80,0.09047755692154169
10,3,6,2,90,0.10192926321178675
10,3,6,2,100,0.11250717099756002
10,3,6,2,110,0.1243166639469564
10,3,6,2,120,0.13547184923663735
10,3,6,2,130,0.14748846786096692
10,3,6,2,140,0.15888223331421614
10,3,6,2,150,0.16950135631486773
10,3,6,2,160,0.18064749334007502
10,3,6,2,170,0.19272906938567758
10,3,6,2,180,0.20355760818347335
10,3,6,2,190,0.21531479200348258
10,3,6,2,200,0.22655028104782104
10,3,6,2,210,0.23751781787723303
10,3,6,2,220,0.24739596107974648
10,3,6,2,230,0.2602566839195788
10,3,6,2,240,0.2709028599783778
10,3,6,2,250,0.2819394920952618
10,3,6,2,260,0.2941943393088877
10,3,6,2,270,0.3051587585359812
10,3,6,2,280,0.3162056542932987
10,3,6,2,290,0.32788458885625005
10,3,6,2,300,0.3394864699803293
10,3,6,2,310,0.3511853930540383
10,3,6,2,320,0.3621351523324847
10,3,6,2,330,0.37364667700603604
10,3,6,2,340,0.3841427401639521
10,3,6,2,350,0.3963509420864284
10,3,6,2,360,0.4070595670491457
10,3,6,2,370,0.4194139139726758
10,3,6,2,380,0.4299072897993028
10,3,6,2,390,0.44089469127357006
10,3,6,2,400,0.4513841881416738
10,3,6,2,410,0.4639072809368372
10,3,6,2,420,0.4760258919559419
10,3,6,2,430,0.4865901400335133
10,3,6,2,440,0.4971030759625137
10,3,6,2,450,0.5094838398508728
10,3,6,2,460,0.5188635708764195
10,3,6,2,470,0.5318719749338925
10,3,6,2,480,0.5418578651733696
10,3,6,2,490,0.5542508130893111
10,3,6,2,500,0.5673697693273425
10,3,6,2,510,0.5782197220250964
10,3,6,2,520,0.5893907090649009
10,3,6,2,530,0.6009315550327301
10,3,6,2,540,0.6116951508447528
10,3,6,2,550,0.6236272952519357
10,3,6,2,560,0.6328654051758349
10,3,6,2,570,0.6465350762009621
10,3,6,2,580,0.6568456017412245
10,3,6,2,590,0.6694041946902871
10,3,8,1,20,0.02267970610409975
10,3,8,1,30,0.03409624984487891
10,3,8,1,40,0.045307404827326536
10,3,8,1,50,0.05681981611996889
10,3,8,1,60,0.06792193930596113
10,3,8,1,70,0.0795073457993567
10,3,8,1,80,0.09052080987021327
10,3,8,1,90,0.10254484321922064
10,3,8,1,100,0.11358962208032608
10,3,8,1,110,0.12475661700591445
10,3,8,1,120,0.13571052998304367
10,3,8,1,130,0.14687859266996384
10,3,8,1,140,0.15833454625681043
10,3,8,1,150,0.17004702566191554
10,3,8,1,160,0.18066950421780348
10,3,8,1,170,0.19272225117310882
10,3,8,1,180,0.20286482712253928
10,3,8,1,190,0.2155418279580772
10,3,8,1,200,0.22763535100966692
10,3,8,1,210,0.23909136280417442
10,3,8,1,220,0.2486302200704813
10,3,8,1,230,0.2607788289897144
10,3,8,1,240,0.3277417831122875
10,3,8,1,250,0.28295793337747455
10,3,8,1,260,0.2959123277105391
10,3,8,1,270,0.30702103627845645
10,3,8,1,280,0.3183079962618649
10,3,8,1,290,0.3292942992411554
10,3,8,1,300,0.3409265670925379
10,3,8,1,310,0.35235929396003485
10,3,8,1,320,0.3633829359896481
10,3,8,1,330,0.37517562694847584
10,3,8,1,340,0.3871791153214872
10,3,8,1,350,0.3984327227808535
10,3,8,1,360,0.40837200498208404
10,3,8,1,370,0.4212292740121484
10,3,8,1,380,0.43323142966255546
10,3,8,1,390,0.44322310108691454
10,3,8,1,400,0.4544684528373182
10,3,8,1,410,0.46445786487311125
10,3,8,1,420,0.4767339760437608
10,3,8,1,430,0.4892278607003391
10,3,8,1,440,0.49858730798587203
10,3,8,1,450,0.511273147072643
10,3,8,1,460,0.5212571080774069
10,3,8,1,470,0.5338681470602751
10,3,8,1,480,0.5453249961137772
10,3,8,1,490,0.556620174087584
10,3,8,1,500,0.5667416709475219
10,3,8,1,510,0.5803521610796452
10,3,8,1,520,0.5900631998665631
10,3,8,1,530,0.603386658243835
10,3,8,1,540,0.6126461788080633
10,3,8,1,550,0.6264340090565383
10,3,8,1,560,0.6356561649590731
10,3,8,1,570,0.6467959489673376
10,3,8,1,580,0.6576076680794358
10,3,8,1,590,0.6689582667313516
10,3,8,2,20,0.02253524214029312
10,3,8,2,30,0.03412626264616847
10,3,8,2,40,0.04512511985376477
10,3,8,2,50,0.056945144198834896
10,3,8,2,60,0.06810273695737123
10,3,8,2,70,0.07941200491040945
10,3,8,2,80,0.09112149802967906
10,3,8,2,90,0.10215803375467658
10,3,8,2,100,0.11368096806108952
10,3,8,2,110,0.12478621397167444
10,3,8,2,120,0.1357641089707613
10,3,8,2,130,0.14776683086529374
10,3,8,2,140,0.1584007777273655
10,3,8,2,150,0.16981102619320154
10,3,8,2,160,0.18114847596734762
10,3,8,2,170,0.19282281585037708
10,3,8,2,180,0.2032624208368361
10,3,8,2,190,0.21600264171138406
10,3,8,2,200,0.22608273569494486
10,3,8,2,210,0.23744421172887087
10,3,8,2,220,0.24900599475950003
10,3,8,2,230,0.26099979784339666
10,3,8,2,240,0.27190246898680925
10,3,8,2,250,0.28337102197110653
10,3,8,2,260,0.2948126792907715
10,3,8,2,270,0.3057577097788453
10,3,8,2,280,0.316341286059469
10,3,8,2,290,0.32850967021659017
10,3,8,2,300,0.33939143596217036
10,3,8,2,310,0.35053998697549105
10,3,8,2,320,0.3619839628227055
10,3,8,2,330,0.3740093889646232
10,3,8,2,340,0.3860930819064379
10,3,8,2,350,0.3965842640027404
10,3,8,2,360,0.4070528047159314
10,3,8,2,370,0.418709066696465
10,3,8,2,380,0.42993666091933846
10,3,8,2,390,0.4423352172598243
10,3,8,2,400,0.4538233079947531
10,3,8,2,410,0.4644484678283334
10,3,8,2,420,0.4765618219971657
10,3,8,2,430,0.48882691375911236
10,3,8,2,440,0.5003522951155901
10,3,8,2,450,0.5121600716374815
10,3,8,2,460,0.5214887368492782
10,3,8,2,470,0.5335100973024964
10,3,8,2,480,0.5444687008857727
10,3,8,2,490,0.5555300777778029
10,3,8,2,500,0.6223654840141535
10,3,8,2,510,0.5792501452378929
10,3,8,2,520,0.5910655218176544
10,3,8,2,530,0.5992256882600486
10,3,8,2,540,0.6117916451767087
10,3,8,2,550,0.6244165119715035
10,3,8,2,560,0.6358413542620838
10,3,8,2,570,0.6475466322153807
10,3,8,2,580,0.6587245441041887
10,3,8,2,590,0.6704898183234036
10,3,10,1,20,0.02276972122490406
10,3,10,1,30,0.03425429807975888
10,3,10,1,40,0.045699978712946177
10,3,10,1,50,0.05681230779737234
10,3,10,1,60,0.06897270493209362
10,3,10,1,70,0.08014598907902837
10,3,10,1,80,0.09081593528389931
10,3,10,1,90,0.10292419977486134
10,3,10,1,100,0.11376331420615315
10,3,10,1,110,0.1249129418283701
10,3,10,1,120,0.13639523182064295
10,3,10,1,130,0.14800732070580125
10,3,10,1,140,0.15867410087957978
10,3,10,1,150,0.17046940699219704
10,3,10,1,160,0.18167015304788947
10,3,10,1,170,0.19342519296333194
10,3,10,1,180,0.20435080491006374
10,3,10,1,190,0.21575104724615812
10,3,10,1,200,0.22668422618880868
10,3,10,1,210,0.23847722727805376
10,3,10,1,220,0.24962934106588364
10,3,10,1,230,0.2616276857443154
10,3,10,1,240,0.2722619529813528
10,3,10,1,250,0.28494326677173376
10,3,10,1,260,0.29539034329354763
10,3,10,1,270,0.30721711786463857
10,3,10,1,280,0.3175094132311642
10,3,10,1,290,0.33048841217532754
10,3,10,1,300,0.3411755640991032
10,3,10,1,310,0.3533726679161191
10,3,10,1,320,0.3629661970771849
10,3,10,1,330,0.37441338086500764
10,3,10,1,340,0.3861689339391887
10,3,10,1,350,0.398386821616441
10,3,10,1,360,0.40847565000876784
10,3,10,1,370,0.42146900901570916
10,3,10,1,380,0.43184314388781786
10,3,10,1,390,0.4426731560379267
10,3,10,1,400,0.454277521930635
10,3,10,1,410,0.46710869390517473
10,3,10,1,420,0.4762746528722346
10,3,10,1,430,0.49008779367432
10,3,10,1,440,0.5001486819237471
10,3,10,1,450,0.5113188358955085
10,3,10,1,460,0.5234300191514194
10,3,10,1,470,0.5369519549421966
10,3,10,1,480,0.5470606600865722
10,3,10,1,490,0.5584893329069018
10,3,10,1,500,0.5693240133114159
10,3,10,1,510,0.5815315279178321
10,3,10,1,520,0.5919033330865204
10,3,10,1,530,0.6043225647881627
10,3,10,1,540,0.6131656668148935
10,3,10,1,550,0.6266389829106629
10,3,10,1,560,0.6372699849307537
10,3,10,1,570,0.6495485273189843
10,3,10,1,580,0.6622250871732831
10,3,10,1,590,0.6733054369688034
10,3,10,2,20,0.02275792183354497
10,3,10,2,30,0.034247910138219595
10,3,10,2,40,0.04536053724586964
10,3,10,2,50,0.05696596298366785
10,3,10,2,60,0.06833455106243491
10,3,10,2,70,0.08001787913963199
10,3,10,2,80,0.09119978407397866
10,3,10,2,90,0.10275913123041391
10,3,10,2,100,0.11365424329414964
10,3,10,2,110,0.12563265999779105
10,3,10,2,120,0.13667664490640163
10,3,10,2,130,0.14800965087488294
10,3,10,2,140,0.15946176229044795
10,3,10,2,150,0.17090934189036489
10,3,10,2,160,0.18176182126626372
10,3,10,2,170,0.19434003299102187
10,3,10,2,180,0.20572625612840056
10,3,10,2,190,0.21606875909492373
10,3,10,2,200,0.22792500397190452
10,3,10,2,210,0.2878605891019106
10,3,10,2,220,0.25640816893428564
10,3,10,2,230,0.261442709248513
10,3,10,2,240,0.27353211771696806
10,3,10,2,250,0.2855266141705215
10,3,10,2,260,0.29647887498140335
10,3,10,2,270,0.3081606850028038
10,3,10,2,280,0.3190735839307308
10,3,10,2,290,0.3307119170203805
10,3,10,2,300,0.3416681047528982
10,3,10,2,310,0.35295640397816896
10,3,10,2,320,0.3645334872417152
10,3,10,2,330,0.37587451189756393
10,3,10,2,340,0.3875178061425686
10,3,10,2,350,0.3999507841654122
10,3,10,2,360,0.41054025338962674
10,3,10,2,370,0.4219068670645356
10,3,10,2,380,0.4317417638376355
10,3,10,2,390,0.44415777875110507
10,3,10,2,400,0.4550065668299794
10,3,10,2,410,0.4680609512142837
10,3,10,2,420,0.47901448933407664
10,3,10,2,430,0.49172697123140097
10,3,10,2,440,0.501149941701442
10,3,10,2,450,0.5133776161819696
10,3,10,2,460,0.5238270335830748
10,3,10,2,470,0.5367234828881919
10,3,10,2,480,0.5456892857328057
10,3,10,2,490,0.5590237048454583
10,3,10,2,500,0.5701319151557982
10,3,10,2,510,0.5831260071136057
10,3,10,2,520,0.5940689719282091
10,3,10,2,530,0.603975378908217
10,3,10,2,540,0.6172553007490933
10,3,10,2,550,0.6276403372175992
10,3,10,2,560,0.6379423621110618
10,3,10,2,570,0.6516857813112438
10,3,10,2,580,0.6629203432239592
10,3,10,2,590,0.6758604389615357
10,3,12,1,20,0.02329200692474842
10,3,12,1,30,0.03467201394960284
10,3,12,1,40,0.046101354993879795
10,3,12,1,50,0.0576716591604054
10,3,12,1,60,0.06922980304807425
10,3,12,1,70,0.0814330498687923
10,3,12,1,80,0.09243084117770195
10,3,12,1,90,0.10414820211008191
10,3,12,1,100,0.11586840683594346
10,3,12,1,110,0.12710237223654985
10,3,12,1,120,0.13824096508324146
10,3,12,1,130,0.15023490693420172
10,3,12,1,140,0.16111332504078746
10,3,12,1,150,0.17267917795106769
10,3,12,1,160,0.1848955499008298
10,3,12,1,170,0.1972612631507218
10,3,12,1,180,0.20765096601098776
10,3,12,1,190,0.21924828412011266
10,3,12,1,200,0.2303886073641479
10,3,12,1,210,0.24266153061762452
10,3,12,1,220,0.2532098749652505
10,3,12,1,230,0.265057863201946
10,3,12,1,240,0.27618932304903865
10,3,12,1,250,0.2884046225808561
10,3,12,1,260,0.2996687847189605
10,3,12,1,270,0.31221217568963766
10,3,12,1,280,0.3224138282239437
10,3,12,1,290,0.33532810397446156
10,3,12,1,300,0.3449306692928076
10,3,12,1,310,0.3577939379028976
10,3,12,1,320,0.36868991423398256
10,3,12,1,330,0.38092557759955525
10,3,12,1,340,0.39113525627180934
10,3,12,1,350,0.40336928330361843
10,3,12,1,360,0.41436226898804307
10,3,12,1,370,0.42614938598126173
10,3,12,1,380,0.4379894551821053
10,3,12,1,390,0.450289071071893
10,3,12,1,400,0.4615978659130633
10,3,12,1,410,0.4708792697638273
10,3,12,1,420,0.4841617359779775
10,3,12,1,430,0.4943583901040256
10,3,12,1,440,0.5073512392118573
10,3,12,1,450,0.5500764641910791
10,3,12,1,460,0.5550268976949155
10,3,12,1,470,0.5419696480967104
10,3,12,1,480,0.5520408786833286
10,3,12,1,490,0.5633877031505108
10,3,12,1,500,0.5756269907578826
10,3,12,1,510,0.5870682769455016
10,3,12,1,520,0.5975437639281154
10,3,12,1,530,0.6092612151987851
10,3,12,1,540,0.6204859390854836
10,3,12,1,550,0.6325050489977002
10,3,12,1,560,0.6443509040400386
10,3,12,1,570,0.6574038076214492
10,3,12,1,580,0.6673889621160924
10,3,12,1,590,0.6798853147774935
10,3,12,2,20,0.022994128987193108
10,3,12,2,30,0.034654160030186176
10,3,12,2,40,0.0460846871137619
10,3,12,2,50,0.05787735618650913
10,3,12,2,60,0.06952198594808578
10,3,12,2,70,0.08075209800153971
10,3,12,2,80,0.09248215984553099
10,3,12,2,90,0.10432429984211922
10,3,12,2,100,0.11556566413491964
10,3,12,2,110,0.12763022538274527
10,3,12,2,120,0.1383955809287727
10,3,12,2,130,0.15075168013572693
10,3,12,2,140,0.16163967503234744
10,3,12,2,150,0.17355390172451735
10,3,12,2,160,0.18415522621944547
10,3,12,2,170,0.1963064931333065
10,3,12,2,180,0.20802451530471444
10,3,12,2,190,0.21922788210213184
10,3,12,2,200,0.2302111410535872
10,3,12,2,210,0.24168798699975014
10,3,12,2,220,0.2535143308341503
10,3,12,2,230,0.26496486365795135
10,3,12,2,240,0.27546287002041936
10,3,12,2,250,0.2880973583087325
10,3,12,2,260,0.2990292920731008
10,3,12,2,270,0.31199104292318225
10,3,12,2,280,0.3224202487617731
10,3,12,2,290,0.335211344063282
10,3,12,2,300,0.3457357259467244
10,3,12,2,310,0.3570029051043093
10,3,12,2,320,0.36979615595191717
10,3,12,2,330,0.37998533388599753
10,3,12,2,340,0.3902990319766104
10,3,12,2,350,0.4029663596302271
10,3,12,2,360,0.414012320805341
10,3,12,2,370,0.4256509328261018
10,3,12,2,380,0.4368235692381859
10,3,12,2,390,0.44860480399802327
10,3,12,2,400,0.4589825109578669
10,3,12,2,410,0.47230561496689916
10,3,12,2,420,0.482455656863749
10,3,12,2,430,0.49380127992480993
10,3,12,2,440,0.5048304330557585
10,3,12,2,450,0.5174833373166621
10,3,12,2,460,0.5287630413658917
10,3,12,2,470,0.540739479009062
10,3,12,2,480,0.5511123561300337
10,3,12,2,490,0.5660839006304741
10,3,12,2,500,0.5750404950231314
10,3,12,2,510,0.5875004469417036
10,3,12,2,520,0.5974345412105322
10,3,12,2,530,0.6057659420184791
10,3,12,2,540,0.6171103408560157
10,3,12,2,550,0.6325240908190608
10,3,12,2,560,0.6412088540382683
10,3,12,2,570,0.6548580089583993
10,3,12,2,580,0.665746086742729
10,3,12,2,590,0.6787491417489946
10,4,2,1,20,0.022846410982310772
10,4,2,1,30,0.0342305270023644
10,4,2,1,40,0.045529702212661505
10,4,2,1,50,0.05743898404762149
10,4,2,1,60,0.06830885633826256
10,4,2,1,70,0.07955111796036363
10,4,2,1,80,0.091434421017766
10,4,2,1,90,0.10238008899614215
10,4,2,1,100,0.1136315749026835
10,4,2,1,110,0.12518532341346145
10,4,2,1,120,0.13592896703630686
10,4,2,1,130,0.14790746197104454
10,4,2,1,140,0.15891342796385288
10,4,2,1,150,0.169941034168005
10,4,2,1,160,0.18159800488501787
10,4,2,1,170,0.19393050763756037
10,4,2,1,180,0.20409531705081463
10,4,2,1,190,0.2156174350529909
10,4,2,1,200,0.22684815293177962
10,4,2,1,210,0.23876427859067917
10,4,2,1,220,0.30502694100141525
10,4,2,1,230,0.26140869082883
10,4,2,1,240,0.27270166110247374
10,4,2,1,250,0.2839219397865236
10,4,2,1,260,0.29554836358875036
10,4,2,1,270,0.30666184425354004
10,4,2,1,280,0.3183207279071212
10,4,2,1,290,0.3295167237520218
10,4,2,1,300,0.3405608353205025
10,4,2,1,310,0.35250697284936905
10,4,2,1,320,0.3634213041514158
10,4,2,1,330,0.3759851669892669
10,4,2,1,340,0.3863463718444109
10,4,2,1,350,0.3989407327026129
10,4,2,1,360,0.40766654908657074
10,4,2,1,370,0.4192473706789315
10,4,2,1,380,0.4301037909463048
10,4,2,1,390,0.44325887924060225
10,4,2,1,400,0.45407902263104916
10,4,2,1,410,0.4651851658709347
10,4,2,1,420,0.4766671569086611
10,4,2,1,430,0.4881983990781009
10,4,2,1,440,0.49999424209818244
10,4,2,1,450,0.510796015150845
10,4,2,1,460,0.5218512383289635
10,4,2,1,470,0.5323408152908087
10,4,2,1,480,0.5452818288467824
10,4,2,1,490,0.5543268248438835
10,4,2,1,500,0.5677945511415601
10,4,2,1,510,0.5786893460899591
10,4,2,1,520,0.5888684513047338
10,4,2,1,530,0.6037952918559313
10,4,2,1,540,0.612862154841423
10,4,2,1,550,0.6236787298694253
10,4,2,1,560,0.6356327780522406
10,4,2,1,570,0.647272395901382
10,4,2,1,580,0.6566494437865913
10,4,2,1,590,0.6692475653253496
10,4,2,2,20,0.022765001747757196
10,4,2,2,30,0.034329183865338564
10,4,2,2,40,0.04528976185247302
10,4,2,2,50,0.05658339615911245
10,4,2,2,60,0.06838163873180747
10,4,2,2,70,0.07961614523082972
10,4,2,2,80,0.09076625294983387
10,4,2,2,90,0.10221584513783455
10,4,2,2,100,0.1136250370182097
10,4,2,2,110,0.1249617850407958
10,4,2,2,120,0.13614531513303518
10,4,2,2,130,0.1474402341991663
10,4,2,2,140,0.15927558578550816
10,4,2,2,150,0.1706386562436819
10,4,2,2,160,0.1819899221882224
10,4,2,2,170,0.1932671652175486
10,4,2,2,180,0.20466860383749008
10,4,2,2,190,0.21548721566796303
10,4,2,2,200,0.22670742124319077
10,4,2,2,210,0.23844295227900147
10,4,2,2,220,0.24836485320702195
10,4,2,2,230,0.26067481469362974
10,4,2,2,240,0.27173652313649654
10,4,2,2,250,0.28428711788728833
10,4,2,2,260,0.29484837083145976
10,4,2,2,270,0.30641049100086093
10,4,2,2,280,0.31766535388305783
10,4,2,2,290,0.3288183771073818
10,4,2,2,300,0.34039027336984873
10,4,2,2,310,0.35262576397508383
10,4,2,2,320,0.36257665092125535
10,4,2,2,330,0.3759577660821378
10,4,2,2,340,0.3863855442032218
10,4,2,2,350,0.39716133987531066
10,4,2,2,360,0.40896632289513946
10,4,2,2,370,0.4201142438687384
10,4,2,2,380,0.4303411301225424
10,4,2,2,390,0.44327323604375124
10,4,2,2,400,0.452911248896271
10,4,2,2,410,0.46527291275560856
10,4,2,2,420,0.47543687000870705
10,4,2,2,430,0.4873521621339023
10,4,2,2,440,0.49842425994575024
10,4,2,2,450,0.5092380680143833
10,4,2,2,460,0.5620930218137801
10,4,2,2,470,0.546386316884309
10,4,2,2,480,0.5427749631926417
10,4,2,2,490,0.5557702011428773
10,4,2,2,500,0.5656970241107047
10,4,2,2,510,0.5764778819866478
10,4,2,2,520,0.5883195991627872
10,4,2,2,530,0.6014588661491871
10,4,2,2,540,0.6123436959460378
10,4,2,2,550,0.6240389198064804
10,4,2,2,560,0.6350600379519165
10,4,2,2,570,0.6473837336525321
10,4,2,2,580,0.6577351279556751
10,4,2,2,590,0.6709087137132883
10,4,4,1,20,0.022796486970037222
10,4,4,1,30,0.03440438909456134
10,4,4,1,40,0.046126437839120626
10,4,4,1,50,0.05694463290274143
10,4,4,1,60,0.0683054281398654
10,4,4,1,70,0.08006078889593482
10,4,4,1,80,0.0912991282530129
10,4,4,1,90,0.10297589376568794
10,4,4,1,100,0.11400836100801826
10,4,4,1,110,0.12555810529738665
10,4,4,1,120,0.13642645301297307
10,4,4,1,130,0.14800671581178904
10,4,4,1,140,0.15939662186428905
10,4,4,1,150,0.17130157491192222
10,4,4,1,160,0.18239209474995732
10,4,4,1,170,0.1942809009924531
10,4,4,1,180,0.20499754417687654
10,4,4,1,190,0.21636048797518015
10,4,4,1,200,0.22809039801359177
10,4,4,1,210,0.2393770320340991
10,4,4,1,220,0.25072774197906256
10,4,4,1,230,0.2617078102193773
10,4,4,1,240,0.2725182590074837
10,4,4,1,250,0.28498993208631873
10,4,4,1,260,0.29617714416235685
10,4,4,1,270,0.30776771577075124
10,4,4,1,280,0.3179189469665289
10,4,4,1,290,0.33064019586890936
10,4,4,1,300,0.341577913146466
10,4,4,1,310,0.352497227024287
10,4,4,1,320,0.3643764741718769
10,4,4,1,330,0.37501229904592037
10,4,4,1,340,0.3849748279899359
10,4,4,1,350,0.39855696726590395
10,4,4,1,360,0.4090678342618048
10,4,4,1,370,0.42076063714921474
10,4,4,1,380,0.4318844908848405
10,4,4,1,390,0.4442071891389787
10,4,4,1,400,0.4540930725634098
10,4,4,1,410,0.46614273078739643
10,4,4,1,420,0.47912539867684245
10,4,4,1,430,0.48861893685534596
10,4,4,1,440,0.5007272837683558
10,4,4,1,450,0.5126545736566186
10,4,4,1,460,0.523605337832123
10,4,4,1,470,0.5346143408678472
10,4,4,1,480,0.5452214470133185
10,4,4,1,490,0.5577072501182556
10,4,4,1,500,0.5683561009354889
10,4,4,1,510,0.5807056361809373
10,4,4,1,520,0.5914977579377592
10,4,4,1,530,0.6022168728522956
10,4,4,1,540,0.614400384016335
10,4,4,1,550,0.6258769202977419
10,4,4,1,560,0.6363311358727515
10,4,4,1,570,0.6495821378193796
10,4,4,1,580,0.6589128542691469
10,4,4,1,590,0.6718422528356314
10,4,4,2,20,0.02267685392871499
10,4,4,2,30,0.03416670626029372
10,4,4,2,40,0.04560545505955815
10,4,4,2,50,0.056732573080807924
10,4,4,2,60,0.06823193095624447
10,4,4,2,70,0.0795987918972969
10,4,4,2,80,0.09068658808246255
10,4,4,2,90,0.10247626295313239
10,4,4,2,100,0.11335337813943624
10,4,4,2,110,0.12438267888501287
10,4,4,2,120,0.13597195781767368
10,4,4,2,130,0.14708273392170668
10,4,4,2,140,0.15972239198163152
10,4,4,2,150,0.16970858303830028
10,4,4,2,160,0.18071833392605186
10,4,4,2,170,0.19285062327980995
10,4,4,2,180,0.2043338161893189
10,4,4,2,190,0.21580772381275892
10,4,4,2,200,0.22734101023525
10,4,4,2,210,0.23839237773790956
10,4,4,2,220,0.27790456684306264
10,4,4,2,230,0.2605535960756242
10,4,4,2,240,0.271765923127532
10,4,4,2,250,0.2836989602074027
10,4,4,2,260,0.29446497606113553
10,4,4,2,270,0.30611947318539023
10,4,4,2,280,0.31719231279566884
10,4,4,2,290,0.3292527850717306
10,4,4,2,300,0.340218564029783
10,4,4,2,310,0.3534714700654149
10,4,4,2,320,0.36298564495518804
10,4,4,2,330,0.3743922868743539
10,4,4,2,340,0.38522653793916106
10,4,4,2,350,0.3978726542554796
10,4,4,2,360,0.4069100469350815
10,4,4,2,370,0.4199293269775808
10,4,4,2,380,0.4305309168994427
10,4,4,2,390,0.44204315636307
10,4,4,2,400,0.45426919125020504
10,4,4,2,410,0.46547575760632753
10,4,4,2,420,0.4764173189178109
10,4,4,2,430,0.4880619919858873
10,4,4,2,440,0.4968631472438574
10,4,4,2,450,0.5082084517925978
10,4,4,2,460,0.5209573479369283
10,4,4,2,470,0.534290405921638
10,4,4,2,480,0.5445579499937594
10,4,4,2,490,0.5560655258595943
10,4,4,2,500,0.5679731359705329
10,4,4,2,510,0.5795184629969299
10,4,4,2,520,0.5899847182445228
10,4,4,2,530,0.6025971458293498
10,4,4,2,540,0.6117791887372732
10,4,4,2,550,0.6236698753200471
10,4,4,2,560,0.6343844309449196
10,4,4,2,570,0.6450820360332727
10,4,4,2,580,0.6558684781193733
10,4,4,2,590,0.6703938506543636
10,4,6,1,20,0.022862665355205536
10,4,6,1,30,0.03467147331684828
10,4,6,1,40,0.04570640018209815
10,4,6,1,50,0.057171307038515806
10,4,6,1,60,0.06829780107364058
10,4,6,1,70,0.07970193587243557
10,4,6,1,80,0.09103681612759829
10,4,6,1,90,0.10312812309712172
10,4,6,1,100,0.11465667793527246
10,4,6,1,110,0.12539672618731856
10,4,6,1,120,0.13648009300231934
10,4,6,1,130,0.14841728890314698
10,4,6,1,140,0.1597102046944201
10,4,6,1,150,0.17171628633514047
10,4,6,1,160,0.18223419273272157
10,4,6,1,170,0.19396298518404365
10,4,6,1,180,0.2051118379458785
10,4,6,1,190,0.21655814023688436
10,4,6,1,200,0.22840161202475429
10,4,6,1,210,0.24014950403943658
10,4,6,1,220,0.25098324567079544
10,4,6,1,230,0.2622570972889662
10,4,6,1,240,0.2734899828210473
10,4,6,1,250,0.28552741883322597
10,4,6,1,260,0.29706657212227583
10,4,6,1,270,0.30920488806441426
10,4,6,1,280,0.31961085367947817
10,4,6,1,290,0.33201939798891544
10,4,6,1,300,0.3436680748127401
10,4,6,1,310,0.35573193011805415
10,4,6,1,320,0.366549429949373
10,4,6,1,330,0.37725411355495453
10,4,6,1,340,0.38791358191519976
10,4,6,1,350,0.4000534978695214
10,4,6,1,360,0.41032229783013463
10,4,6,1,370,0.42408761801198125
10,4,6,1,380,0.43510240176692605
10,4,6,1,390,0.4459649361670017
10,4,6,1,400,0.4583161440677941
10,4,6,1,410,0.46914262091740966
10,4,6,1,420,0.4804030703380704
10,4,6,1,430,0.4918245072476566
10,4,6,1,440,0.5032338299788535
10,4,6,1,450,0.5700011039152741
10,4,6,1,460,0.5255760359577835
10,4,6,1,470,0.5365608721040189
10,4,6,1,480,0.548340252134949
10,4,6,1,490,0.5599906560964882
10,4,6,1,500,0.5703974673524499
10,4,6,1,510,0.5832512406632304
10,4,6,1,520,0.5938407117500901
10,4,6,1,530,0.6047332379966974
10,4,6,1,540,0.6173166101798415
10,4,6,1,550,0.6295009590685368
10,4,6,1,560,0.6385093638673425
10,4,6,1,570,0.6522178403101861
10,4,6,1,580,0.6631145081482828
10,4,6,1,590,0.6743445992469788
10,4,6,2,20,0.02270235400646925
10,4,6,2,30,0.03415363095700741
10,4,6,2,40,0.045559481251984835
10,4,6,2,50,0.05707381386309862
10,4,6,2,60,0.06820602621883154
10,4,6,2,70,0.07987793814390898
10,4,6,2,80,0.09107449697330594
10,4,6,2,90,0.10241857310757041
10,4,6,2,100,0.11353955511003733
10,4,6,2,110,0.12536049913614988
10,4,6,2,120,0.1362256738357246
10,4,6,2,130,0.14809904899448156
10,4,6,2,140,0.1599724218249321
10,4,6,2,150,0.17174393264576793
10,4,6,2,160,0.18253668397665024
10,4,6,2,170,0.19431043369695544
10,4,6,2,180,0.2051602960564196
10,4,6,2,190,0.21764901466667652
10,4,6,2,200,0.22765988018363714
10,4,6,2,210,0.24022327503189445
10,4,6,2,220,0.2504991088062525
10,4,6,2,230,0.2628391431644559
10,4,6,2,240,0.27276388835161924
10,4,6,2,250,0.28463157219812274
10,4,6,2,260,0.29601600021123886
10,4,6,2,270,0.3084617480635643
10,4,6,2,280,0.3194846613332629
10,4,6,2,290,0.330538438167423
10,4,6,2,300,0.3420642460696399
10,4,6,2,310,0.353270101826638
10,4,6,2,320,0.36445586988702416
10,4,6,2,330,0.3769663767889142
10,4,6,2,340,0.3878537630662322
10,4,6,2,350,0.40003355499356985
10,4,6,2,360,0.40972918877378106
10,4,6,2,370,0.42201686603948474
10,4,6,2,380,0.43321643956005573
10,4,6,2,390,0.4448662563227117
10,4,6,2,400,0.4558963319286704
10,4,6,2,410,0.4679648890160024
10,4,6,2,420,0.47988829435780644
10,4,6,2,430,0.49045666586607695
10,4,6,2,440,0.5015963823534548
10,4,6,2,450,0.5132046854123473
10,4,6,2,460,0.522952779661864
10,4,6,2,470,0.5363304349593818
10,4,6,2,480,0.5460181459784508
10,4,6,2,490,0.55879539065063
10,4,6,2,500,0.5674393489025533
10,4,6,2,510,0.5813663848675787
10,4,6,2,520,0.5936821848154068
10,4,6,2,530,0.6047481740824878
10,4,6,2,540,0.6139541859738529
10,4,6,2,550,0.626632675062865
10,4,6,2,560,0.6365047269500792
10,4,6,2,570,0.648998907301575
10,4,6,2,580,0.6598092480562627
10,4,6,2,590,0.6733025959692895
10,4,8,1,20,0.023133371025323868
10,4,8,1,30,0.03467069519683719
10,4,8,1,40,0.0466550188139081
10,4,8,1,50,0.058336829766631126
10,4,8,1,60,0.06977242976427078
10,4,8,1,70,0.08202953776344657
10,4,8,1,80,0.09298310056328773
10,4,8,1,90,0.1050346652045846
10,4,8,1,100,0.11596596008166671
10,4,8,1,110,0.1277678171172738
10,4,8,1,120,0.13959146430715919
10,4,8,1,130,0.151264987885952
10,4,8,1,140,0.1626511998474598
10,4,8,1,150,0.17386272782459855
10,4,8,1,160,0.18542814208194613
10,4,8,1,170,0.2317520258948207
10,4,8,1,180,0.22880318202078342
10,4,8,1,190,0.22130101500079036
10,4,8,1,200,0.23478336771950126
10,4,8,1,210,0.24463424598798156
10,4,8,1,220,0.25490552885457873
10,4,8,1,230,0.2679214673116803
10,4,8,1,240,0.27844115532934666
10,4,8,1,250,0.29103025887161493
10,4,8,1,260,0.30146057810634375
10,4,8,1,270,0.31421494018286467
10,4,8,1,280,0.32510558562353253
10,4,8,1,290,0.3371863351203501
10,4,8,1,300,0.3489966639317572
10,4,8,1,310,0.3605543407611549
10,4,8,1,320,0.37215468706563115
10,4,8,1,330,0.38305219216272235
10,4,8,1,340,0.39572722604498267
10,4,8,1,350,0.40612243209034204
10,4,8,1,360,0.4189013931900263
10,4,8,1,370,0.43053671764209867
10,4,8,1,380,0.44159129494801164
10,4,8,1,390,0.45343168126419187
10,4,8,1,400,0.4636981710791588
10,4,8,1,410,0.4769171718508005
10,4,8,1,420,0.4873507018201053
10,4,8,1,430,0.5006515611894429
10,4,8,1,440,0.5113714546896517
10,4,8,1,450,0.5237225708551705
10,4,8,1,460,0.5337057569995522
10,4,8,1,470,0.5469082416966558
10,4,8,1,480,0.5576367960311472
10,4,8,1,490,0.569894886109978
10,4,8,1,500,0.5813608136959374
10,4,8,1,510,0.5920245796442032
10,4,8,1,520,0.6040933430194855
10,4,8,1,530,0.615258967038244
10,4,8,1,540,0.6256174310110509
10,4,8,1,550,0.6391602419316769
10,4,8,1,560,0.6501942188479006
10,4,8,1,570,0.6605134303681552
10,4,8,1,580,0.6720091891475022
10,4,8,1,590,0.6844247202388942
10,4,8,2,20,0.023012896068394184
10,4,8,2,30,0.034527622163295746
10,4,8,2,40,0.04704424226656556
10,4,8,2,50,0.05766416760161519
10,4,8,2,60,0.06895652320235968
10,4,8,2,70,0.08073337282985449
10,4,8,2,80,0.09196415822952986
10,4,8,2,90,0.10361573426052928
10,4,8,2,100,0.11458073602989316
10,4,8,2,110,0.1267196899279952
10,4,8,2,120,0.13797058630734682
10,4,8,2,130,0.14931123005226254
10,4,8,2,140,0.16041970578953624
10,4,8,2,150,0.17217289516702294
10,4,8,2,160,0.18300392804667354
10,4,8,2,170,0.1949557550251484
10,4,8,2,180,0.20616330113261938
10,4,8,2,190,0.21873725205659866
10,4,8,2,200,0.22966443002223969
10,4,8,2,210,0.24051884189248085
10,4,8,2,220,0.25196164241060615
10,4,8,2,230,0.26457341527566314
10,4,8,2,240,0.2751936949789524
10,4,8,2,250,0.28615533793345094
10,4,8,2,260,0.29776191199198365
10,4,8,2,270,0.31050874572247267
10,4,8,2,280,0.3215358308516443
10,4,8,2,290,0.3336262069642544
10,4,8,2,300,0.34392945002764463
10,4,8,2,310,0.35574706085026264
10,4,8,2,320,0.366550630889833
10,4,8,2,330,0.3774317540228367
10,4,8,2,340,0.3899608040228486
10,4,8,2,350,0.40102598909288645
10,4,8,2,360,0.4123975629918277
10,4,8,2,370,0.42448897706344724
10,4,8,2,380,0.43569871690124273
10,4,8,2,390,0.44733378337696195
10,4,8,2,400,0.45817158930003643
10,4,8,2,410,0.4680882110260427
10,4,8,2,420,0.5352361989207566
10,4,8,2,430,0.49358182586729527
10,4,8,2,440,0.5030095600523055
10,4,8,2,450,0.514811490662396
10,4,8,2,460,0.5255056167952716
10,4,8,2,470,0.5382558200508356
10,4,8,2,480,0.549458668101579
10,4,8,2,490,0.5611096872016788
10,4,8,2,500,0.572302641812712
10,4,8,2,510,0.5841968986205757
10,4,8,2,520,0.5961984521709383
10,4,8,2,530,0.6080242930911481
10,4,8,2,540,0.6186062381602824
10,4,8,2,550,0.6315964250825346
10,4,8,2,560,0.6409615366719663
10,4,8,2,570,0.6563990800641477
10,4,8,2,580,0.6657008975744247
10,4,8,2,590,0.6781120430678129
10,4,10,1,20,0.02439078176394105
10,4,10,1,30,0.0366790029220283
10,4,10,1,40,0.04867692105472088
10,4,10,1,50,0.060525686014443636
10,4,10,1,60,0.07252107514068484
10,4,10,1,70,0.08490452263504267
10,4,10,1,80,0.09719564905390143
10,4,10,1,90,0.1089738910086453
10,4,10,1,100,0.12161449156701565
10,4,10,1,110,0.13365437369793653
10,4,10,1,120,0.14560698391869664
10,4,10,1,130,0.15791373886168003
10,4,10,1,140,0.1695194416679442
10,4,10,1,150,0.18189580366015434
10,4,10,1,160,0.19395616697147489
10,4,10,1,170,0.20587996719405055
10,4,10,1,180,0.21731093991547823
10,4,10,1,190,0.22948012314736843
10,4,10,1,200,0.2414609701372683
10,4,10,1,210,0.25387010304257274
10,4,10,1,220,0.2653929931111634
10,4,10,1,230,0.27819648291915655
10,4,10,1,240,0.2887793621048331
10,4,10,1,250,0.3012785888276994
10,4,10,1,260,0.3134097862057388
10,4,10,1,270,0.32589996326714754
10,4,10,1,280,0.336795293726027
10,4,10,1,290,0.35021569672971964
10,4,10,1,300,0.3618443049490452
10,4,10,1,310,0.37491536466404796
10,4,10,1,320,0.38542314106598496
10,4,10,1,330,0.39774775691330433
10,4,10,1,340,0.4090136429294944
10,4,10,1,350,0.42112715682014823
10,4,10,1,360,0.4328493890352547
10,4,10,1,370,0.4460237310267985
10,4,10,1,380,0.4572207750752568
10,4,10,1,390,0.4703596141189337
10,4,10,1,400,0.4814711669459939
10,4,10,1,410,0.49404707783833146
10,4,10,1,420,0.5079594179987907
10,4,10,1,430,0.5181101839989424
10,4,10,1,440,0.529748965986073
10,4,10,1,450,0.5435543097555637
10,4,10,1,460,0.5545569062232971
10,4,10,1,470,0.5681285597383976
10,4,10,1,480,0.5794346011243761
10,4,10,1,490,0.5903011062182486
10,4,10,1,500,0.6013884972780943
10,4,10,1,510,0.6157432687468827
10,4,10,1,520,0.627629385329783
10,4,10,1,530,0.6395348161458969
10,4,10,1,540,0.6525196512229741
10,4,10,1,550,0.6646378510631621
10,4,10,1,560,0.6749538197182119
10,4,10,1,570,0.6882695662789047
10,4,10,1,580,0.6992889852263033
10,4,10,1,590,0.7670305860228837
10,4,10,2,20,0.023570941761136055
10,4,10,2,30,0.03547424916177988
10,4,10,2,40,0.04711787682026625
10,4,10,2,50,0.05955363158136606
10,4,10,2,60,0.07064668321982026
10,4,10,2,70,0.08271111315116286
10,4,10,2,80,0.0943140727467835
10,4,10,2,90,0.1062886449508369
10,4,10,2,100,0.11790559068322182
10,4,10,2,110,0.1300342478789389
10,4,10,2,120,0.14116403879597783
10,4,10,2,130,0.15390864294022322
10,4,10,2,140,0.16451094206422567
10,4,10,2,150,0.1762393470853567
10,4,10,2,160,0.18726706970483065
10,4,10,2,170,0.19897138373926282
10,4,10,2,180,0.2115411008708179
10,4,10,2,190,0.22244754387065768
10,4,10,2,200,0.23366425279527903
10,4,10,2,210,0.24547791201621294
10,4,10,2,220,0.25711103715002537
10,4,10,2,230,0.26838815910741687
10,4,10,2,240,0.27954031713306904
10,4,10,2,250,0.2926811841316521
10,4,10,2,260,0.3045706348493695
10,4,10,2,270,0.3166363867931068
10,4,10,2,280,0.3268975750543177
10,4,10,2,290,0.33967468701303005
10,4,10,2,300,0.35048262495547533
10,4,10,2,310,0.36278676288202405
10,4,10,2,320,0.3758995677344501
10,4,10,2,330,0.38690653815865517
10,4,10,2,340,0.397782145999372
10,4,10,2,350,0.40934958402067423
10,4,10,2,360,0.42027734126895666
10,4,10,2,370,0.4325460558757186
10,4,10,2,380,0.4446988459676504
10,4,10,2,390,0.45544487377628684
10,4,10,2,400,0.46729546319693327
10,4,10,2,410,0.48007234698161483
10,4,10,2,420,0.4897314333356917
10,4,10,2,430,0.501372218132019
10,4,10,2,440,0.5137156960554421
10,4,10,2,450,0.5266198688186705
10,4,10,2,460,0.5374274891801178
10,4,10,2,470,0.5492186350747943
10,4,10,2,480,0.5600154898129404
10,4,10,2,490,0.5754117188043892
10,4,10,2,500,0.5847523659467697
10,4,10,2,510,0.5962394513189793
10,4,10,2,520,0.6076474357396364
10,4,10,2,530,0.6197381648235023
10,4,10,2,540,0.6313970386981964
10,4,10,2,550,0.6437746351584792
10,4,10,2,560,0.6555258380249143
10,4,10,2,570,0.6669947430491447
10,4,10,2,580,0.677687113173306
10,4,10,2,590,0.6898459712974727
10,4,12,1,20,0.02724845428019762
10,4,12,1,30,0.04086767602711916
10,4,12,1,40,0.05446930415928364
10,4,12,1,50,0.06771210767328739
10,4,12,1,60,0.08098082803189754
10,4,12,1,70,0.0951227699406445
10,4,12,1,80,0.10849972581490874
10,4,12,1,90,0.12183710932731628
10,4,12,1,100,0.13533142395317554
10,4,12,1,110,0.14912881422787905
10,4,12,1,120,0.16174666583538055
10,4,12,1,130,0.17619387106969953
10,4,12,1,140,0.1889730771072209
10,4,12,1,150,0.20282092597335577
10,4,12,1,160,0.2158462591469288
10,4,12,1,170,0.22965241083875299
10,4,12,1,180,0.24240711377933621
10,4,12,1,190,0.256902233697474
10,4,12,1,200,0.2690269323065877
10,4,12,1,210,0.2831080066971481
10,4,12,1,220,0.29574661422520876
10,4,12,1,230,0.30827063880860806
10,4,12,1,240,0.32234514225274324
10,4,12,1,250,0.3365555489435792
10,4,12,1,260,0.3498360561206937
10,4,12,1,270,0.36266030883416533
10,4,12,1,280,0.3752091648057103
10,4,12,1,290,0.38679962512105703
10,4,12,1,300,0.4017522060312331
10,4,12,1,310,0.41448917891830206
10,4,12,1,320,0.42650011787191033
10,4,12,1,330,0.44098429568111897
10,4,12,1,340,0.47931369207799435
10,4,12,1,350,0.49316304782405496
10,4,12,1,360,0.4801092902198434
10,4,12,1,370,0.49403279088437557
10,4,12,1,380,0.5070180329494178
10,4,12,1,390,0.5207204278558493
10,4,12,1,400,0.5339033273048699
10,4,12,1,410,0.5481732939369977
10,4,12,1,420,0.5591447781771421
10,4,12,1,430,0.5747972382232547
10,4,12,1,440,0.5884061008691788
10,4,12,1,450,0.6008399869315326
10,4,12,1,460,0.6131500229239464
10,4,12,1,470,0.6274987258948386
10,4,12,1,480,0.641300005838275
10,4,12,1,490,0.656286973040551
10,4,12,1,500,0.6668190159834921
10,4,12,1,510,0.6843721279874444
10,4,12,1,520,0.6953335790894926
10,4,12,1,530,0.7104383939877152
10,4,12,1,540,0.722035407088697
10,4,12,1,550,0.7350913076661527
10,4,12,1,560,0.7491135043092072
10,4,12,1,570,0.7619499620050192
10,4,12,1,580,0.7745524058118463
10,4,12,1,590,0.7884538280777633
10,4,12,2,20,0.025300126057118177
10,4,12,2,30,0.037871820386499166
10,4,12,2,40,0.05000717705115676
10,4,12,2,50,0.06267733266577125
10,4,12,2,60,0.07534685079008341
10,4,12,2,70,0.08773487573489547
10,4,12,2,80,0.0997753432020545
10,4,12,2,90,0.11256523290649056
10,4,12,2,100,0.12544371420517564
10,4,12,2,110,0.13775189081206918
10,4,12,2,120,0.15002562385052443
10,4,12,2,130,0.16317234560847282
10,4,12,2,140,0.1748853698372841
10,4,12,2,150,0.18714661290869117
10,4,12,2,160,0.1994362841360271
10,4,12,2,170,0.21275967778638005
10,4,12,2,180,0.22433196566998959
10,4,12,2,190,0.2362729529850185
10,4,12,2,200,0.2488792072981596
10,4,12,2,210,0.26139941718429327
10,4,12,2,220,0.2728749252855778
10,4,12,2,230,0.28557140612974763
10,4,12,2,240,0.2976217227987945
10,4,12,2,250,0.3107173447497189
10,4,12,2,260,0.32235729694366455
10,4,12,2,270,0.33582842722535133
10,4,12,2,280,0.34778542071580887
10,4,12,2,290,0.36130425380542874
10,4,12,2,300,0.37319438671693206
10,4,12,2,310,0.3852920373901725
10,4,12,2,320,0.3965559438802302
10,4,12,2,330,0.4099168670363724
10,4,12,2,340,0.42122511519119143
10,4,12,2,350,0.4344436819665134
10,4,12,2,360,0.4463042449206114
10,4,12,2,370,0.45954205095767975
10,4,12,2,380,0.46993635268881917
10,4,12,2,390,0.48376725101843476
10,4,12,2,400,0.4961604177951813
10,4,12,2,410,0.5086977961473167
10,4,12,2,420,0.5205350760370493
10,4,12,2,430,0.5335852019488811
10,4,12,2,440,0.5450635943561792
10,4,12,2,450,0.5580494911409914
10,4,12,2,460,0.5685976501554251
10,4,12,2,470,0.5815795692615211
10,4,12,2,480,0.5921116061508656
10,4,12,2,490,0.6071016378700733
10,4,12,2,500,0.6232899269089103
10,4,12,2,510,0.6780520370230079
10,4,12,2,520,0.6431345897726715
10,4,12,2,530,0.6563178920187056
10,4,12,2,540,0.6687930230982602
10,4,12,2,550,0.6806362150236964
10,4,12,2,560,0.6917362827807665
10,4,12,2,570,0.705566436983645
10,4,12,2,580,0.7176099941134453
10,4,12,2,590,0.7299512610770762
11,2,2,1,20,0.022489916067570448
11,2,2,1,30,0.03388805594295263
11,2,2,1,40,0.045190571807324886
11,2,2,1,50,0.056649223901331425
11,2,2,1,60,0.06777319312095642
11,2,2,1,70,0.07945032930001616
11,2,2,1,80,0.09031816106289625
11,2,2,1,90,0.1018241448327899
11,2,2,1,100,0.11346452916041017
11,2,2,1,110,0.12458407040685415
11,2,2,1,120,0.135962366592139
11,2,2,1,130,0.14724250882863998
11,2,2,1,140,0.15866671409457922
11,2,2,1,150,0.16978899110108614
11,2,2,1,160,0.18084025708958507
11,2,2,1,170,0.19264381006360054
11,2,2,1,180,0.20358832878991961
11,2,2,1,190,0.21479114517569542
11,2,2,1,200,0.2261981861665845
11,2,2,1,210,0.23788110865280032
11,2,2,1,220,0.24974969821050763
11,2,2,1,230,0.2607457172125578
11,2,2,1,240,0.27245600521564484
11,2,2,1,250,0.28448811592534184
11,2,2,1,260,0.2952572968788445
11,2,2,1,270,0.30621159076690674
11,2,2,1,280,0.31754838209599257
11,2,2,1,290,0.32938565919175744
11,2,2,1,300,0.3401621263474226
11,2,2,1,310,0.35231011221185327
11,2,2,1,320,0.3624873971566558
11,2,2,1,330,0.3744436497800052
11,2,2,1,340,0.3845962476916611
11,2,2,1,350,0.3969948817975819
11,2,2,1,360,0.40779874799773097
11,2,2,1,370,0.4206323781982064
11,2,2,1,380,0.43070238921791315
11,2,2,1,390,0.442028668243438
11,2,2,1,400,0.4535641251131892
11,2,2,1,410,0.4668126739561558
11,2,2,1,420,0.47593885380774736
11,2,2,1,430,0.4877678332850337
11,2,2,1,440,0.4991090651601553
11,2,2,1,450,0.5111653353087604
11,2,2,1,460,0.5209485008381307
11,2,2,1,470,0.5323950904421508
11,2,2,1,480,0.5438237809576094
11,2,2,1,490,0.5550357820466161
11,2,2,1,500,0.565549997612834
11,2,2,1,510,0.5776424198411405
11,2,2,1,520,0.5903049958869815
11,2,2,1,530,0.6010455419309437
11,2,2,1,540,0.6112937540747225
11,2,2,1,550,0.6210496742278337
11,2,2,1,560,0.6333900801837444
11,2,2,1,570,0.644044894259423
11,2,2,1,580,0.6545714568346739
11,2,2,1,590,0.6688516498543322
11,2,2,2,20,0.023418189026415348
11,2,2,2,30,0.034565741661936045
11,2,2,2,40,0.04533492075279355
11,2,2,2,50,0.05654001235961914
11,2,2,2,60,0.0679084649309516
11,2,2,2,70,0.07939323037862778
11,2,2,2,80,0.09122144989669323
11,2,2,2,90,0.101495117880404
11,2,2,2,100,0.11241954611614347
11,2,2,2,110,0.12464883597567677
11,2,2,2,120,0.13560153171420097
11,2,2,2,130,0.14767526369541883
11,2,2,2,140,0.15926661994308233
11,2,2,2,150,0.17041983921080828
11,2,2,2,160,0.18161371489986777
11,2,2,2,170,0.19311280688270926
11,2,2,2,180,0.24150354834273458
11,2,2,2,190,0.2324211522936821
11,2,2,2,200,0.22725064912810922
11,2,2,2,210,0.23858671402558684
11,2,2,2,220,0.24919200176373124
11,2,2,2,230,0.2606318066827953
11,2,2,2,240,0.27107300283387303
11,2,2,2,250,0.2837610677815974
11,2,2,2,260,0.29450287902727723
11,2,2,2,270,0.306125505361706
11,2,2,2,280,0.3175051426514983
11,2,2,2,290,0.32893873983994126
11,2,2,2,300,0.3391122636385262
11,2,2,2,310,0.3533783699385822
11,2,2,2,320,0.36185908084735274
11,2,2,2,330,0.3750124382786453
11,2,2,2,340,0.38535928120836616
11,2,2,2,350,0.3967203167267144
11,2,2,2,360,0.4069399959407747
11,2,2,2,370,0.419574623927474
11,2,2,2,380,0.4300380642525852
11,2,2,2,390,0.44282553624361753
11,2,2,2,400,0.45366718200966716
11,2,2,2,410,0.4652323592454195
11,2,2,2,420,0.47486657509580255
11,2,2,2,430,0.4876859113574028
11,2,2,2,440,0.49860454676672816
11,2,2,2,450,0.5096001923084259
11,2,2,2,460,0.5209686509333551
11,2,2,2,470,0.5315200733020902
11,2,2,2,480,0.5429126326926053
11,2,2,2,490,0.5550845949910581
11,2,2,2,500,0.567887575365603
11,2,2,2,510,0.5779888201504946
11,2,2,2,520,0.5897312932647765
11,2,2,2,530,0.5999431400559843
11,2,2,2,540,0.6124492408707738
11,2,2,2,550,0.6230931612662971
11,2,2,2,560,0.6317938468419015
11,2,2,2,570,0.6468245168216527
11,2,2,2,580,0.6591862910427153
11,2,2,2,590,0.6716587338596582
11,2,4,1,20,0.022670057136565447
11,2,4,1,30,0.034129440784454346
11,2,4,1,40,0.044925034046173096
11,2,4,1,50,0.056440589018166065
11,2,4,1,60,0.06760494690388441
11,2,4,1,70,0.07905075559392571
11,2,4,1,80,0.09124483866617084
11,2,4,1,90,0.101925790309906
11,2,4,1,100,0.1139285103417933
11,2,4,1,110,0.12483590003103018
11,2,4,1,120,0.13567477092146873
11,2,4,1,130,0.14710423117503524
11,2,4,1,140,0.1586325909011066
11,2,4,1,150,0.1698686950840056
11,2,4,1,160,0.1807275777682662
11,2,4,1,170,0.19312069611623883
11,2,4,1,180,0.2048610053025186
11,2,4,1,190,0.2159044430591166
11,2,4,1,200,0.2271213256753981
11,2,4,1,210,0.23922246089205146
11,2,4,1,220,0.24721269169822335
11,2,4,1,230,0.25921756587922573
11,2,4,1,240,0.26893528178334236
11,2,4,1,250,0.28026285907253623
11,2,4,1,260,0.2913111560046673
11,2,4,1,270,0.30297860596328974
11,2,4,1,280,0.31360420398414135
11,2,4,1,290,0.38287827000021935
11,2,4,1,300,0.33882748428732157
11,2,4,1,310,0.3515200251713395
11,2,4,1,320,0.36221068911254406
11,2,4,1,330,0.374126338865608
11,2,4,1,340,0.38486238196492195
11,2,4,1,350,0.39644635235890746
11,2,4,1,360,0.4081700290553272
11,2,4,1,370,0.41978817200288177
11,2,4,1,380,0.42988259671255946
11,2,4,1,390,0.4427427048794925
11,2,4,1,400,0.4527966477908194
11,2,4,1,410,0.4652011366561055
11,2,4,1,420,0.47663283813744783
11,2,4,1,430,0.4885108098387718
11,2,4,1,440,0.4971354305744171
11,2,4,1,450,0.5087847928516567
11,2,4,1,460,0.5193705470301211
11,2,4,1,470,0.5326334200799465
11,2,4,1,480,0.5422218460589647
11,2,4,1,490,0.5556706781499088
11,2,4,1,500,0.5653520100750029
11,2,4,1,510,0.5776961776427925
11,2,4,1,520,0.5880039241164923
11,2,4,1,530,0.6002972251735628
11,2,4,1,540,0.6116589549928904
11,2,4,1,550,0.6228842488490045
11,2,4,1,560,0.6335903629660606
11,2,4,1,570,0.6444753119722009
11,2,4,1,580,0.6556771667674184
11,2,4,1,590,0.6691349232569337
11,2,4,2,20,0.02264565695077181
11,2,4,2,30,0.03399719204753637
11,2,4,2,40,0.04525274084880948
11,2,4,2,50,0.05682995310053229
11,2,4,2,60,0.0679866629652679
11,2,4,2,70,0.0790204992517829
11,2,4,2,80,0.09044425701722503
11,2,4,2,90,0.1019563558511436
11,2,4,2,100,0.11319749895483255
11,2,4,2,110,0.12450687494128942
11,2,4,2,120,0.13554717600345612
11,2,4,2,130,0.14749152725562453
11,2,4,2,140,0.1588041726499796
11,2,4,2,150,0.16989178396761417
11,2,4,2,160,0.18122072098776698
11,2,4,2,170,0.19238414894789457
11,2,4,2,180,0.20427210303023458
11,2,4,2,190,0.21618384402245283
11,2,4,2,200,0.2272687661461532
11,2,4,2,210,0.23798542097210884
11,2,4,2,220,0.24965745210647583
11,2,4,2,230,0.26101657282561064
11,2,4,2,240,0.27257133834064007
11,2,4,2,250,0.28413736913353205
11,2,4,2,260,0.2948478632606566
11,2,4,2,270,0.3069852548651397
11,2,4,2,280,0.3171014259569347
11,2,4,2,290,0.3286079461686313
11,2,4,2,300,0.33849847968667746
11,2,4,2,310,0.35200744587928057
11,2,4,2,320,0.36347706289961934
11,2,4,2,330,0.37485993886366487
11,2,4,2,340,0.3855308420024812
11,2,4,2,350,0.39664781372994184
11,2,4,2,360,0.4081607502885163
11,2,4,2,370,0.41927834413945675
11,2,4,2,380,0.4303253097459674
11,2,4,2,390,0.4420866151340306
11,2,4,2,400,0.45306029729545116
11,2,4,2,410,0.4647748488932848
11,2,4,2,420,0.4745742683298886
11,2,4,2,430,0.48795370105654
11,2,4,2,440,0.4984964719042182
11,2,4,2,450,0.5086083533242345
11,2,4,2,460,0.5205503208562732
11,2,4,2,470,0.5317946937866509
11,2,4,2,480,0.5440937266685069
11,2,4,2,490,0.5558959268964827
11,2,4,2,500,0.5654242779128253
11,2,4,2,510,0.577824333216995
11,2,4,2,520,0.5881425361149013
11,2,4,2,530,0.6001532291993499
11,2,4,2,540,0.6108826929703355
11,2,4,2,550,0.6239199638366699
11,2,4,2,560,0.6341302301734686
11,2,4,2,570,0.6466372208669782
11,2,4,2,580,0.655658985953778
11,2,4,2,590,0.6672474779188633
11,2,6,1,20,0.02267971821129322
11,2,6,1,30,0.033938731998205185
11,2,6,1,40,0.04521155823022127
11,2,6,1,50,0.05655971774831414
11,2,6,1,60,0.06808376172557473
11,2,6,1,70,0.07990778470411897
11,2,6,1,80,0.09063084237277508
11,2,6,1,90,0.10210092505440116
11,2,6,1,100,0.11349815875291824
11,2,6,1,110,0.12488309806212783
11,2,6,1,120,0.13609049888327718
11,2,6,1,130,0.14754931023344398
11,2,6,1,140,0.15878355503082275
11,2,6,1,150,0.1851801690645516
11,2,6,1,160,0.2203750698827207
11,2,6,1,170,0.1929097599349916
11,2,6,1,180,0.2029162161052227
11,2,6,1,190,0.21526037296280265
11,2,6,1,200,0.2258274699561298
11,2,6,1,210,0.23699841788038611
11,2,6,1,220,0.24851807672530413
11,2,6,1,230,0.2597668468952179
11,2,6,1,240,0.27142079127952456
11,2,6,1,250,0.2827999461442232
11,2,6,1,260,0.29411881510168314
11,2,6,1,270,0.3053930443711579
11,2,6,1,280,0.3153367801569402
11,2,6,1,290,0.32770370226353407
11,2,6,1,300,0.3394972551614046
11,2,6,1,310,0.35135943489149213
11,2,6,1,320,0.3614890049211681
11,2,6,1,330,0.374186874832958
11,2,6,1,340,0.3866403787396848
11,2,6,1,350,0.3964614220894873
11,2,6,1,360,0.4070708709768951
11,2,6,1,370,0.41881638998165727
11,2,6,1,380,0.42955025332048535
11,2,6,1,390,0.44057880202308297
11,2,6,1,400,0.45084198797121644
11,2,6,1,410,0.46366860484704375
11,2,6,1,420,0.4751528422348201
11,2,6,1,430,0.48630952183157206
11,2,6,1,440,0.49765208875760436
11,2,6,1,450,0.5097320256754756
11,2,6,1,460,0.5209200233221054
11,2,6,1,470,0.5310621950775385
11,2,6,1,480,0.5436422652564943
11,2,6,1,490,0.5563755370676517
11,2,6,1,500,0.5664129112847149
11,2,6,1,510,0.578524705953896
11,2,6,1,520,0.5889595062471926
11,2,6,1,530,0.5991666559129953
11,2,6,1,540,0.6082739899866283
11,2,6,1,550,0.6242780876345932
11,2,6,1,560,0.6344567770138383
11,2,6,1,570,0.6466301418840885
11,2,6,1,580,0.653901990968734
11,2,6,1,590,0.6661761170253158
11,2,6,2,20,0.022634321823716164
11,2,6,2,30,0.03377499105408788
11,2,6,2,40,0.045296568889170885
11,2,6,2,50,0.056599786039441824
11,2,6,2,60,0.06792913796380162
11,2,6,2,70,0.07942056097090244
11,2,6,2,80,0.09059703815728426
11,2,6,2,90,0.10200271802023053
11,2,6,2,100,0.11320494394749403
11,2,6,2,110,0.1243860861286521
11,2,6,2,120,0.13560564490035176
11,2,6,2,130,0.147165949922055
11,2,6,2,140,0.1583815668709576
11,2,6,2,150,0.17005307227373123
11,2,6,2,160,0.18071912601590157
11,2,6,2,170,0.19252482987940311
11,2,6,2,180,0.2030798690393567
11,2,6,2,190,0.2149697132408619
11,2,6,2,200,0.22515194304287434
11,2,6,2,210,0.23787839384749532
11,2,6,2,220,0.24844172270968556
11,2,6,2,230,0.2601664890535176
11,2,6,2,240,0.27106597600504756
11,2,6,2,250,0.2823049579747021
11,2,6,2,260,0.34801151091232896
11,2,6,2,270,0.3053596233949065
11,2,6,2,280,0.3153889956884086
11,2,6,2,290,0.32778933783993125
11,2,6,2,300,0.3389169406145811
11,2,6,2,310,0.3502095779404044
11,2,6,2,320,0.36093809036538005
11,2,6,2,330,0.37386957788839936
11,2,6,2,340,0.38334895530715585
11,2,6,2,350,0.3947482113726437
11,2,6,2,360,0.4066779650747776
11,2,6,2,370,0.4184123198501766
11,2,6,2,380,0.4282542052678764
11,2,6,2,390,0.44128291588276625
11,2,6,2,400,0.45154863595962524
11,2,6,2,410,0.4647967969067395
11,2,6,2,420,0.47534079058095813
11,2,6,2,430,0.4851380498148501
11,2,6,2,440,0.49794425209984183
11,2,6,2,450,0.508259295951575
11,2,6,2,460,0.5193624999374151
11,2,6,2,470,0.5311421151272953
11,2,6,2,480,0.5426806700415909
11,2,6,2,490,0.5557332430034876
11,2,6,2,500,0.5655229347757995
11,2,6,2,510,0.5776342307217419
11,2,6,2,520,0.5903594228439033
11,2,6,2,530,0.5992504931055009
11,2,6,2,540,0.6115994001738727
11,2,6,2,550,0.6234415220096707
11,2,6,2,560,0.6331689129583538
11,2,6,2,570,0.6462975731119514
11,2,6,2,580,0.6548317368142307
11,2,6,2,590,0.6676847981289029
11,2,8,1,20,0.022669313941150904
11,2,8,1,30,0.03424665331840515
11,2,8,1,40,0.04543751571327448
11,2,8,1,50,0.05723300529643893
11,2,8,1,60,0.06836497411131859
11,2,8,1,70,0.07927798479795456
11,2,8,1,80,0.0903930221684277
11,2,8,1,90,0.10192434629425406
11,2,8,1,100,0.11292696231976151
11,2,8,1,110,0.12419486744329333
11,2,8,1,120,0.13555830204859376
11,2,8,1,130,0.14762471616268158
11,2,8,1,140,0.15880674216896296
11,2,8,1,150,0.17020186176523566
11,2,8,1,160,0.18061770917847753
11,2,8,1,170,0.19276218907907605
11,2,8,1,180,0.20384795311838388
11,2,8,1,190,0.21536659123376012
11,2,8,1,200,0.2262648302130401
11,2,8,1,210,0.2374734110198915
11,2,8,1,220,0.24898296734318137
11,2,8,1,230,0.26115244207903743
11,2,8,1,240,0.2725547677837312
11,2,8,1,250,0.2838957430794835
11,2,8,1,260,0.2949411319568753
11,2,8,1,270,0.30643456894904375
11,2,8,1,280,0.31705175107344985
11,2,8,1,290,0.3287106021307409
11,2,8,1,300,0.3396906848065555
11,2,8,1,310,0.35230081668123603
11,2,8,1,320,0.362396287266165
11,2,8,1,330,0.3739303550682962
11,2,8,1,340,0.38416770892217755
11,2,8,1,350,0.3974268469028175
11,2,8,1,360,0.40774212405085564
11,2,8,1,370,0.41856042109429836
11,2,8,1,380,0.4285080870613456
11,2,8,1,390,0.44131820276379585
11,2,8,1,400,0.45220762118697166
11,2,8,1,410,0.46297173481434584
11,2,8,1,420,0.4743012832477689
11,2,8,1,430,0.4870740231126547
11,2,8,1,440,0.4965244992636144
11,2,8,1,450,0.5091670001856983
11,2,8,1,460,0.5262236758135259
11,2,8,1,470,0.5297142090275884
11,2,8,1,480,0.5446388442069292
11,2,8,1,490,0.5568733913823962
11,2,8,1,500,0.567056376952678
11,2,8,1,510,0.5789807420223951
11,2,8,1,520,0.5886508701369166
11,2,8,1,530,0.5991092254407704
11,2,8,1,540,0.6119267898611724
11,2,8,1,550,0.6258199913427234
11,2,8,1,560,0.6348684108816087
11,2,8,1,570,0.6471126130782068
11,2,8,1,580,0.6553970417007804
11,2,8,1,590,0.6686100871302187
11,2,8,2,20,0.0227249669842422
11,2,8,2,30,0.03422824386507273
11,2,8,2,40,0.045448771212249994
11,2,8,2,50,0.05688861291855574
11,2,8,2,60,0.06810884177684784
11,2,8,2,70,0.07943033194169402
11,2,8,2,80,0.09063807688653469
11,2,8,2,90,0.10264901304617524
11,2,8,2,100,0.11327988281846046
11,2,8,2,110,0.12492134980857372
11,2,8,2,120,0.15166953392326832
11,2,8,2,130,0.18619961058720946
11,2,8,2,140,0.15822768490761518
11,2,8,2,150,0.17031683307141066
11,2,8,2,160,0.1819664970971644
11,2,8,2,170,0.1927412347868085
11,2,8,2,180,0.20432188408449292
11,2,8,2,190,0.21561818616464734
11,2,8,2,200,0.22652299283072352
11,2,8,2,210,0.23855047719553113
11,2,8,2,220,0.24935775389894843
11,2,8,2,230,0.2609978090040386
11,2,8,2,240,0.271913911215961
11,2,8,2,250,0.282778337597847
11,2,8,2,260,0.2936896812170744
11,2,8,2,270,0.30328404111787677
11,2,8,2,280,0.3137477319687605
11,2,8,2,290,0.32511556427925825
11,2,8,2,300,0.33820284297689795
11,2,8,2,310,0.34970621205866337
11,2,8,2,320,0.3611818249337375
11,2,8,2,330,0.37289592903107405
11,2,8,2,340,0.38364224415272474
11,2,8,2,350,0.39541663276031613
11,2,8,2,360,0.4064385471865535
11,2,8,2,370,0.4184675859287381
11,2,8,2,380,0.4286948349326849
11,2,8,2,390,0.44076447980478406
11,2,8,2,400,0.4521969500929117
11,2,8,2,410,0.4641736806370318
11,2,8,2,420,0.47498623095452785
11,2,8,2,430,0.48706381395459175
11,2,8,2,440,0.4973738817498088
11,2,8,2,450,0.5082509471103549
11,2,8,2,460,0.5195983750745654
11,2,8,2,470,0.5313291070051491
11,2,8,2,480,0.5419801571406424
11,2,8,2,490,0.5558862900361419
11,2,8,2,500,0.5638985480181873
11,2,8,2,510,0.5771154901012778
11,2,8,2,520,0.5880777309648693
11,2,8,2,530,0.5990022798068821
11,2,8,2,540,0.6107081528753042
11,2,8,2,550,0.6221863208338618
11,2,8,2,560,0.6333719347603619
11,2,8,2,570,0.6437247232533991
11,2,8,2,580,0.655556017998606
11,2,8,2,590,0.6666922220028937
11,2,10,1,20,0.02273568417876959
11,2,10,1,30,0.03416988626122475
11,2,10,1,40,0.04528781399130821
11,2,10,1,50,0.056856109760701656
11,2,10,1,60,0.06810208177193999
11,2,10,1,70,0.07941423309966922
11,2,10,1,80,0.09090961934998631
11,2,10,1,90,0.1020690193399787
11,2,10,1,100,0.11317831790074706
11,2,10,1,110,0.12482698587700725
11,2,10,1,120,0.1356719359755516
11,2,10,1,130,0.14742362033575773
11,2,10,1,140,0.15842547919601202
11,2,10,1,150,0.1703538978472352
11,2,10,1,160,0.1815149080939591
11,2,10,1,170,0.19339279318228364
11,2,10,1,180,0.20363094517961144
11,2,10,1,190,0.21552687184885144
11,2,10,1,200,0.22702054493129253
11,2,10,1,210,0.23830975592136383
11,2,10,1,220,0.2496336568146944
11,2,10,1,230,0.2599203558638692
11,2,10,1,240,0.27131859492510557
11,2,10,1,250,0.28198824310675263
11,2,10,1,260,0.3522280650213361
11,2,10,1,270,0.3074252652004361
11,2,10,1,280,0.3184872977435589
11,2,10,1,290,0.3303908850066364
11,2,10,1,300,0.3407119596377015
11,2,10,1,310,0.3527019191533327
11,2,10,1,320,0.36400150787085295
11,2,10,1,330,0.3761923722922802
11,2,10,1,340,0.3857276476919651
11,2,10,1,350,0.399684748146683
11,2,10,1,360,0.4085005959495902
11,2,10,1,370,0.42048506578430533
11,2,10,1,380,0.4310858049429953
11,2,10,1,390,0.4424977209419012
11,2,10,1,400,0.453950553201139
11,2,10,1,410,0.46678107092157006
11,2,10,1,420,0.4774040919728577
11,2,10,1,430,0.48907821299508214
11,2,10,1,440,0.5015302081592381
11,2,10,1,450,0.5120376339182258
11,2,10,1,460,0.5235466719605029
11,2,10,1,470,0.5356669798493385
11,2,10,1,480,0.5465732919983566
11,2,10,1,490,0.5571907008998096
11,2,10,1,500,0.567776421085
11,2,10,1,510,0.580706802662462
11,2,10,1,520,0.5915238438174129
11,2,10,1,530,0.6067078383639455
11,2,10,1,540,0.6148357107304037
11,2,10,1,550,0.6259991177357733
11,2,10,1,560,0.6377280945889652
11,2,10,1,570,0.6477217981591821
11,2,10,1,580,0.6597939571365714
11,2,10,1,590,0.6720474190078676
11,2,10,2,20,0.022700923029333353
11,2,10,2,30,0.03437537094578147
11,2,10,2,40,0.045210415963083506
11,2,10,2,50,0.057253400795161724
11,2,10,2,60,0.06852057809010148
11,2,10,2,70,0.08015163894742727
11,2,10,2,80,0.09100004797801375
11,2,10,2,90,0.1023649051785469
11,2,10,2,100,0.11419125692918897
11,2,10,2,110,0.12555872602388263
11,2,10,2,120,0.1368356100283563
11,2,10,2,130,0.14805414713919163
11,2,10,2,140,0.15913424082100391
11,2,10,2,150,0.17083592526614666
11,2,10,2,160,0.18237742129713297
11,2,10,2,170,0.19349057273939252
11,2,10,2,180,0.20469886902719736
11,2,10,2,190,0.2166015892289579
11,2,10,2,200,0.22648972878232598
11,2,10,2,210,0.23887474136427045
11,2,10,2,220,0.2503418829292059
11,2,10,2,230,0.2617316609248519
11,2,10,2,240,0.27302370499819517
11,2,10,2,250,0.2844245727173984
11,2,10,2,260,0.29462751001119614
11,2,10,2,270,0.3062346572987735
11,2,10,2,280,0.31787595385685563
11,2,10,2,290,0.32944475673139095
11,2,10,2,300,0.3404109189286828
11,2,10,2,310,0.3526711231097579
11,2,10,2,320,0.36398715199902654
11,2,10,2,330,0.3757115709595382
11,2,10,2,340,0.3871496911160648
11,2,10,2,350,0.39823555992916226
11,2,10,2,360,0.409912487026304
11,2,10,2,370,0.4210765822790563
11,2,10,2,380,0.4323144922964275
11,2,10,2,390,0.4439751482568681
11,2,10,2,400,0.4546074396930635
11,2,10,2,410,0.4668669020757079
11,2,10,2,420,0.47839364083483815
11,2,10,2,430,0.49004908092319965
11,2,10,2,440,0.4989326228387654
11,2,10,2,450,0.5116733629256487
11,2,10,2,460,0.5239983517676592
11,2,10,2,470,0.5356022729538381
11,2,10,2,480,0.5463040610775352
11,2,10,2,490,0.5565772568807006
11,2,10,2,500,0.5691888597793877
11,2,10,2,510,0.58024887368083
11,2,10,2,520,0.5913876737467945
11,2,10,2,530,0.60327437100932
11,2,10,2,540,0.614177362062037
11,2,10,2,550,0.6264110789634287
11,2,10,2,560,0.6347438599914312
11,2,10,2,570,0.6488678026944399
11,2,10,2,580,0.6583988321945071
11,2,10,2,590,0.6723440447822213
11,2,12,1,20,0.023013849277049303
11,2,12,1,30,0.03449857281520963
11,2,12,1,40,0.04580508731305599
11,2,12,1,50,0.05727489199489355
11,2,12,1,60,0.0877702129073441
11,2,12,1,70,0.10470590135082603
11,2,12,1,80,0.10347510408610106
11,2,12,1,90,0.10371194127947092
11,2,12,1,100,0.11460062209516764
11,2,12,1,110,0.1265683202072978
11,2,12,1,120,0.13776679104194045
11,2,12,1,130,0.14945212099701166
11,2,12,1,140,0.16034316504374146
11,2,12,1,150,0.17248661303892732
11,2,12,1,160,0.183176358230412
11,2,12,1,170,0.19483943609520793
11,2,12,1,180,0.20577120501548052
11,2,12,1,190,0.21768451016396284
11,2,12,1,200,0.22990150330588222
11,2,12,1,210,0.24038731632754207
11,2,12,1,220,0.2516739801503718
11,2,12,1,230,0.26498738722875714
11,2,12,1,240,0.276199356187135
11,2,12,1,250,0.2871673428453505
11,2,12,1,260,0.2980226641520858
11,2,12,1,270,0.3104696008376777
11,2,12,1,280,0.321997988037765
11,2,12,1,290,0.33275139704346657
11,2,12,1,300,0.3452209518291056
11,2,12,1,310,0.35636585019528866
11,2,12,1,320,0.3668448980897665
11,2,12,1,330,0.37978013465180993
11,2,12,1,340,0.3907552040182054
11,2,12,1,350,0.4023794112727046
11,2,12,1,360,0.4124241638928652
11,2,12,1,370,0.424805402290076
11,2,12,1,380,0.43616234976798296
11,2,12,1,390,0.44782858109101653
11,2,12,1,400,0.4592632269486785
11,2,12,1,410,0.4701963700354099
11,2,12,1,420,0.48217645194381475
11,2,12,1,430,0.49368526181206107
11,2,12,1,440,0.5041071302257478
11,2,12,1,450,0.5161435841582716
11,2,12,1,460,0.5278086410835385
11,2,12,1,470,0.5404303860850632
11,2,12,1,480,0.5501750139519572
11,2,12,1,490,0.5631673061288893
11,2,12,1,500,0.5741834933869541
11,2,12,1,510,0.5864935303106904
11,2,12,1,520,0.5972142000682652
11,2,12,1,530,0.610013488214463
11,2,12,1,540,0.6214647991582751
11,2,12,1,550,0.632072466891259
11,2,12,1,560,0.6432718057185411
11,2,12,1,570,0.6554830307140946
11,2,12,1,580,0.6657506539486349
11,2,12,1,590,0.676818027626723
11,2,12,2,20,0.022823232226073742
11,2,12,2,30,0.03423455310985446
11,2,12,2,40,0.04563921503722668
11,2,12,2,50,0.05768673215061426
11,2,12,2,60,0.0691266362555325
11,2,12,2,70,0.0808433829806745
11,2,12,2,80,0.09217481501400471
11,2,12,2,90,0.1038974653929472
11,2,12,2,100,0.11519817216321826
11,2,12,2,110,0.12675166223198175
11,2,12,2,120,0.13781711412593722
11,2,12,2,130,0.14973076106980443
11,2,12,2,140,0.16160331619903445
11,2,12,2,150,0.1729979943484068
11,2,12,2,160,0.18315021600574255
11,2,12,2,170,0.1952595366165042
11,2,12,2,180,0.2063272069208324
11,2,12,2,190,0.21825137687847018
11,2,12,2,200,0.2703995951451361
11,2,12,2,210,0.25457355845719576
11,2,12,2,220,0.2525877421721816
11,2,12,2,230,0.2643389138393104
11,2,12,2,240,0.275252278894186
11,2,12,2,250,0.2872786121442914
11,2,12,2,260,0.2977184387855232
11,2,12,2,270,0.31047822115942836
11,2,12,2,280,0.32062515802681446
11,2,12,2,290,0.33284745505079627
11,2,12,2,300,0.34320862917229533
11,2,12,2,310,0.3559790221042931
11,2,12,2,320,0.36494714906439185
11,2,12,2,330,0.3777945702895522
11,2,12,2,340,0.38807063130661845
11,2,12,2,350,0.40073406510055065
11,2,12,2,360,0.41162662394344807
11,2,12,2,370,0.4234157130122185
11,2,12,2,380,0.4339495780877769
11,2,12,2,390,0.4475243049673736
11,2,12,2,400,0.45746165700256824
11,2,12,2,410,0.46936745708808303
11,2,12,2,420,0.4815517161041498
11,2,12,2,430,0.4933412098325789
11,2,12,2,440,0.5036266762763262
11,2,12,2,450,0.5154349328950047
11,2,12,2,460,0.5269062500447035
11,2,12,2,470,0.5376342288218439
11,2,12,2,480,0.5478332159109414
11,2,12,2,490,0.5623097936622798
11,2,12,2,500,0.573537505697459
11,2,12,2,510,0.585490102879703
11,2,12,2,520,0.5957450456917286
11,2,12,2,530,0.6086123250424862
11,2,12,2,540,0.618897704873234
11,2,12,2,550,0.6307921200059354
11,2,12,2,560,0.640420030336827
11,2,12,2,570,0.6525959619320929
11,2,12,2,580,0.6623893990181386
11,2,12,2,590,0.6777164107188582
11,3,2,1,20,0.022569920867681503
11,3,2,1,30,0.03398776380345225
11,3,2,1,40,0.04535300889983773
11,3,2,1,50,0.05668947612866759
11,3,2,1,60,0.06793162878602743
11,3,2,1,70,0.07917710999026895
11,3,2,1,80,0.09059012867510319
11,3,2,1,90,0.10259326593950391
11,3,2,1,100,0.11342747090384364
11,3,2,1,110,0.12442426383495331
11,3,2,1,120,0.13567511271685362
11,3,2,1,130,0.1470022569410503
11,3,2,1,140,0.1582747818902135
11,3,2,1,150,0.17012854805216193
11,3,2,1,160,0.18099297489970922
11,3,2,1,170,0.19248522026464343
11,3,2,1,180,0.20337373903021216
11,3,2,1,190,0.21503593493252993
11,3,2,1,200,0.22648925986140966
11,3,2,1,210,0.23833058308809996
11,3,2,1,220,0.24956353660672903
11,3,2,1,230,0.26107771694660187
11,3,2,1,240,0.27230482595041394
11,3,2,1,250,0.283312083221972
11,3,2,1,260,0.2939599589444697
11,3,2,1,270,0.3062866572290659
11,3,2,1,280,0.3171026180498302
11,3,2,1,290,0.3288206900469959
11,3,2,1,300,0.33913262095302343
11,3,2,1,310,0.35151255363598466
11,3,2,1,320,0.36200616229325533
11,3,2,1,330,0.37432654295116663
11,3,2,1,340,0.3857924290932715
11,3,2,1,350,0.39580812817439437
11,3,2,1,360,0.4077701917849481
11,3,2,1,370,0.41884865425527096
11,3,2,1,380,0.42986375791952014
11,3,2,1,390,0.4410403808578849
11,3,2,1,400,0.4537888369522989
11,3,2,1,410,0.46385791385546327
11,3,2,1,420,0.4751476510427892
11,3,2,1,430,0.4868000904098153
11,3,2,1,440,0.4976430549286306
11,3,2,1,450,0.5101534118875861
11,3,2,1,460,0.5196724701672792
11,3,2,1,470,0.5319088031537831
11,3,2,1,480,0.5432657599449158
11,3,2,1,490,0.554223348852247
11,3,2,1,500,0.5651656519621611
11,3,2,1,510,0.5765352020971477
11,3,2,1,520,0.5874542561359704
11,3,2,1,530,0.5988337909802794
11,3,2,1,540,0.6102630170062184
11,3,2,1,550,0.621494532097131
11,3,2,1,560,0.6326236631721258
11,3,2,1,570,0.6469551739282906
11,3,2,1,580,0.6566733811050653
11,3,2,1,590,0.7224424369633198
11,3,2,2,20,0.022645666729658842
11,3,2,2,30,0.03417056379839778
11,3,2,2,40,0.04522004211321473
11,3,2,2,50,0.05669249873608351
11,3,2,2,60,0.06795736588537693
11,3,2,2,70,0.07918335311114788
11,3,2,2,80,0.09039561590179801
11,3,2,2,90,0.10196750983595848
11,3,2,2,100,0.1129096676595509
11,3,2,2,110,0.12430495908483863
11,3,2,2,120,0.13543283892795444
11,3,2,2,130,0.1471327841281891
11,3,2,2,140,0.15833645267412066
11,3,2,2,150,0.16979586984962225
11,3,2,2,160,0.1810487941838801
11,3,2,2,170,0.19255371810868382
11,3,2,2,180,0.2027942119166255
11,3,2,2,190,0.21560303587466478
11,3,2,2,200,0.22622240101918578
11,3,2,2,210,0.23746534762904048
11,3,2,2,220,0.24865551618859172
11,3,2,2,230,0.2604988352395594
11,3,2,2,240,0.27128985011950135
11,3,2,2,250,0.28312678821384907
11,3,2,2,260,0.2949290256947279
11,3,2,2,270,0.30536612402647734
11,3,2,2,280,0.3166337078437209
11,3,2,2,290,0.32858319487422705
11,3,2,2,300,0.33888662699609995
11,3,2,2,310,0.34917342383414507
11,3,2,2,320,0.36032537277787924
11,3,2,2,330,0.3730193837545812
11,3,2,2,340,0.38397730933502316
11,3,2,2,350,0.39462973130866885
11,3,2,2,360,0.4065050561912358
11,3,2,2,370,0.41843834007158875
11,3,2,2,380,0.4282874660566449
11,3,2,2,390,0.4407280059531331
11,3,2,2,400,0.4512735279276967
11,3,2,2,410,0.46281888894736767
11,3,2,2,420,0.47456106916069984
11,3,2,2,430,0.48632317362353206
11,3,2,2,440,0.4965220526792109
11,3,2,2,450,0.5115334871225059
11,3,2,2,460,0.5203246907331049
11,3,2,2,470,0.5324460957199335
11,3,2,2,480,0.5434002759866416
11,3,2,2,490,0.554117888212204
11,3,2,2,500,0.5639231633394957
11,3,2,2,510,0.5766527000814676
11,3,2,2,520,0.5877614268101752
11,3,2,2,530,0.5990024893544614
11,3,2,2,540,0.6107005379162729
11,3,2,2,550,0.6229069461114705
11,3,2,2,560,0.6339093991555274
11,3,2,2,570,0.6466668308712542
11,3,2,2,580,0.6562285833060741
11,3,2,2,590,0.6676921350881457
11,3,4,1,20,0.022758112754672766
11,3,4,1,30,0.034041278064250946
11,3,4,1,40,0.045313423965126276
11,3,4,1,50,0.056738462299108505
11,3,4,1,60,0.06791457999497652
11,3,4,1,70,0.07942725904285908
11,3,4,1,80,0.09062101691961288
11,3,4,1,90,0.10190979903563857
11,3,4,1,100,0.1128176748752594
11,3,4,1,110,0.12443018797785044
11,3,4,1,120,0.13572144974023104
11,3,4,1,130,0.1474035200662911
11,3,4,1,140,0.15831178100779653
11,3,4,1,150,0.17006614059209824
11,3,4,1,160,0.18039141595363617
11,3,4,1,170,0.19244755199179053
11,3,4,1,180,0.20378476288169622
11,3,4,1,190,0.24301902996376157
11,3,4,1,200,0.25429618591442704
11,3,4,1,210,0.23753515211865306
11,3,4,1,220,0.24855340691283345
11,3,4,1,230,0.2604707241989672
11,3,4,1,240,0.2706180480308831
11,3,4,1,250,0.2826964519917965
11,3,4,1,260,0.29348878329619765
11,3,4,1,270,0.30507768085226417
11,3,4,1,280,0.31707597710192204
11,3,4,1,290,0.3280704119242728
11,3,4,1,300,0.33927906630560756
11,3,4,1,310,0.3499738499522209
11,3,4,1,320,0.3611468030139804
11,3,4,1,330,0.37361417105421424
11,3,4,1,340,0.3846771949902177
11,3,4,1,350,0.39580433489754796
11,3,4,1,360,0.4068235936574638
11,3,4,1,370,0.4191737789660692
11,3,4,1,380,0.4293433600105345
11,3,4,1,390,0.44176864670589566
11,3,4,1,400,0.4520159070380032
11,3,4,1,410,0.4645079979673028
11,3,4,1,420,0.47578210523352027
11,3,4,1,430,0.4871290451847017
11,3,4,1,440,0.49765390902757645
11,3,4,1,450,0.5084391441196203
11,3,4,1,460,0.5191390970721841
11,3,4,1,470,0.5319249369204044
11,3,4,1,480,0.5422964082099497
11,3,4,1,490,0.5547536578960717
11,3,4,1,500,0.5656664120033383
11,3,4,1,510,0.5754608060233295
11,3,4,1,520,0.5883839507587254
11,3,4,1,530,0.601013733074069
11,3,4,1,540,0.6116506238467991
11,3,4,1,550,0.620986323338002
11,3,4,1,560,0.6313247140496969
11,3,4,1,570,0.6463371403515339
11,3,4,1,580,0.6557447640225291
11,3,4,1,590,0.6681865588761866
11,3,4,2,20,0.02266217302531004
11,3,4,2,30,0.03393833618611097
11,3,4,2,40,0.04525545472279191
11,3,4,2,50,0.056923996191471815
11,3,4,2,60,0.06792647996917367
11,3,4,2,70,0.07931577879935503
11,3,4,2,80,0.09048687340691686
11,3,4,2,90,0.10174183966591954
11,3,4,2,100,0.11307949107140303
11,3,4,2,110,0.12465803604573011
11,3,4,2,120,0.13550616009160876
11,3,4,2,130,0.14737315708771348
11,3,4,2,140,0.1585704260505736
11,3,4,2,150,0.16971671674400568
11,3,4,2,160,0.18072629626840353
11,3,4,2,170,0.19283613096922636
11,3,4,2,180,0.20375180523842573
11,3,4,2,190,0.21550487307831645
11,3,4,2,200,0.22646536212414503
11,3,4,2,210,0.23790264781564474
11,3,4,2,220,0.24873236706480384
11,3,4,2,230,0.26053004432469606
11,3,4,2,240,0.2716850386932492
11,3,4,2,250,0.2825803612358868
11,3,4,2,260,0.2931397408246994
11,3,4,2,270,0.30508659733459353
11,3,4,2,280,0.3158767130225897
11,3,4,2,290,0.3280782359652221
11,3,4,2,300,0.33952023973688483
11,3,4,2,310,0.35079488810151815
11,3,4,2,320,0.36137001728639007
11,3,4,2,330,0.3732083961367607
11,3,4,2,340,0.38438816787675023
11,3,4,2,350,0.3954309178516269
11,3,4,2,360,0.40690630208700895
11,3,4,2,370,0.41774977883324027
11,3,4,2,380,0.4299798090942204
11,3,4,2,390,0.4411847908049822
11,3,4,2,400,0.4527088850736618
11,3,4,2,410,0.4642735901288688
11,3,4,2,420,0.4748777849599719
11,3,4,2,430,0.4870715020224452
11,3,4,2,440,0.4980904017575085
11,3,4,2,450,0.5127728548832238
11,3,4,2,460,0.5201797420158982
11,3,4,2,470,0.5315245450474322
11,3,4,2,480,0.5427334466949105
11,3,4,2,490,0.5521467011421919
11,3,4,2,500,0.5594321340322495
11,3,4,2,510,0.57280353596434
11,3,4,2,520,0.5837503280490637
11,3,4,2,530,0.5998362931422889
11,3,4,2,540,0.610367190092802
11,3,4,2,550,0.6209954340010881
11,3,4,2,560,0.6871310719288886
11,3,4,2,570,0.6430454021319747
11,3,4,2,580,0.6557075916789472
11,3,4,2,590,0.6666263998486102
11,3,6,1,20,0.022632031235843897
11,3,6,1,30,0.03395121917128563
11,3,6,1,40,0.04519634786993265
11,3,6,1,50,0.05684022419154644
11,3,6,1,60,0.06793006882071495
11,3,6,1,70,0.07912659179419279
11,3,6,1,80,0.09003310231491923
11,3,6,1,90,0.10160848312079906
11,3,6,1,100,0.11286763707175851
11,3,6,1,110,0.12393332179635763
11,3,6,1,120,0.13529323507100344
11,3,6,1,130,0.14623661199584603
11,3,6,1,140,0.15772769693285227
11,3,6,1,150,0.16926971869543195
11,3,6,1,160,0.18038690788671374
11,3,6,1,170,0.1920091798529029
11,3,6,1,180,0.20283304108306766
11,3,6,1,190,0.21432566223666072
11,3,6,1,200,0.22521704901009798
11,3,6,1,210,0.23691760096699
11,3,6,1,220,0.24776222091168165
11,3,6,1,230,0.25939731067046523
11,3,6,1,240,0.26994036324322224
11,3,6,1,250,0.28161470871418715
11,3,6,1,260,0.29272204590961337
11,3,6,1,270,0.3056092271581292
11,3,6,1,280,0.31562653044238687
11,3,6,1,290,0.3278023386374116
11,3,6,1,300,0.33927394123747945
11,3,6,1,310,0.35142368730157614
11,3,6,1,320,0.3608460067771375
11,3,6,1,330,0.37305643083527684
11,3,6,1,340,0.38477890100330114
11,3,6,1,350,0.3963962462730706
11,3,6,1,360,0.40645704977214336
11,3,6,1,370,0.4180420199409127
11,3,6,1,380,0.42936383606866
11,3,6,1,390,0.4408643711358309
11,3,6,1,400,0.45318683981895447
11,3,6,1,410,0.4650432909838855
11,3,6,1,420,0.47456919867545366
11,3,6,1,430,0.48649114230647683
11,3,6,1,440,0.4989150259643793
11,3,6,1,450,0.5096442508511245
11,3,6,1,460,0.5214811968617141
11,3,6,1,470,0.5317973899655044
11,3,6,1,480,0.5441220640204847
11,3,6,1,490,0.5540717369876802
11,3,6,1,500,0.5659268209710717
11,3,6,1,510,0.5777846439741552
11,3,6,1,520,0.5886266832239926
11,3,6,1,530,0.6008743536658585
11,3,6,1,540,0.6107284598983824
11,3,6,1,550,0.6235205363482237
11,3,6,1,560,0.6347716529853642
11,3,6,1,570,0.6464031469076872
11,3,6,1,580,0.6550898379646242
11,3,6,1,590,0.6659717550501227
11,3,6,2,20,0.022558405995368958
11,3,6,2,30,0.03399103507399559
11,3,6,2,40,0.04538529785349965
11,3,6,2,50,0.05659661069512367
11,3,6,2,60,0.06795313535258174
11,3,6,2,70,0.07940149120986462
11,3,6,2,80,0.09027526061981916
11,3,6,2,90,0.10227391216903925
11,3,6,2,100,0.11291825911030173
11,3,6,2,110,0.12452838942408562
11,3,6,2,120,0.13591870106756687
11,3,6,2,130,0.14784016739577055
11,3,6,2,140,0.15799590200185776
11,3,6,2,150,0.16945605911314487
11,3,6,2,160,0.1806626128964126
11,3,6,2,170,0.19215909205377102
11,3,6,2,180,0.20319019490852952
11,3,6,2,190,0.21531355287879705
11,3,6,2,200,0.22638434497639537
11,3,6,2,210,0.2377590462565422
11,3,6,2,220,0.2481690850108862
11,3,6,2,230,0.26050675474107265
11,3,6,2,240,0.2714796350337565
11,3,6,2,250,0.28312999196350574
11,3,6,2,260,0.2943896586075425
11,3,6,2,270,0.34222286101430655
11,3,6,2,280,0.33468836825340986
11,3,6,2,290,0.32816863898187876
11,3,6,2,300,0.33908735681325197
11,3,6,2,310,0.35110327042639256
11,3,6,2,320,0.3631596127524972
11,3,6,2,330,0.37288709823042154
11,3,6,2,340,0.3833838030695915
11,3,6,2,350,0.3959761606529355
11,3,6,2,360,0.40733896289020777
11,3,6,2,370,0.41849165922030807
11,3,6,2,380,0.42930646566674113
11,3,6,2,390,0.4415772878564894
11,3,6,2,400,0.4521896210499108
11,3,6,2,410,0.46437901724129915
11,3,6,2,420,0.47524276468902826
11,3,6,2,430,0.4867956438101828
11,3,6,2,440,0.49725247733294964
11,3,6,2,450,0.5101247541606426
11,3,6,2,460,0.5182414357550442
11,3,6,2,470,0.5320452242158353
11,3,6,2,480,0.5420076390728354
11,3,6,2,490,0.5568830473348498
11,3,6,2,500,0.5642385869286954
11,3,6,2,510,0.578183735255152
11,3,6,2,520,0.5893312729895115
11,3,6,2,530,0.6012452663853765
11,3,6,2,540,0.6111716111190617
11,3,6,2,550,0.6219760132953525
11,3,6,2,560,0.6330265891738236
11,3,6,2,570,0.6438690000213683
11,3,6,2,580,0.6561338948085904
11,3,6,2,590,0.6690503717400134
11,3,8,1,20,0.022665217984467745
11,3,8,1,30,0.03424238273873925
11,3,8,1,40,0.0454611461609602
11,3,8,1,50,0.05672890925779939
11,3,8,1,60,0.06798824574798346
11,3,8,1,70,0.07951728068292141
11,3,8,1,80,0.09104167390614748
11,3,8,1,90,0.10192273603752255
11,3,8,1,100,0.11357282940298319
11,3,8,1,110,0.12523429887369275
11,3,8,1,120,0.1357624437659979
11,3,8,1,130,0.1472500297240913
11,3,8,1,140,0.1585742188617587
11,3,8,1,150,0.17062766384333372
11,3,8,1,160,0.18118402222171426
11,3,8,1,170,0.19318234082311392
11,3,8,1,180,0.2041199989616871
11,3,8,1,190,0.21627009194344282
11,3,8,1,200,0.22682288708165288
11,3,8,1,210,0.23829371482133865
11,3,8,1,220,0.24953956482931972
11,3,8,1,230,0.2611079206690192
11,3,8,1,240,0.27185883186757565
11,3,8,1,250,0.2832696088589728
11,3,8,1,260,0.29567023273557425
11,3,8,1,270,0.30691248225048184
11,3,8,1,280,0.3172296532429755
11,3,8,1,290,0.3294748109765351
11,3,8,1,300,0.34023788990452886
11,3,8,1,310,0.35208297334611416
11,3,8,1,320,0.36389337992295623
11,3,8,1,330,0.373632182367146
11,3,8,1,340,0.384827028028667
11,3,8,1,350,0.39826472802087665
11,3,8,1,360,0.40764068393036723
11,3,8,1,370,0.41874685138463974
11,3,8,1,380,0.4312334549613297
11,3,8,1,390,0.44246328715234995
11,3,8,1,400,0.45335293002426624
11,3,8,1,410,0.4660252220928669
11,3,8,1,420,0.475721572060138
11,3,8,1,430,0.4887259490787983
11,3,8,1,440,0.4990956080146134
11,3,8,1,450,0.5113942138850689
11,3,8,1,460,0.5211032289080322
11,3,8,1,470,0.5327886850573123
11,3,8,1,480,0.5422482900321484
11,3,8,1,490,0.5570634626783431
11,3,8,1,500,0.5667000180110335
11,3,8,1,510,0.5772971846163273
11,3,8,1,520,0.5882488661445677
11,3,8,1,530,0.6024772902019322
11,3,8,1,540,0.6111523304134607
11,3,8,1,550,0.6737511907704175
11,3,8,1,560,0.6385829048231244
11,3,8,1,570,0.6451896522194147
11,3,8,1,580,0.6566437603905797
11,3,8,1,590,0.6689164349809289
11,3,8,2,20,0.022711639758199453
11,3,8,2,30,0.03400197811424732
11,3,8,2,40,0.04514344595372677
11,3,8,2,50,0.05686371820047498
11,3,8,2,60,0.06814131094142795
11,3,8,2,70,0.07953345915302634
11,3,8,2,80,0.09106003260239959
11,3,8,2,90,0.10203663306310773
11,3,8,2,100,0.11367299593985081
11,3,8,2,110,0.12452681409195065
11,3,8,2,120,0.13637642515823245
11,3,8,2,130,0.14772091107442975
11,3,8,2,140,0.15838080924004316
11,3,8,2,150,0.17034848919138312
11,3,8,2,160,0.18137854477390647
11,3,8,2,170,0.1931840623728931
11,3,8,2,180,0.20426573511213064
11,3,8,2,190,0.21558914938941598
11,3,8,2,200,0.2267499160952866
11,3,8,2,210,0.23863922012969851
11,3,8,2,220,0.2494158218614757
11,3,8,2,230,0.2616177797317505
11,3,8,2,240,0.2724721450358629
11,3,8,2,250,0.28315602289512753
11,3,8,2,260,0.29423025297001004
11,3,8,2,270,0.3066481160931289
11,3,8,2,280,0.31693301210179925
11,3,8,2,290,0.3291387390345335
11,3,8,2,300,0.3396276067942381
11,3,8,2,310,0.3509094510227442
11,3,8,2,320,0.3618759401142597
11,3,8,2,330,0.3752616588026285
11,3,8,2,340,0.38599486695602536
11,3,8,2,350,0.3976936023682356
11,3,8,2,360,0.40866287890821695
11,3,8,2,370,0.42045644111931324
11,3,8,2,380,0.43093959894031286
11,3,8,2,390,0.442007923964411
11,3,8,2,400,0.45280055422335863
11,3,8,2,410,0.4661458129994571
11,3,8,2,420,0.47526253713294864
11,3,8,2,430,0.48753217281773686
11,3,8,2,440,0.4973742519505322
11,3,8,2,450,0.5097303311340511
11,3,8,2,460,0.5207879422232509
11,3,8,2,470,0.5320154409855604
11,3,8,2,480,0.5434880750253797
11,3,8,2,490,0.5564682786352932
11,3,8,2,500,0.5645072339102626
11,3,8,2,510,0.5799185181967914
11,3,8,2,520,0.5909868841990829
11,3,8,2,530,0.6022677030414343
11,3,8,2,540,0.6127670495770872
11,3,8,2,550,0.6250328668393195
11,3,8,2,560,0.6356957936659455
11,3,8,2,570,0.6480197310447693
11,3,8,2,580,0.6585940350778401
11,3,8,2,590,0.6710687908343971
11,3,10,1,20,0.022809996735304594
11,3,10,1,30,0.0343194748274982
11,3,10,1,40,0.04564023995772004
11,3,10,1,50,0.05700362613424659
11,3,10,1,60,0.06803213991224766
11,3,10,1,70,0.07982686767354608
11,3,10,1,80,0.0912249069660902
11,3,10,1,90,0.10232780128717422
11,3,10,1,100,0.11364844162017107
11,3,10,1,110,0.12545618414878845
11,3,10,1,120,0.13695563562214375
11,3,10,1,130,0.1478154598735273
11,3,10,1,140,0.15942378668114543
11,3,10,1,150,0.1712331948801875
11,3,10,1,160,0.1825339780189097
11,3,10,1,170,0.19402401382103562
11,3,10,1,180,0.20446890173479915
11,3,10,1,190,0.21623818203806877
11,3,10,1,200,0.2265476039610803
11,3,10,1,210,0.23869650391861796
11,3,10,1,220,0.2501179869286716
11,3,10,1,230,0.26106103509664536
11,3,10,1,240,0.27255169302225113
11,3,10,1,250,0.30845452984794974
11,3,10,1,260,0.32501437375321984
11,3,10,1,270,0.3075775532051921
11,3,10,1,280,0.31768629513680935
11,3,10,1,290,0.3302641469053924
11,3,10,1,300,0.34016928169876337
11,3,10,1,310,0.352626898791641
11,3,10,1,320,0.36327736731618643
11,3,10,1,330,0.37587591633200645
11,3,10,1,340,0.3867475572042167
11,3,10,1,350,0.39821994537487626
11,3,10,1,360,0.4086118396371603
11,3,10,1,370,0.4200666951946914
11,3,10,1,380,0.43161293026059866
11,3,10,1,390,0.443961544893682
11,3,10,1,400,0.45358426310122013
11,3,10,1,410,0.46635825419798493
11,3,10,1,420,0.47638389794155955
11,3,10,1,430,0.48923778673633933
11,3,10,1,440,0.4999602781608701
11,3,10,1,450,0.5123103829100728
11,3,10,1,460,0.5213151671923697
11,3,10,1,470,0.53522968897596
11,3,10,1,480,0.547298792283982
11,3,10,1,490,0.5573039818555117
11,3,10,1,500,0.5693713901564479
11,3,10,1,510,0.5818842798471451
11,3,10,1,520,0.5927815246395767
11,3,10,1,530,0.6029001432470977
11,3,10,1,540,0.6149202827364206
11,3,10,1,550,0.6271848902106285
11,3,10,1,560,0.6364822238683701
11,3,10,1,570,0.6487248507328331
11,3,10,1,580,0.659151250962168
11,3,10,1,590,0.6733610341325402
11,3,10,2,20,0.02280130097642541
11,3,10,2,30,0.034340917598456144
11,3,10,2,40,0.0455615371465683
11,3,10,2,50,0.057163992896676064
11,3,10,2,60,0.06850921409204602
11,3,10,2,70,0.07987179979681969
11,3,10,2,80,0.09121664566919208
11,3,10,2,90,0.10284932516515255
11,3,10,2,100,0.11365799885243177
11,3,10,2,110,0.125752670224756
11,3,10,2,120,0.13688507722690701
11,3,10,2,130,0.14884535083547235
11,3,10,2,140,0.16002634121105075
11,3,10,2,150,0.17134435195475817
11,3,10,2,160,0.18329434702172875
11,3,10,2,170,0.1942355497740209
11,3,10,2,180,0.2052359781228006
11,3,10,2,190,0.2172076548449695
11,3,10,2,200,0.227825912181288
11,3,10,2,210,0.239875216037035
11,3,10,2,220,0.2507538818754256
11,3,10,2,230,0.2622562376782298
11,3,10,2,240,0.27284991974011064
11,3,10,2,250,0.28476186329498887
11,3,10,2,260,0.29552615620195866
11,3,10,2,270,0.30787669820711017
11,3,10,2,280,0.3191529428586364
11,3,10,2,290,0.33074634429067373
11,3,10,2,300,0.34082317305728793
11,3,10,2,310,0.35350489895790815
11,3,10,2,320,0.36365359695628285
11,3,10,2,330,0.3753340938128531
11,3,10,2,340,0.38558851182460785
11,3,10,2,350,0.398151365108788
11,3,10,2,360,0.40943392226472497
11,3,10,2,370,0.42137174867093563
11,3,10,2,380,0.42990893917158246
11,3,10,2,390,0.4419094459153712
11,3,10,2,400,0.4540227479301393
11,3,10,2,410,0.46549559384584427
11,3,10,2,420,0.4768414720892906
11,3,10,2,430,0.48966536577790976
11,3,10,2,440,0.501158888451755
11,3,10,2,450,0.5115925818681717
11,3,10,2,460,0.5231640236452222
11,3,10,2,470,0.5345062147825956
11,3,10,2,480,0.5453614620491862
11,3,10,2,490,0.5573553508147597
11,3,10,2,500,0.5696803582832217
11,3,10,2,510,0.5781388860195875
11,3,10,2,520,0.590432554949075
11,3,10,2,530,0.600866565015167
11,3,10,2,540,0.612146143335849
11,3,10,2,550,0.6235353681258857
11,3,10,2,560,0.6387015352956951
11,3,10,2,570,0.6982537372969091
11,3,10,2,580,0.6566150216385722
11,3,10,2,590,0.6696314169093966
11,3,12,1,20,0.023089876864105463
11,3,12,1,30,0.03469574963673949
11,3,12,1,40,0.04594344971701503
11,3,12,1,50,0.05753432819619775
11,3,12,1,60,0.06920404313132167
11,3,12,1,70,0.08121328102424741
11,3,12,1,80,0.09220987884327769
11,3,12,1,90,0.10364788072183728
11,3,12,1,100,0.1151284552179277
11,3,12,1,110,0.12672751303762197
11,3,12,1,120,0.13816553680226207
11,3,12,1,130,0.14954101713374257
11,3,12,1,140,0.16159053705632687
11,3,12,1,150,0.17333054170012474
11,3,12,1,160,0.18424902576953173
11,3,12,1,170,0.19524442171677947
11,3,12,1,180,0.2063455660827458
11,3,12,1,190,0.21858339477330446
11,3,12,1,200,0.22983788792043924
11,3,12,1,210,0.2413330008275807
11,3,12,1,220,0.2529438938945532
11,3,12,1,230,0.26418438414111733
11,3,12,1,240,0.27529137302190065
11,3,12,1,250,0.28727925196290016
11,3,12,1,260,0.29945509787648916
11,3,12,1,270,0.3107752022333443
11,3,12,1,280,0.32157070469111204
11,3,12,1,290,0.33278863737359643
11,3,12,1,300,0.34398514311760664
11,3,12,1,310,0.35521221486851573
11,3,12,1,320,0.3672068417072296
11,3,12,1,330,0.3789622322656214
11,3,12,1,340,0.39003425696864724
11,3,12,1,350,0.40349238691851497
11,3,12,1,360,0.41273581702262163
11,3,12,1,370,0.4243315979838371
11,3,12,1,380,0.4355537132360041
11,3,12,1,390,0.44863059325143695
11,3,12,1,400,0.45931050879880786
11,3,12,1,410,0.471602541860193
11,3,12,1,420,0.48149090679362416
11,3,12,1,430,0.4922201060689986
11,3,12,1,440,0.5040366691537201
11,3,12,1,450,0.5163200399838388
11,3,12,1,460,0.525553469080478
11,3,12,1,470,0.5391293279826641
11,3,12,1,480,0.5491054318845272
11,3,12,1,490,0.5614110291935503
11,3,12,1,500,0.5721952118910849
11,3,12,1,510,0.5864020721055567
11,3,12,1,520,0.5936385686509311
11,3,12,1,530,0.6071618953719735
11,3,12,1,540,0.6173850460909307
11,3,12,1,550,0.6304767690598965
11,3,12,1,560,0.641611254774034
11,3,12,1,570,0.6536068082787097
11,3,12,1,580,0.6636496768333018
11,3,12,1,590,0.6772115407511592
11,3,12,2,20,0.022841040045022964
11,3,12,2,30,0.03441176237538457
11,3,12,2,40,0.046040001790970564
11,3,12,2,50,0.05788561701774597
11,3,12,2,60,0.06943330727517605
11,3,12,2,70,0.0809620120562613
11,3,12,2,80,0.09234723821282387
11,3,12,2,90,0.10391050670295954
11,3,12,2,100,0.11533915670588613
11,3,12,2,110,0.12694450374692678
11,3,12,2,120,0.13820818904787302
11,3,12,2,130,0.14980012271553278
11,3,12,2,140,0.16105037089437246
11,3,12,2,150,0.17306199902668595
11,3,12,2,160,0.18438628874719143
11,3,12,2,170,0.19629735220223665
11,3,12,2,180,0.20667702797800303
11,3,12,2,190,0.2195603628642857
11,3,12,2,200,0.22965391911566257
11,3,12,2,210,0.24119193386286497
11,3,12,2,220,0.25216683465987444
11,3,12,2,230,0.26439222507178783
11,3,12,2,240,0.2745225438848138
11,3,12,2,250,0.3009647037833929
11,3,12,2,260,0.3381655290722847
11,3,12,2,270,0.30995156383141875
11,3,12,2,280,0.32107246294617653
11,3,12,2,290,0.3330883956514299
11,3,12,2,300,0.34407632797956467
11,3,12,2,310,0.35535356495529413
11,3,12,2,320,0.3659625290893018
11,3,12,2,330,0.3795259720645845
11,3,12,2,340,0.3895601499825716
11,3,12,2,350,0.40156845515593886
11,3,12,2,360,0.4114238787442446
11,3,12,2,370,0.4244434251450002
11,3,12,2,380,0.43521796725690365
11,3,12,2,390,0.4476065067574382
11,3,12,2,400,0.458525775000453
11,3,12,2,410,0.4705895963124931
11,3,12,2,420,0.48170175217092037
11,3,12,2,430,0.49335992289707065
11,3,12,2,440,0.5037367092445493
11,3,12,2,450,0.5155480387620628
11,3,12,2,460,0.5274605448357761
11,3,12,2,470,0.5382641348987818
11,3,12,2,480,0.5497334571555257
11,3,12,2,490,0.561245639808476
11,3,12,2,500,0.5729036252014339
11,3,12,2,510,0.5846643089316785
11,3,12,2,520,0.594641437754035
11,3,12,2,530,0.6078100460581481
11,3,12,2,540,0.617922896053642
11,3,12,2,550,0.6289680139161646
11,3,12,2,560,0.6421649530529976
11,3,12,2,570,0.6543969591148198
11,3,12,2,580,0.6632224931381643
11,3,12,2,590,0.6759073068387806
11,4,2,1,20,0.022745931055396795
11,4,2,1,30,0.0341149652376771
11,4,2,1,40,0.04551130998879671
11,4,2,1,50,0.05676896497607231
11,4,2,1,60,0.0682886322028935
11,4,2,1,70,0.07954104291275144
11,4,2,1,80,0.0902414321899414
11,4,2,1,90,0.10206370893865824
11,4,2,1,100,0.11331771314144135
11,4,2,1,110,0.12446106597781181
11,4,2,1,120,0.13599488092586398
11,4,2,1,130,0.14687221171334386
11,4,2,1,140,0.15828671120107174
11,4,2,1,150,0.16988732805475593
11,4,2,1,160,0.18119907891377807
11,4,2,1,170,0.19224660377949476
11,4,2,1,180,0.20342046907171607
11,4,2,1,190,0.2144015859812498
11,4,2,1,200,0.22493369365110993
11,4,2,1,210,0.2369469590485096
11,4,2,1,220,0.24840414291247725
11,4,2,1,230,0.26060343626886606
11,4,2,1,240,0.2715614838525653
11,4,2,1,250,0.282566589768976
11,4,2,1,260,0.2933295019902289
11,4,2,1,270,0.30690823309123516
11,4,2,1,280,0.31698687421157956
11,4,2,1,290,0.327873227186501
11,4,2,1,300,0.33923688903450966
11,4,2,1,310,0.35134026082232594
11,4,2,1,320,0.36190806794911623
11,4,2,1,330,0.3747212658636272
11,4,2,1,340,0.38647070387378335
11,4,2,1,350,0.3954534102231264
11,4,2,1,360,0.4066641260869801
11,4,2,1,370,0.41885043680667877
11,4,2,1,380,0.42956126667559147
11,4,2,1,390,0.4406294049695134
11,4,2,1,400,0.4522048248909414
11,4,2,1,410,0.4636483886279166
11,4,2,1,420,0.4742677239701152
11,4,2,1,430,0.4855846241116524
11,4,2,1,440,0.49662470864132047
11,4,2,1,450,0.5095572019927204
11,4,2,1,460,0.5203378209844232
11,4,2,1,470,0.5329511980526149
11,4,2,1,480,0.5429953970015049
11,4,2,1,490,0.5545793138444424
11,4,2,1,500,0.5657500559464097
11,4,2,1,510,0.5761549221351743
11,4,2,1,520,0.5877265548333526
11,4,2,1,530,0.5978337400592864
11,4,2,1,540,0.6089399107731879
11,4,2,1,550,0.6778503498062491
11,4,2,1,560,0.6323690540157259
11,4,2,1,570,0.6438249149359763
11,4,2,1,580,0.6547163790091872
11,4,2,1,590,0.6687060133554041
11,4,2,2,20,0.022600555792450905
11,4,2,2,30,0.034064565785229206
11,4,2,2,40,0.045175320003181696
11,4,2,2,50,0.05649324506521225
11,4,2,2,60,0.06799035985022783
11,4,2,2,70,0.07911918219178915
11,4,2,2,80,0.09016867633908987
11,4,2,2,90,0.1016324469819665
11,4,2,2,100,0.11275385413318872
11,4,2,2,110,0.12448041886091232
11,4,2,2,120,0.13617741875350475
11,4,2,2,130,0.14674905175343156
11,4,2,2,140,0.15818024380132556
11,4,2,2,150,0.17000530008226633
11,4,2,2,160,0.1806240756995976
11,4,2,2,170,0.1924719139933586
11,4,2,2,180,0.2037865542806685
11,4,2,2,190,0.21419543027877808
11,4,2,2,200,0.22641840483993292
11,4,2,2,210,0.23778160521760583
11,4,2,2,220,0.24942935118451715
11,4,2,2,230,0.2607781486585736
11,4,2,2,240,0.2721055541187525
11,4,2,2,250,0.2839885368011892
11,4,2,2,260,0.29454700695350766
11,4,2,2,270,0.30573444021865726
11,4,2,2,280,0.31774097168818116
11,4,2,2,290,0.3289319220930338
11,4,2,2,300,0.34023521887138486
11,4,2,2,310,0.35226894496008754
11,4,2,2,320,0.3626453969627619
11,4,2,2,330,0.374404183588922
11,4,2,2,340,0.3851586966775358
11,4,2,2,350,0.39681336004287004
11,4,2,2,360,0.4067016253247857
11,4,2,2,370,0.4181115026585758
11,4,2,2,380,0.4306632927618921
11,4,2,2,390,0.44402953376993537
11,4,2,2,400,0.45440820790827274
11,4,2,2,410,0.4650997081771493
11,4,2,2,420,0.47565672313794494
11,4,2,2,430,0.48715179320424795
11,4,2,2,440,0.4989966987632215
11,4,2,2,450,0.5108930910937488
11,4,2,2,460,0.5206150999292731
11,4,2,2,470,0.5309042818844318
11,4,2,2,480,0.5438612499274313
11,4,2,2,490,0.5567332031205297
11,4,2,2,500,0.5660327612422407
11,4,2,2,510,0.5774880941025913
11,4,2,2,520,0.5884872819297016
11,4,2,2,530,0.6007811832241714
11,4,2,2,540,0.6099792011082172
11,4,2,2,550,0.6222257022745907
11,4,2,2,560,0.6327816671691835
11,4,2,2,570,0.6457617599517107
11,4,2,2,580,0.6556293400935829
11,4,2,2,590,0.6677915789186954
11,4,4,1,20,0.02269465010613203
11,4,4,1,30,0.0340737490914762
11,4,4,1,40,0.045349788852036
11,4,4,1,50,0.056644904892891645
11,4,4,1,60,0.06842943280935287
11,4,4,1,70,0.07949380204081535
11,4,4,1,80,0.09080052003264427
11,4,4,1,90,0.10257817199453712
11,4,4,1,100,0.11354712629690766
11,4,4,1,110,0.12475533597171307
11,4,4,1,120,0.1359322420321405
11,4,4,1,130,0.14765870198607445
11,4,4,1,140,0.15836833138018847
11,4,4,1,150,0.170299232006073
11,4,4,1,160,0.18164217518642545
11,4,4,1,170,0.19311041478067636
11,4,4,1,180,0.20411676401272416
11,4,4,1,190,0.21606132993474603
11,4,4,1,200,0.22731540305539966
11,4,4,1,210,0.2388335377909243
11,4,4,1,220,0.2506479020230472
11,4,4,1,230,0.2610855526290834
11,4,4,1,240,0.27245653374120593
11,4,4,1,250,0.33933762088418007
11,4,4,1,260,0.29540335200726986
11,4,4,1,270,0.30770737398415804
11,4,4,1,280,0.31861932296305895
11,4,4,1,290,0.3307369709946215
11,4,4,1,300,0.34121236903592944
11,4,4,1,310,0.35343819484114647
11,4,4,1,320,0.3635347681120038
11,4,4,1,330,0.37393114622682333
11,4,4,1,340,0.3844747878611088
11,4,4,1,350,0.3971046186052263
11,4,4,1,360,0.4085031650029123
11,4,4,1,370,0.421027930919081
11,4,4,1,380,0.4317837408743799
11,4,4,1,390,0.44412892358377576
11,4,4,1,400,0.4545895792543888
11,4,4,1,410,0.46597738191485405
11,4,4,1,420,0.47706712782382965
11,4,4,1,430,0.4891087138094008
11,4,4,1,440,0.5010763932950795
11,4,4,1,450,0.5129667483270168
11,4,4,1,460,0.5215779389254749
11,4,4,1,470,0.5350206647999585
11,4,4,1,480,0.5450774831697345
11,4,4,1,490,0.5573612223379314
11,4,4,1,500,0.567368159070611
11,4,4,1,510,0.5798600981943309
11,4,4,1,520,0.5901537882164121
11,4,4,1,530,0.6026051598601043
11,4,4,1,540,0.6135757276788354
11,4,4,1,550,0.6251720399595797
11,4,4,1,560,0.6356542203575373
11,4,4,1,570,0.6479405891150236
11,4,4,1,580,0.656853178050369
11,4,4,1,590,0.6716051828116179
11,4,4,2,20,0.022730678785592318
11,4,4,2,30,0.03415556903928518
11,4,4,2,40,0.045446448028087616
11,4,4,2,50,0.05687326891347766
11,4,4,2,60,0.06810294091701508
11,4,4,2,70,0.07979169674217701
11,4,4,2,80,0.0907753249630332
11,4,4,2,90,0.10211497312411666
11,4,4,2,100,0.11348416609689593
11,4,4,2,110,0.12536862306296825
11,4,4,2,120,0.1360516813583672
11,4,4,2,130,0.1481723110191524
11,4,4,2,140,0.15841400902718306
11,4,4,2,150,0.1702609029598534
11,4,4,2,160,0.1814918229356408
11,4,4,2,170,0.193087344057858
11,4,4,2,180,0.20391728077083826
11,4,4,2,190,0.21558997500687838
11,4,4,2,200,0.22610050486400723
11,4,4,2,210,0.2371173440478742
11,4,4,2,220,0.24888171581551433
11,4,4,2,230,0.26052163913846016
11,4,4,2,240,0.27069837413728237
11,4,4,2,250,0.2829674328677356
11,4,4,2,260,0.294231862295419
11,4,4,2,270,0.3059199578128755
11,4,4,2,280,0.31688340520486236
11,4,4,2,290,0.3289295891299844
11,4,4,2,300,0.33962626196444035
11,4,4,2,310,0.351885924115777
11,4,4,2,320,0.36342488415539265
11,4,4,2,330,0.37356086866930127
11,4,4,2,340,0.38611071184277534
11,4,4,2,350,0.39646235993131995
11,4,4,2,360,0.40725555922836065
11,4,4,2,370,0.4199516805820167
11,4,4,2,380,0.4293598523363471
11,4,4,2,390,0.4419821258634329
11,4,4,2,400,0.453769207932055
11,4,4,2,410,0.4658438111655414
11,4,4,2,420,0.47582923294976354
11,4,4,2,430,0.48817058792337775
11,4,4,2,440,0.5004696962423623
11,4,4,2,450,0.5116105591878295
11,4,4,2,460,0.5216109761968255
11,4,4,2,470,0.5340691381134093
11,4,4,2,480,0.5442127836868167
11,4,4,2,490,0.5582436523400247
11,4,4,2,500,0.5654298448935151
11,4,4,2,510,0.5787907890044153
11,4,4,2,520,0.5901148053817451
11,4,4,2,530,0.601799554657191
11,4,4,2,540,0.6665952708572149
11,4,4,2,550,0.6252214317210019
11,4,4,2,560,0.6330500147305429
11,4,4,2,570,0.6445787847042084
11,4,4,2,580,0.6561056189239025
11,4,4,2,590,0.6687471852637827
11,4,6,1,20,0.022843625396490097
11,4,6,1,30,0.03433603188022971
11,4,6,1,40,0.045736031141132116
11,4,6,1,50,0.05702885892242193
11,4,6,1,60,0.06847827089950442
11,4,6,1,70,0.0798086877912283
11,4,6,1,80,0.09147100010886788
11,4,6,1,90,0.10273281764239073
11,4,6,1,100,0.11385658010840416
11,4,6,1,110,0.12532914197072387
11,4,6,1,120,0.13707444118335843
11,4,6,1,130,0.1484252787195146
11,4,6,1,140,0.1602780381217599
11,4,6,1,150,0.17090994911268353
11,4,6,1,160,0.18206006474792957
11,4,6,1,170,0.1948119020089507
11,4,6,1,180,0.20509687392041087
11,4,6,1,190,0.21640162635594606
11,4,6,1,200,0.22790668485686183
11,4,6,1,210,0.2396167442202568
11,4,6,1,220,0.2506502619944513
11,4,6,1,230,0.26250585820525885
11,4,6,1,240,0.2732938756234944
11,4,6,1,250,0.285472861956805
11,4,6,1,260,0.29717664886265993
11,4,6,1,270,0.30779114505276084
11,4,6,1,280,0.3188061420805752
11,4,6,1,290,0.33129997877404094
11,4,6,1,300,0.3421980901621282
11,4,6,1,310,0.3537513460032642
11,4,6,1,320,0.3645848226733506
11,4,6,1,330,0.3767801262438297
11,4,6,1,340,0.3874786696396768
11,4,6,1,350,0.40105576626956463
11,4,6,1,360,0.4103957861661911
11,4,6,1,370,0.42246303986757994
11,4,6,1,380,0.4333902089856565
11,4,6,1,390,0.4466509879566729
11,4,6,1,400,0.4555107378400862
11,4,6,1,410,0.46818137308582664
11,4,6,1,420,0.4790778076276183
11,4,6,1,430,0.492933239787817
11,4,6,1,440,0.5037008807994425
11,4,6,1,450,0.5140271070413291
11,4,6,1,460,0.5250153988599777
11,4,6,1,470,0.536646680906415
11,4,6,1,480,0.5492617320269346
11,4,6,1,490,0.5604728190228343
11,4,6,1,500,0.5710851969197392
11,4,6,1,510,0.5829182122834027
11,4,6,1,520,0.5924140480346978
11,4,6,1,530,0.606763631105423
11,4,6,1,540,0.6152899777516723
11,4,6,1,550,0.6266840458847582
11,4,6,1,560,0.639753301627934
11,4,6,1,570,0.6509774592705071
11,4,6,1,580,0.6628308952786028
11,4,6,1,590,0.6735062841325998
11,4,6,2,20,0.022696082945913076
11,4,6,2,30,0.03415003186091781
11,4,6,2,40,0.04571627965196967
11,4,6,2,50,0.05696597322821617
11,4,6,2,60,0.06839529797434807
11,4,6,2,70,0.07977451384067535
11,4,6,2,80,0.09128020890057087
11,4,6,2,90,0.102703673299402
11,4,6,2,100,0.11452712910249829
11,4,6,2,110,0.12564799701794982
11,4,6,2,120,0.13666500383988023
11,4,6,2,130,0.14822990400716662
11,4,6,2,140,0.1591407828964293
11,4,6,2,150,0.1712336428463459
11,4,6,2,160,0.18226406490430236
11,4,6,2,170,0.19365311739966273
11,4,6,2,180,0.20524390414357185
11,4,6,2,190,0.2162712560966611
11,4,6,2,200,0.22695850813761353
11,4,6,2,210,0.2389452368952334
11,4,6,2,220,0.24961171811446548
11,4,6,2,230,0.2610210250131786
11,4,6,2,240,0.3262863368727267
11,4,6,2,250,0.28400168288499117
11,4,6,2,260,0.2952395905740559
11,4,6,2,270,0.3077372908592224
11,4,6,2,280,0.3185681919567287
11,4,6,2,290,0.3303893059492111
11,4,6,2,300,0.341204643715173
11,4,6,2,310,0.35361929377540946
11,4,6,2,320,0.3634858960285783
11,4,6,2,330,0.37613735999912024
11,4,6,2,340,0.38631934905424714
11,4,6,2,350,0.39880363876000047
11,4,6,2,360,0.4091550470329821
11,4,6,2,370,0.42161928582936525
11,4,6,2,380,0.4319021496921778
11,4,6,2,390,0.4457630719989538
11,4,6,2,400,0.45618434390053153
11,4,6,2,410,0.46729419101029634
11,4,6,2,420,0.4779137698933482
11,4,6,2,430,0.49073928920552135
11,4,6,2,440,0.5011280491016805
11,4,6,2,450,0.5134199298918247
11,4,6,2,460,0.5234496803022921
11,4,6,2,470,0.5365942888893187
11,4,6,2,480,0.5464462242089212
11,4,6,2,490,0.5562835740856826
11,4,6,2,500,0.5702188257128
11,4,6,2,510,0.5811011861078441
11,4,6,2,520,0.5934956260025501
11,4,6,2,530,0.60447449516505
11,4,6,2,540,0.6147431982681155
11,4,6,2,550,0.6278223162516952
11,4,6,2,560,0.635818213224411
11,4,6,2,570,0.6480003488250077
11,4,6,2,580,0.6595913702622056
11,4,6,2,590,0.6736687887459993
11,4,8,1,20,0.023238503374159336
11,4,8,1,30,0.034967232029885054
11,4,8,1,40,0.04666816722601652
11,4,8,1,50,0.058262469712644815
11,4,8,1,60,0.06973064038902521
11,4,8,1,70,0.08136704005300999
11,4,8,1,80,0.0932520842179656
11,4,8,1,90,0.10457971040159464
11,4,8,1,100,0.11615014402195811
11,4,8,1,110,0.12775768525898457
11,4,8,1,120,0.14011103799566627
11,4,8,1,130,0.15136837679892778
11,4,8,1,140,0.16271818988025188
11,4,8,1,150,0.17482287902384996
11,4,8,1,160,0.18630580697208643
11,4,8,1,170,0.19744340237230062
11,4,8,1,180,0.20863045006990433
11,4,8,1,190,0.22076423466205597
11,4,8,1,200,0.2317145112901926
11,4,8,1,210,0.24434812786057591
11,4,8,1,220,0.2554579279385507
11,4,8,1,230,0.26735905930399895
11,4,8,1,240,0.2775945207104087
11,4,8,1,250,0.28955014795064926
11,4,8,1,260,0.3008881830610335
11,4,8,1,270,0.312355135101825
11,4,8,1,280,0.32488074293360114
11,4,8,1,290,0.3365766042843461
11,4,8,1,300,0.34736084658652544
11,4,8,1,310,0.3595155254006386
11,4,8,1,320,0.3705616439692676
11,4,8,1,330,0.3819217183627188
11,4,8,1,340,0.39170388504862785
11,4,8,1,350,0.4058835171163082
11,4,8,1,360,0.41692001977935433
11,4,8,1,370,0.4303233539685607
11,4,8,1,380,0.44377201283350587
11,4,8,1,390,0.4546090420335531
11,4,8,1,400,0.46660395571962
11,4,8,1,410,0.48004784481599927
11,4,8,1,420,0.4895656215958297
11,4,8,1,430,0.5005259881727397
11,4,8,1,440,0.5131435487419367
11,4,8,1,450,0.5247973692603409
11,4,8,1,460,0.5358428349718451
11,4,8,1,470,0.5483789280988276
11,4,8,1,480,0.5596451358869672
11,4,8,1,490,0.5725566609762609
11,4,8,1,500,0.5828251899220049
11,4,8,1,510,0.5947655322961509
11,4,8,1,520,0.6057612597942352
11,4,8,1,530,0.6175440959632397
11,4,8,1,540,0.6282661659643054
11,4,8,1,550,0.6394504266791046
11,4,8,1,560,0.6498382240533829
11,4,8,1,570,0.6627821712754667
11,4,8,1,580,0.6753602968528867
11,4,8,1,590,0.6890417258255184
11,4,8,2,20,0.023061468731611967
11,4,8,2,30,0.03466906305402517
11,4,8,2,40,0.046427161898463964
11,4,8,2,50,0.057750499341636896
11,4,8,2,60,0.06926118629053235
11,4,8,2,70,0.08106668200343847
11,4,8,2,80,0.09239855641499162
11,4,8,2,90,0.10432337503880262
11,4,8,2,100,0.13615809008479118
11,4,8,2,110,0.1346213067881763
11,4,8,2,120,0.13896295009180903
11,4,8,2,130,0.15073002921417356
11,4,8,2,140,0.16177666885778308
11,4,8,2,150,0.172953428234905
11,4,8,2,160,0.18421264085918665
11,4,8,2,170,0.19586401199921966
11,4,8,2,180,0.2076456258073449
11,4,8,2,190,0.21881789062172174
11,4,8,2,200,0.23047667322680354
11,4,8,2,210,0.24239765899255872
11,4,8,2,220,0.2529504760168493
11,4,8,2,230,0.2654404519125819
11,4,8,2,240,0.2759357951581478
11,4,8,2,250,0.2885462511330843
11,4,8,2,260,0.29979276517406106
11,4,8,2,270,0.3107334841042757
11,4,8,2,280,0.32237062929198146
11,4,8,2,290,0.3343819980509579
11,4,8,2,300,0.3455799180082977
11,4,8,2,310,0.3590236217714846
11,4,8,2,320,0.36830010591074824
11,4,8,2,330,0.3816663660109043
11,4,8,2,340,0.3928639800287783
11,4,8,2,350,0.4044135198928416
11,4,8,2,360,0.416021587792784
11,4,8,2,370,0.42806093906983733
11,4,8,2,380,0.43994341930374503
11,4,8,2,390,0.4525208002887666
11,4,8,2,400,0.4623846276663244
11,4,8,2,410,0.4737814129330218
11,4,8,2,420,0.4847097690217197
11,4,8,2,430,0.4971643569879234
11,4,8,2,440,0.5088824490085244
11,4,8,2,450,0.5221519363112748
11,4,8,2,460,0.5316725219599903
11,4,8,2,470,0.5430241068825126
11,4,8,2,480,0.5531280091963708
11,4,8,2,490,0.5645339079201221
11,4,8,2,500,0.5774636180140078
11,4,8,2,510,0.5887625059112906
11,4,8,2,520,0.6001639510504901
11,4,8,2,530,0.6122078718617558
11,4,8,2,540,0.6221100836992264
11,4,8,2,550,0.6372874244116247
11,4,8,2,560,0.647908488754183
11,4,8,2,570,0.6579519268125296
11,4,8,2,580,0.6684061829000711
11,4,8,2,590,0.6812759558670223
11,4,10,1,20,0.024535803124308586
11,4,10,1,30,0.03681161114946008
11,4,10,1,40,0.04891168186441064
11,4,10,1,50,0.06113324500620365
11,4,10,1,60,0.07303630094975233
11,4,10,1,70,0.0853435811586678
11,4,10,1,80,0.09724889975041151
11,4,10,1,90,0.1098387511447072
11,4,10,1,100,0.12168586999177933
11,4,10,1,110,0.1341130556538701
11,4,10,1,120,0.14633303228765726
11,4,10,1,130,0.1585897747427225
11,4,10,1,140,0.16952177789062262
11,4,10,1,150,0.1820899797603488
11,4,10,1,160,0.1938091740012169
11,4,10,1,170,0.20635210070759058
11,4,10,1,180,0.21908458322286606
11,4,10,1,190,0.2682086401619017
11,4,10,1,200,0.25942926993593574
11,4,10,1,210,0.2556043229997158
11,4,10,1,220,0.26804807502776384
11,4,10,1,230,0.27975604915991426
11,4,10,1,240,0.2912460728548467
11,4,10,1,250,0.30368241388350725
11,4,10,1,260,0.3156158230267465
11,4,10,1,270,0.3280730089172721
11,4,10,1,280,0.34000825323164463
11,4,10,1,290,0.3532326756976545
11,4,10,1,300,0.3644178779795766
11,4,10,1,310,0.3767474386841059
11,4,10,1,320,0.3872582111507654
11,4,10,1,330,0.40042274771258235
11,4,10,1,340,0.4118855679407716
11,4,10,1,350,0.424616823438555
11,4,10,1,360,0.4355829250998795
11,4,10,1,370,0.44897764595225453
11,4,10,1,380,0.4603417688049376
11,4,10,1,390,0.4733609198592603
11,4,10,1,400,0.4850555891171098
11,4,10,1,410,0.49616068601608276
11,4,10,1,420,0.5093268901109695
11,4,10,1,430,0.5225842199288309
11,4,10,1,440,0.5333539401181042
11,4,10,1,450,0.5461253919638693
11,4,10,1,460,0.5574562968686223
11,4,10,1,470,0.5692810406908393
11,4,10,1,480,0.5802921550348401
11,4,10,1,490,0.5932154501788318
11,4,10,1,500,0.6056084269657731
11,4,10,1,510,0.6155452732928097
11,4,10,1,520,0.6274318578653038
11,4,10,1,530,0.6400977000594139
11,4,10,1,540,0.6536108148284256
11,4,10,1,550,0.6647468782030046
11,4,10,1,560,0.6763608139008284
11,4,10,1,570,0.6907869181595743
11,4,10,1,580,0.7033008709549904
11,4,10,1,590,0.7148347338661551
11,4,10,2,20,0.023646689020097256
11,4,10,2,30,0.035555283073335886
11,4,10,2,40,0.04748478112742305
11,4,10,2,50,0.05972665315493941
11,4,10,2,60,0.07103023771196604
11,4,10,2,70,0.08289539627730846
11,4,10,2,80,0.09489382896572351
11,4,10,2,90,0.10688463412225246
11,4,10,2,100,0.11830140696838498
11,4,10,2,110,0.13077881978824735
11,4,10,2,120,0.14249197021126747
11,4,10,2,130,0.15426807384938002
11,4,10,2,140,0.16589752258732915
11,4,10,2,150,0.1782369278371334
11,4,10,2,160,0.18946642009541392
11,4,10,2,170,0.20064206514507532
11,4,10,2,180,0.21314068976789713
11,4,10,2,190,0.22505571087822318
11,4,10,2,200,0.2359479800797999
11,4,10,2,210,0.24774361494928598
11,4,10,2,220,0.25957325706258416
11,4,10,2,230,0.27264848770573735
11,4,10,2,240,0.2841057041659951
11,4,10,2,250,0.2953810188919306
11,4,10,2,260,0.30769506888464093
11,4,10,2,270,0.3194694691337645
11,4,10,2,280,0.3303500418551266
11,4,10,2,290,0.34184094332158566
11,4,10,2,300,0.3534021498635411
11,4,10,2,310,0.36553315725177526
11,4,10,2,320,0.37679749308153987
11,4,10,2,330,0.38888938073068857
11,4,10,2,340,0.4005383108742535
11,4,10,2,350,0.41256688674911857
11,4,10,2,360,0.42322407104074955
11,4,10,2,370,0.4352389960549772
11,4,10,2,380,0.44711080472916365
11,4,10,2,390,0.45944866398349404
11,4,10,2,400,0.47098546801134944
11,4,10,2,410,0.4821190722286701
11,4,10,2,420,0.4940658179111779
11,4,10,2,430,0.5065711522474885
11,4,10,2,440,0.517871615011245
11,4,10,2,450,0.5289778206497431
11,4,10,2,460,0.5403361590579152
11,4,10,2,470,0.5530762108974159
11,4,10,2,480,0.6172992503270507
11,4,10,2,490,0.5755789843387902
11,4,10,2,500,0.5870010131038725
11,4,10,2,510,0.5989165059290826
11,4,10,2,520,0.6092186723835766
11,4,10,2,530,0.6214670198969543
11,4,10,2,540,0.6324639269150794
11,4,10,2,550,0.646210964769125
11,4,10,2,560,0.6559202480129898
11,4,10,2,570,0.6677710139192641
11,4,10,2,580,0.6805086401291192
11,4,10,2,590,0.692107736133039
11,4,12,1,20,0.027327144984155893
11,4,12,1,30,0.04083916312083602
11,4,12,1,40,0.054471862968057394
11,4,12,1,50,0.06854665139690042
11,4,12,1,60,0.08248354773968458
11,4,12,1,70,0.09528874326497316
11,4,12,1,80,0.10847692005336285
11,4,12,1,90,0.12233366910368204
11,4,12,1,100,0.13523034797981381
11,4,12,1,110,0.14862156426534057
11,4,12,1,120,0.16177200386300683
11,4,12,1,130,0.17523585632443428
11,4,12,1,140,0.1884257779456675
11,4,12,1,150,0.2023004493676126
11,4,12,1,160,0.21541591780260205
11,4,12,1,170,0.2286761081777513
11,4,12,1,180,0.2423658948391676
11,4,12,1,190,0.2563932831399143
11,4,12,1,200,0.2686257460154593
11,4,12,1,210,0.2835276289843023
11,4,12,1,220,0.29662244906648993
11,4,12,1,230,0.3109364942647517
11,4,12,1,240,0.32424555299803615
11,4,12,1,250,0.33768219128251076
11,4,12,1,260,0.3494771006517112
11,4,12,1,270,0.36311776004731655
11,4,12,1,280,0.37607828667387366
11,4,12,1,290,0.38965488597750664
11,4,12,1,300,0.4027649611234665
11,4,12,1,310,0.4164990638382733
11,4,12,1,320,0.4313822570256889
11,4,12,1,330,0.44286410324275494
11,4,12,1,340,0.4588880301453173
11,4,12,1,350,0.4695905549451709
11,4,12,1,360,0.4839136297814548
11,4,12,1,370,0.49666852597147226
11,4,12,1,380,0.5096434871666133
11,4,12,1,390,0.5224909889511764
11,4,12,1,400,0.5362419248558581
11,4,12,1,410,0.5496914819814265
11,4,12,1,420,0.5636196359992027
11,4,12,1,430,0.5779454787261784
11,4,12,1,440,0.5902075269259512
11,4,12,1,450,0.6035393667407334
11,4,12,1,460,0.6152774058282375
11,4,12,1,470,0.6294223200529814
11,4,12,1,480,0.6425648941658437
11,4,12,1,490,0.6568292039446533
11,4,12,1,500,0.67080984916538
11,4,12,1,510,0.6844048229977489
11,4,12,1,520,0.6966323959641159
11,4,12,1,530,0.7090292768552899
11,4,12,1,540,0.7217418323270977
11,4,12,1,550,0.7359095648862422
11,4,12,1,560,0.7490548137575388
11,4,12,1,570,0.7639734428375959
11,4,12,1,580,0.7752711968496442
11,4,12,1,590,0.8399910610169172
11,4,12,2,20,0.025185751728713512
11,4,12,2,30,0.03768179984763265
11,4,12,2,40,0.05000601103529334
11,4,12,2,50,0.06270379200577736
11,4,12,2,60,0.07530911499634385
11,4,12,2,70,0.08784016408026218
11,4,12,2,80,0.09991341410204768
11,4,12,2,90,0.11331957206130028
11,4,12,2,100,0.12518790503963828
11,4,12,2,110,0.13774513406679034
11,4,12,2,120,0.15001004189252853
11,4,12,2,130,0.1629355987533927
11,4,12,2,140,0.1750329053029418
11,4,12,2,150,0.1872570989653468
11,4,12,2,160,0.19975275080651045
11,4,12,2,170,0.21289916709065437
11,4,12,2,180,0.2250807718373835
11,4,12,2,190,0.2372427242808044
11,4,12,2,200,0.24950144812464714
11,4,12,2,210,0.26194326067343354
11,4,12,2,220,0.27445720275864005
11,4,12,2,230,0.2877273499034345
11,4,12,2,240,0.30020526703447104
11,4,12,2,250,0.31237784633412957
11,4,12,2,260,0.32474260311573744
11,4,12,2,270,0.336811191868037
11,4,12,2,280,0.34829219803214073
11,4,12,2,290,0.3617461328394711
11,4,12,2,300,0.3737363792024553
11,4,12,2,310,0.38581104204058647
11,4,12,2,320,0.39831351302564144
11,4,12,2,330,0.41083778580650687
11,4,12,2,340,0.42253340780735016
11,4,12,2,350,0.43625510297715664
11,4,12,2,360,0.4463775409385562
11,4,12,2,370,0.46008292492479086
11,4,12,2,380,0.4719455442391336
11,4,12,2,390,0.48467452405020595
11,4,12,2,400,0.4963652500882745
11,4,12,2,410,0.5094788409769535
11,4,12,2,420,0.5206683920696378
11,4,12,2,430,0.5350050921551883
11,4,12,2,440,0.5454603522084653
11,4,12,2,450,0.5605834722518921
11,4,12,2,460,0.572243841830641
11,4,12,2,470,0.5852791019715369
11,4,12,2,480,0.5967395510524511
11,4,12,2,490,0.609300788026303
11,4,12,2,500,0.6210119319148362
11,4,12,2,510,0.6340835583396256
11,4,12,2,520,0.6450259550474584
11,4,12,2,530,0.6581833260133862
11,4,12,2,540,0.6707264119759202
11,4,12,2,550,0.6820885105989873
11,4,12,2,560,0.6952435676939785
11,4,12,2,570,0.7078830720856786
11,4,12,2,580,0.7186940438114107
11,4,12,2,590,0.7311465889215469
12,2,2,1,20,0.022636129055172205
12,2,2,1,30,0.03422011900693178
12,2,2,1,40,0.04556584497913718
12,2,2,1,50,0.057035122998058796
12,2,2,1,60,0.06811142712831497
12,2,2,1,70,0.07938959775492549
12,2,2,1,80,0.09086685115471482
12,2,2,1,90,0.10264019528403878
12,2,2,1,100,0.11370729189366102
12,2,2,1,110,0.12492042500525713
12,2,2,1,120,0.13595708599314094
12,2,2,1,130,0.14756337879225612
12,2,2,1,140,0.15929630678147078
12,2,2,1,150,0.170688321813941
12,2,2,1,160,0.1815297268331051
12,2,2,1,170,0.19288562191650271
12,2,2,1,180,0.20486753480508924
12,2,2,1,190,0.21615488920360804
12,2,2,1,200,0.22754485299810767
12,2,2,1,210,0.23904419597238302
12,2,2,1,220,0.25073565309867263
12,2,2,1,230,0.26157239079475403
12,2,2,1,240,0.27047846000641584
12,2,2,1,250,0.2824282827787101
12,2,2,1,260,0.2920575481839478
12,2,2,1,270,0.30193448392674327
12,2,2,1,280,0.3141865669749677
12,2,2,1,290,0.3243713369593024
12,2,2,1,300,0.33498886739835143
12,2,2,1,310,0.3458941630087793
12,2,2,1,320,0.35825445130467415
12,2,2,1,330,0.3695016009733081
12,2,2,1,340,0.43934655375778675
12,2,2,1,350,0.39444683166220784
12,2,2,1,360,0.40536120906472206
12,2,2,1,370,0.41713703516870737
12,2,2,1,380,0.4283157526515424
12,2,2,1,390,0.44080921821296215
12,2,2,1,400,0.4516840949654579
12,2,2,1,410,0.46293593384325504
12,2,2,1,420,0.4742149841040373
12,2,2,1,430,0.4855644120834768
12,2,2,1,440,0.4963371930643916
12,2,2,1,450,0.5078336913138628
12,2,2,1,460,0.5195355620235205
12,2,2,1,470,0.5311945639550686
12,2,2,1,480,0.5421938910149038
12,2,2,1,490,0.5532572180964053
12,2,2,1,500,0.5644381428137422
12,2,2,1,510,0.5754982880316675
12,2,2,1,520,0.5873337150551379
12,2,2,1,530,0.5968758398666978
12,2,2,1,540,0.6078532813116908
12,2,2,1,550,0.619709312915802
12,2,2,1,560,0.6304693850688636
12,2,2,1,570,0.6445555426180363
12,2,2,1,580,0.6514370390214026
12,2,2,1,590,0.6662028068676591
12,2,2,2,20,0.022727423813194036
12,2,2,2,30,0.034033372066915035
12,2,2,2,40,0.04521875502541661
12,2,2,2,50,0.05639755306765437
12,2,2,2,60,0.06747592519968748
12,2,2,2,70,0.07913786824792624
12,2,2,2,80,0.09009549720212817
12,2,2,2,90,0.10177670978009701
12,2,2,2,100,0.11304175015538931
12,2,2,2,110,0.12447060784325004
12,2,2,2,120,0.1354625099338591
12,2,2,2,130,0.14722764072939754
12,2,2,2,140,0.15826073894277215
12,2,2,2,150,0.1691602598875761
12,2,2,2,160,0.18066052719950676
12,2,2,2,170,0.19179621990770102
12,2,2,2,180,0.20321246329694986
12,2,2,2,190,0.2147558438591659
12,2,2,2,200,0.22552816988900304
12,2,2,2,210,0.2376341442577541
12,2,2,2,220,0.24789909878745675
12,2,2,2,230,0.26019505597651005
12,2,2,2,240,0.2708655372262001
12,2,2,2,250,0.2819491741247475
12,2,2,2,260,0.2932861829176545
12,2,2,2,270,0.3035409930162132
12,2,2,2,280,0.31561330799013376
12,2,2,2,290,0.3273651390336454
12,2,2,2,300,0.33827081928029656
12,2,2,2,310,0.3498368007130921
12,2,2,2,320,0.3617254546843469
12,2,2,2,330,0.3726762579753995
12,2,2,2,340,0.38472526567056775
12,2,2,2,350,0.39590968983247876
12,2,2,2,360,0.4062506463378668
12,2,2,2,370,0.41793253319337964
12,2,2,2,380,0.4289118219166994
12,2,2,2,390,0.44165705889463425
12,2,2,2,400,0.4514655442908406
12,2,2,2,410,0.46320310002192855
12,2,2,2,420,0.4743244256824255
12,2,2,2,430,0.48633675230666995
12,2,2,2,440,0.4964899797923863
12,2,2,2,450,0.5091092772781849
12,2,2,2,460,0.5183335500769317
12,2,2,2,470,0.5302226669155061
12,2,2,2,480,0.540955294854939
12,2,2,2,490,0.5560910892672837
12,2,2,2,500,0.5639000060036778
12,2,2,2,510,0.5750307212583721
12,2,2,2,520,0.5865215277299285
12,2,2,2,530,0.5978661901317537
12,2,2,2,540,0.6639392878860235
12,2,2,2,550,0.6225019237026572
12,2,2,2,560,0.6318966238759458
12,2,2,2,570,0.6431712480261922
12,2,2,2,580,0.6540911509655416
12,2,2,2,590,0.6665487089194357
12,2,4,1,20,0.02253734925761819
12,2,4,1,30,0.03390973201021552
12,2,4,1,40,0.04517365898936987
12,2,4,1,50,0.056292529217898846
12,2,4,1,60,0.0674939570017159
12,2,4,1,70,0.07927279826253653
12,2,4,1,80,0.0905492571182549
12,2,4,1,90,0.1014093360863626
12,2,4,1,100,0.11236717272549868
12,2,4,1,110,0.12470795167610049
12,2,4,1,120,0.1351665910333395
12,2,4,1,130,0.14624305441975594
12,2,4,1,140,0.15765959490090609
12,2,4,1,150,0.1692718812264502
12,2,4,1,160,0.18078619427978992
12,2,4,1,170,0.19258872605860233
12,2,4,1,180,0.2037182291969657
12,2,4,1,190,0.21477258810773492
12,2,4,1,200,0.22519065020605922
12,2,4,1,210,0.23696677992120385
12,2,4,1,220,0.24869859777390957
12,2,4,1,230,0.2603109469637275
12,2,4,1,240,0.2718128878623247
12,2,4,1,250,0.2826873785816133
12,2,4,1,260,0.29427508544176817
12,2,4,1,270,0.30507094180211425
12,2,4,1,280,0.316933567635715
12,2,4,1,290,0.3286965359002352
12,2,4,1,300,0.33958589006215334
12,2,4,1,310,0.3514967388473451
12,2,4,1,320,0.3622149950824678
12,2,4,1,330,0.37406663317233324
12,2,4,1,340,0.3842030861414969
12,2,4,1,350,0.39808296505361795
12,2,4,1,360,0.4069970417767763
12,2,4,1,370,0.4185874266549945
12,2,4,1,380,0.4302695030346513
12,2,4,1,390,0.4425116297788918
12,2,4,1,400,0.4533980078995228
12,2,4,1,410,0.46676888270303607
12,2,4,1,420,0.4771603341214359
12,2,4,1,430,0.4878636780194938
12,2,4,1,440,0.5008153030648828
12,2,4,1,450,0.5092817707918584
12,2,4,1,460,0.5209446679800749
12,2,4,1,470,0.5335284369066358
12,2,4,1,480,0.5429000919684768
12,2,4,1,490,0.5563210151158273
12,2,4,1,500,0.5670027965679765
12,2,4,1,510,0.5791261740960181
12,2,4,1,520,0.5884565548039973
12,2,4,1,530,0.6030500759370625
12,2,4,1,540,0.6112192431464791
12,2,4,1,550,0.6226846226491034
12,2,4,1,560,0.6350235720165074
12,2,4,1,570,0.645485364831984
12,2,4,1,580,0.6555061237886548
12,2,4,1,590,0.6687283962965012
12,2,4,2,20,0.022720490116626024
12,2,4,2,30,0.03395928395912051
12,2,4,2,40,0.04514496074989438
12,2,4,2,50,0.056553096044808626
12,2,4,2,60,0.06782313482835889
12,2,4,2,70,0.07941643614321947
12,2,4,2,80,0.08991818409413099
12,2,4,2,90,0.10217888373881578
12,2,4,2,100,0.11365284258499742
12,2,4,2,110,0.1245374740101397
12,2,4,2,120,0.1356841130182147
12,2,4,2,130,0.147337278816849
12,2,4,2,140,0.15805558394640684
12,2,4,2,150,0.16976600885391235
12,2,4,2,160,0.18114787014201283
12,2,4,2,170,0.19242675276473165
12,2,4,2,180,0.20331618282943964
12,2,4,2,190,0.21505817119032145
12,2,4,2,200,0.22599791595712304
12,2,4,2,210,0.23764883121475577
12,2,4,2,220,0.24946080707013607
12,2,4,2,230,0.2604463850148022
12,2,4,2,240,0.2712902780622244
12,2,4,2,250,0.28333502914756536
12,2,4,2,260,0.2940727388486266
12,2,4,2,270,0.3061392498202622
12,2,4,2,280,0.3167334869503975
12,2,4,2,290,0.32736433763056993
12,2,4,2,300,0.33882957184687257
12,2,4,2,310,0.35140092577785254
12,2,4,2,320,0.36585088772699237
12,2,4,2,330,0.42450749687850475
12,2,4,2,340,0.3856123648583889
12,2,4,2,350,0.3961784150451422
12,2,4,2,360,0.4075926407240331
12,2,4,2,370,0.4201861899346113
12,2,4,2,380,0.42988534178584814
12,2,4,2,390,0.440680333878845
12,2,4,2,400,0.4527523829601705
12,2,4,2,410,0.4641412761993706
12,2,4,2,420,0.47509057400748134
12,2,4,2,430,0.4875715500675142
12,2,4,2,440,0.49917882308363914
12,2,4,2,450,0.5081876339390874
12,2,4,2,460,0.5197531352750957
12,2,4,2,470,0.5314686358906329
12,2,4,2,480,0.5428781318478286
12,2,4,2,490,0.5534895099699497
12,2,4,2,500,0.5658616381697357
12,2,4,2,510,0.5773073062300682
12,2,4,2,520,0.5862672198563814
12,2,4,2,530,0.5983738922514021
12,2,4,2,540,0.610483018681407
12,2,4,2,550,0.6232344596646726
12,2,4,2,560,0.6334451120346785
12,2,4,2,570,0.6456249170005322
12,2,4,2,580,0.6543020810931921
12,2,4,2,590,0.6673878422006965
12,2,6,1,20,0.022688162978738546
12,2,6,1,30,0.034110342152416706
12,2,6,1,40,0.045147527009248734
12,2,6,1,50,0.056700619868934155
12,2,6,1,60,0.06788356928154826
12,2,6,1,70,0.07949385000392795
12,2,6,1,80,0.09044933598488569
12,2,6,1,90,0.10211112769320607
12,2,6,1,100,0.11333029624074697
12,2,6,1,110,0.12475381884723902
12,2,6,1,120,0.1360783027485013
12,2,6,1,130,0.14681278076022863
12,2,6,1,140,0.1587468977086246
12,2,6,1,150,0.17032292485237122
12,2,6,1,160,0.18168554827570915
12,2,6,1,170,0.19329238077625632
12,2,6,1,180,0.2040656991302967
12,2,6,1,190,0.21501719020307064
12,2,6,1,200,0.22624211525544524
12,2,6,1,210,0.23780736699700356
12,2,6,1,220,0.24853817885741591
12,2,6,1,230,0.2606904930435121
12,2,6,1,240,0.2725480650551617
12,2,6,1,250,0.28247418720275164
12,2,6,1,260,0.2944363160058856
12,2,6,1,270,0.3058981178328395
12,2,6,1,280,0.31636508740484715
12,2,6,1,290,0.3284647250548005
12,2,6,1,300,0.33951782528311014
12,2,6,1,310,0.3508524070493877
12,2,6,1,320,0.36248532868921757
12,2,6,1,330,0.37379653891548514
12,2,6,1,340,0.38524274015799165
12,2,6,1,350,0.3961062179878354
12,2,6,1,360,0.4079827736131847
12,2,6,1,370,0.41879097698256373
12,2,6,1,380,0.429020581766963
12,2,6,1,390,0.4409377430565655
12,2,6,1,400,0.4507126631215215
12,2,6,1,410,0.46387507021427155
12,2,6,1,420,0.4752502837218344
12,2,6,1,430,0.48810411617159843
12,2,6,1,440,0.49810405308380723
12,2,6,1,450,0.5106270289979875
12,2,6,1,460,0.5202247588895261
12,2,6,1,470,0.5327242421917617
12,2,6,1,480,0.5442230789922178
12,2,6,1,490,0.6108338758349419
12,2,6,1,500,0.5656251250766218
12,2,6,1,510,0.5784227568656206
12,2,6,1,520,0.5876673888415098
12,2,6,1,530,0.5997272413223982
12,2,6,1,540,0.6102842129766941
12,2,6,1,550,0.6219111201353371
12,2,6,1,560,0.6333980141207576
12,2,6,1,570,0.6456071259453893
12,2,6,1,580,0.6563959210179746
12,2,6,1,590,0.6675455630756915
12,2,6,2,20,0.022729421965777874
12,2,6,2,30,0.03404807299375534
12,2,6,2,40,0.045432842802256346
12,2,6,2,50,0.05668572289869189
12,2,6,2,60,0.06885614898055792
12,2,6,2,70,0.07925128564238548
12,2,6,2,80,0.09052702505141497
12,2,6,2,90,0.10215123277157545
12,2,6,2,100,0.11315788701176643
12,2,6,2,110,0.12478146376088262
12,2,6,2,120,0.13584008207544684
12,2,6,2,130,0.14702134812250733
12,2,6,2,140,0.15879884688183665
12,2,6,2,150,0.1694907802157104
12,2,6,2,160,0.1811277479864657
12,2,6,2,170,0.1927978820167482
12,2,6,2,180,0.20338703505694866
12,2,6,2,190,0.21509586507454515
12,2,6,2,200,0.22602198785170913
12,2,6,2,210,0.23792649619281292
12,2,6,2,220,0.24794653803110123
12,2,6,2,230,0.26103051705285907
12,2,6,2,240,0.27037686109542847
12,2,6,2,250,0.28289450518786907
12,2,6,2,260,0.29385074879974127
12,2,6,2,270,0.3054224019870162
12,2,6,2,280,0.3171307877637446
12,2,6,2,290,0.32905869698151946
12,2,6,2,300,0.3404861390590668
12,2,6,2,310,0.3530761948786676
12,2,6,2,320,0.36212396575137973
12,2,6,2,330,0.3739199750125408
12,2,6,2,340,0.38466845732182264
12,2,6,2,350,0.3965408140793443
12,2,6,2,360,0.40693763503804803
12,2,6,2,370,0.41835182812064886
12,2,6,2,380,0.43016034411266446
12,2,6,2,390,0.44236047798767686
12,2,6,2,400,0.45341895520687103
12,2,6,2,410,0.4642893713898957
12,2,6,2,420,0.4757365332916379
12,2,6,2,430,0.48724841279909015
12,2,6,2,440,0.49769858503714204
12,2,6,2,450,0.5106586110778153
12,2,6,2,460,0.5204112371429801
12,2,6,2,470,0.5335753662511706
12,2,6,2,480,0.5418962063267827
12,2,6,2,490,0.5553158167749643
12,2,6,2,500,0.5671122190542519
12,2,6,2,510,0.5781704541295767
12,2,6,2,520,0.5899943052791059
12,2,6,2,530,0.6007558568380773
12,2,6,2,540,0.6108430260792375
12,2,6,2,550,0.6239770068787038
12,2,6,2,560,0.6345079308375716
12,2,6,2,570,0.6458421088755131
12,2,6,2,580,0.6570201860740781
12,2,6,2,590,0.6690782019868493
12,2,8,1,20,0.022766937036067247
12,2,8,1,30,0.034216237254440784
12,2,8,1,40,0.045573255978524685
12,2,8,1,50,0.05681883916258812
12,2,8,1,60,0.06820563366636634
12,2,8,1,70,0.07971485005691648
12,2,8,1,80,0.0908625959418714
12,2,8,1,90,0.10184773011133075
12,2,8,1,100,0.1133142220787704
12,2,8,1,110,0.12470454582944512
12,2,8,1,120,0.1365685029886663
12,2,8,1,130,0.14774236688390374
12,2,8,1,140,0.15891534322872758
12,2,8,1,150,0.1703677261248231
12,2,8,1,160,0.18108419189229608
12,2,8,1,170,0.19325659004971385
12,2,8,1,180,0.2040170426480472
12,2,8,1,190,0.21632144693285227
12,2,8,1,200,0.22623374918475747
12,2,8,1,210,0.23799682222306728
12,2,8,1,220,0.24908983707427979
12,2,8,1,230,0.2602192680351436
12,2,8,1,240,0.2719124578870833
12,2,8,1,250,0.28379613906145096
12,2,8,1,260,0.2946778032928705
12,2,8,1,270,0.3057789411395788
12,2,8,1,280,0.31655657896772027
12,2,8,1,290,0.3291160580702126
12,2,8,1,300,0.34045384591445327
12,2,8,1,310,0.3937861882150173
12,2,8,1,320,0.3767014262266457
12,2,8,1,330,0.3740729372948408
12,2,8,1,340,0.38569517992436886
12,2,8,1,350,0.39607148710638285
12,2,8,1,360,0.40752121480181813
12,2,8,1,370,0.41988387517631054
12,2,8,1,380,0.4302151342853904
12,2,8,1,390,0.4419917012564838
12,2,8,1,400,0.45138221280649304
12,2,8,1,410,0.46538484981283545
12,2,8,1,420,0.47648624889552593
12,2,8,1,430,0.48726713145151734
12,2,8,1,440,0.49933818029239774
12,2,8,1,450,0.5106156691908836
12,2,8,1,460,0.5212137107737362
12,2,8,1,470,0.5330201950855553
12,2,8,1,480,0.5455442718230188
12,2,8,1,490,0.5583024229854345
12,2,8,1,500,0.5684383609332144
12,2,8,1,510,0.5803532563149929
12,2,8,1,520,0.5905475500039756
12,2,8,1,530,0.6027167420834303
12,2,8,1,540,0.6133684748783708
12,2,8,1,550,0.6255607791244984
12,2,8,1,560,0.635791877284646
12,2,8,1,570,0.6458574691787362
12,2,8,1,580,0.6570905749686062
12,2,8,1,590,0.6699802270159125
12,2,8,2,20,0.022693091072142124
12,2,8,2,30,0.034104221034795046
12,2,8,2,40,0.045492342207580805
12,2,8,2,50,0.056794130243360996
12,2,8,2,60,0.06818081811070442
12,2,8,2,70,0.07940862979739904
12,2,8,2,80,0.09073770418763161
12,2,8,2,90,0.10203697066754103
12,2,8,2,100,0.11367384670302272
12,2,8,2,110,0.12502442998811603
12,2,8,2,120,0.13680462632328272
12,2,8,2,130,0.1477751201018691
12,2,8,2,140,0.15897335996851325
12,2,8,2,150,0.1704061538912356
12,2,8,2,160,0.18204162688925862
12,2,8,2,170,0.19336587516590953
12,2,8,2,180,0.20432561123743653
12,2,8,2,190,0.21661046519875526
12,2,8,2,200,0.22736364975571632
12,2,8,2,210,0.23866190575063229
12,2,8,2,220,0.2498054108582437
12,2,8,2,230,0.26108403177931905
12,2,8,2,240,0.2723263902589679
12,2,8,2,250,0.28462396189570427
12,2,8,2,260,0.2953950921073556
12,2,8,2,270,0.3073578239418566
12,2,8,2,280,0.3170249410904944
12,2,8,2,290,0.3294351911172271
12,2,8,2,300,0.34085025172680616
12,2,8,2,310,0.3514041658490896
12,2,8,2,320,0.36266570817679167
12,2,8,2,330,0.37518031103536487
12,2,8,2,340,0.38671434903517365
12,2,8,2,350,0.3977914238348603
12,2,8,2,360,0.40812862664461136
12,2,8,2,370,0.4204688901081681
12,2,8,2,380,0.4314794489182532
12,2,8,2,390,0.4429709459654987
12,2,8,2,400,0.4532505739480257
12,2,8,2,410,0.465214264113456
12,2,8,2,420,0.475948603823781
12,2,8,2,430,0.4890076541341841
12,2,8,2,440,0.49955066200345755
12,2,8,2,450,0.5110533009283245
12,2,8,2,460,0.5224953992292285
12,2,8,2,470,0.5896855709142983
12,2,8,2,480,0.5453244158998132
12,2,8,2,490,0.555218783672899
12,2,8,2,500,0.5675125997513533
12,2,8,2,510,0.5788922463543713
12,2,8,2,520,0.5897134677506983
12,2,8,2,530,0.6006311937235296
12,2,8,2,540,0.611664904281497
12,2,8,2,550,0.6249960251152515
12,2,8,2,560,0.6361684268340468
12,2,8,2,570,0.6479230299592018
12,2,8,2,580,0.6579348426312208
12,2,8,2,590,0.6698998622596264
12,2,10,1,20,0.022740778047591448
12,2,10,1,30,0.03405967773869634
12,2,10,1,40,0.04589140601456165
12,2,10,1,50,0.056883017998188734
12,2,10,1,60,0.06865749368444085
12,2,10,1,70,0.08048968808725476
12,2,10,1,80,0.09148444188758731
12,2,10,1,90,0.1029594917781651
12,2,10,1,100,0.11410942813381553
12,2,10,1,110,0.1256551267579198
12,2,10,1,120,0.13679853733628988
12,2,10,1,130,0.14825274189934134
12,2,10,1,140,0.1593023003078997
12,2,10,1,150,0.17121568601578474
12,2,10,1,160,0.1823284882120788
12,2,10,1,170,0.1936198901385069
12,2,10,1,180,0.20485630305483937
12,2,10,1,190,0.21686873398721218
12,2,10,1,200,0.22796279890462756
12,2,10,1,210,0.23995187506079674
12,2,10,1,220,0.250019168946892
12,2,10,1,230,0.2625235691666603
12,2,10,1,240,0.273346699308604
12,2,10,1,250,0.2841067258268595
12,2,10,1,260,0.29636582313105464
12,2,10,1,270,0.30802097637206316
12,2,10,1,280,0.3189708269201219
12,2,10,1,290,0.33152190782129765
12,2,10,1,300,0.34227797482162714
12,2,10,1,310,0.3539843959733844
12,2,10,1,320,0.36462206998839974
12,2,10,1,330,0.3769031660631299
12,2,10,1,340,0.3888862361200154
12,2,10,1,350,0.39903839910402894
12,2,10,1,360,0.41022949386388063
12,2,10,1,370,0.42173807276412845
12,2,10,1,380,0.43230148404836655
12,2,10,1,390,0.44498012214899063
12,2,10,1,400,0.4560499042272568
12,2,10,1,410,0.4680362301878631
12,2,10,1,420,0.4781096540391445
12,2,10,1,430,0.4908131309784949
12,2,10,1,440,0.5005308520048857
12,2,10,1,450,0.5133013958111405
12,2,10,1,460,0.5243015699088573
12,2,10,1,470,0.5364678320474923
12,2,10,1,480,0.5474262852221727
12,2,10,1,490,0.5589204239659011
12,2,10,1,500,0.5691177602857351
12,2,10,1,510,0.5822185738943517
12,2,10,1,520,0.5920375608839095
12,2,10,1,530,0.6034109191969037
12,2,10,1,540,0.614878396037966
12,2,10,1,550,0.626811794936657
12,2,10,1,560,0.6366860740818083
12,2,10,1,570,0.6489828401245177
12,2,10,1,580,0.6620067078620195
12,2,10,1,590,0.6729990802705288
12,2,10,2,20,0.022765072993934155
12,2,10,2,30,0.034382618963718414
12,2,10,2,40,0.0455691940151155
12,2,10,2,50,0.057342818938195705
12,2,10,2,60,0.06874370062723756
12,2,10,2,70,0.08023609779775143
12,2,10,2,80,0.09167483123019338
12,2,10,2,90,0.10268395533785224
12,2,10,2,100,0.11385238589718938
12,2,10,2,110,0.12577167805284262
12,2,10,2,120,0.13682660507038236
12,2,10,2,130,0.14875040063634515
12,2,10,2,140,0.15918104629963636
12,2,10,2,150,0.1708844299428165
12,2,10,2,160,0.18217420391738415
12,2,10,2,170,0.19472341099753976
12,2,10,2,180,0.20514352060854435
12,2,10,2,190,0.2164737111888826
12,2,10,2,200,0.22797219175845385
12,2,10,2,210,0.24000319791957736
12,2,10,2,220,0.25122386682778597
12,2,10,2,230,0.2625064440071583
12,2,10,2,240,0.2734877420589328
12,2,10,2,250,0.28426721319556236
12,2,10,2,260,0.297484939917922
12,2,10,2,270,0.30757063580676913
12,2,10,2,280,0.31940049305558205
12,2,10,2,290,0.3309458461590111
12,2,10,2,300,0.3613021047785878
12,2,10,2,310,0.3873408972285688
12,2,10,2,320,0.36527065094560385
12,2,10,2,330,0.37702692905440927
12,2,10,2,340,0.38787748478353024
12,2,10,2,350,0.3993516732007265
12,2,10,2,360,0.4093013368546963
12,2,10,2,370,0.42069814819842577
12,2,10,2,380,0.43282665172591805
12,2,10,2,390,0.44507511891424656
12,2,10,2,400,0.4563318630680442
12,2,10,2,410,0.46763014839962125
12,2,10,2,420,0.47802245896309614
12,2,10,2,430,0.49024499813094735
12,2,10,2,440,0.5010546110570431
12,2,10,2,450,0.5128856971859932
12,2,10,2,460,0.5241821040399373
12,2,10,2,470,0.5358717371709645
12,2,10,2,480,0.5457801427692175
12,2,10,2,490,0.5586523548699915
12,2,10,2,500,0.5691760368645191
12,2,10,2,510,0.5800493638962507
12,2,10,2,520,0.5926300222054124
12,2,10,2,530,0.6040428229607642
12,2,10,2,540,0.6152838096022606
12,2,10,2,550,0.6262908899225295
12,2,10,2,560,0.6380713577382267
12,2,10,2,570,0.6501632961444557
12,2,10,2,580,0.6607495462521911
12,2,10,2,590,0.6740396367385983
12,2,12,1,20,0.023242023773491383
12,2,12,1,30,0.0347780529409647
12,2,12,1,40,0.04621894797310233
12,2,12,1,50,0.05739009426906705
12,2,12,1,60,0.06907409895211458
12,2,12,1,70,0.08084299927577376
12,2,12,1,80,0.09232114581391215
12,2,12,1,90,0.10443067084997892
12,2,12,1,100,0.11544445715844631
12,2,12,1,110,0.1266805985942483
12,2,12,1,120,0.13812920404598117
12,2,12,1,130,0.14990164525806904
12,2,12,1,140,0.161182704847306
12,2,12,1,150,0.17315211379900575
12,2,12,1,160,0.18475361820310354
12,2,12,1,170,0.19573994167149067
12,2,12,1,180,0.20670184306800365
12,2,12,1,190,0.2181452470831573
12,2,12,1,200,0.23065519332885742
12,2,12,1,210,0.24162353482097387
12,2,12,1,220,0.2533855065703392
12,2,12,1,230,0.2643226757645607
12,2,12,1,240,0.27671575592830777
12,2,12,1,250,0.28815127816051245
12,2,12,1,260,0.2990555018186569
12,2,12,1,270,0.31118525192141533
12,2,12,1,280,0.322787465993315
12,2,12,1,290,0.3343530655838549
12,2,12,1,300,0.34566217102110386
12,2,12,1,310,0.3566709700971842
12,2,12,1,320,0.3679863726720214
12,2,12,1,330,0.380198925267905
12,2,12,1,340,0.39017839822918177
12,2,12,1,350,0.40239773504436016
12,2,12,1,360,0.413648443762213
12,2,12,1,370,0.42580133583396673
12,2,12,1,380,0.43724931590259075
12,2,12,1,390,0.4487321455962956
12,2,12,1,400,0.4614668018184602
12,2,12,1,410,0.47138005681335926
12,2,12,1,420,0.4822071143426001
12,2,12,1,430,0.4944424540735781
12,2,12,1,440,0.5056719169951975
12,2,12,1,450,0.5717175318859518
12,2,12,1,460,0.5289944629184902
12,2,12,1,470,0.5407854598015547
12,2,12,1,480,0.5520763122476637
12,2,12,1,490,0.564236065838486
12,2,12,1,500,0.5747057092376053
12,2,12,1,510,0.5872653350234032
12,2,12,1,520,0.5990856089629233
12,2,12,1,530,0.6097758691757917
12,2,12,1,540,0.6207857141271234
12,2,12,1,550,0.6334203789010644
12,2,12,1,560,0.6436457205563784
12,2,12,1,570,0.6561511438339949
12,2,12,1,580,0.6663433075882494
12,2,12,1,590,0.6794685539789498
12,2,12,2,20,0.02274615503847599
12,2,12,2,30,0.034308996982872486
12,2,12,2,40,0.04573645815253258
12,2,12,2,50,0.057600134052336216
12,2,12,2,60,0.06910138577222824
12,2,12,2,70,0.08078713901340961
12,2,12,2,80,0.09228849969804287
12,2,12,2,90,0.10392372962087393
12,2,12,2,100,0.11519030621275306
12,2,12,2,110,0.1267271521501243
12,2,12,2,120,0.1383159849792719
12,2,12,2,130,0.1507009002380073
12,2,12,2,140,0.1612843102775514
12,2,12,2,150,0.17593523301184177
12,2,12,2,160,0.18457768112421036
12,2,12,2,170,0.1956998878158629
12,2,12,2,180,0.20781758381053805
12,2,12,2,190,0.21836313419044018
12,2,12,2,200,0.23097235010936856
12,2,12,2,210,0.24200332816690207
12,2,12,2,220,0.2528305249288678
12,2,12,2,230,0.26487705018371344
12,2,12,2,240,0.276274295989424
12,2,12,2,250,0.2874929769895971
12,2,12,2,260,0.2996308892033994
12,2,12,2,270,0.3120260117575526
12,2,12,2,280,0.3220618008635938
12,2,12,2,290,0.33365874690935016
12,2,12,2,300,0.3444396238774061
12,2,12,2,310,0.35627650981768966
12,2,12,2,320,0.3680784828029573
12,2,12,2,330,0.3794679460115731
12,2,12,2,340,0.3910289411433041
12,2,12,2,350,0.40226070769131184
12,2,12,2,360,0.41313929203897715
12,2,12,2,370,0.42520775040611625
12,2,12,2,380,0.43725102581083775
12,2,12,2,390,0.4480595262721181
12,2,12,2,400,0.4597796546295285
12,2,12,2,410,0.47168118599802256
12,2,12,2,420,0.48202300211414695
12,2,12,2,430,0.49315042281523347
12,2,12,2,440,0.5042598880827427
12,2,12,2,450,0.5172514957375824
12,2,12,2,460,0.5290140747092664
12,2,12,2,470,0.5401300699450076
12,2,12,2,480,0.5515715549699962
12,2,12,2,490,0.5666890949942172
12,2,12,2,500,0.5719206831417978
12,2,12,2,510,0.5819644699804485
12,2,12,2,520,0.5932974140159786
12,2,12,2,530,0.60486651211977
12,2,12,2,540,0.6174674807116389
12,2,12,2,550,0.631571707315743
12,2,12,2,560,0.6407875861041248
12,2,12,2,570,0.6543935160152614
12,2,12,2,580,0.6645554630085826
12,2,12,2,590,0.6769369910471141
12,3,2,1,20,0.022528745234012604
12,3,2,1,30,0.03410195140168071
12,3,2,1,40,0.04535167803987861
12,3,2,1,50,0.05665167607367039
12,3,2,1,60,0.06786777917295694
12,3,2,1,70,0.07933870889246464
12,3,2,1,80,0.09081668127328157
12,3,2,1,90,0.1017015753313899
12,3,2,1,100,0.11287464527413249
12,3,2,1,110,0.12473606178537011
12,3,2,1,120,0.13545689219608903
12,3,2,1,130,0.14728790381923318
12,3,2,1,140,0.15844459598883986
12,3,2,1,150,0.16996273631229997
12,3,2,1,160,0.1805582670494914
12,3,2,1,170,0.19264507899060845
12,3,2,1,180,0.20321094896644354
12,3,2,1,190,0.2148904358036816
12,3,2,1,200,0.22612179815769196
12,3,2,1,210,0.23720340011641383
12,3,2,1,220,0.24825571291148663
12,3,2,1,230,0.2599773840047419
12,3,2,1,240,0.2708702110685408
12,3,2,1,250,0.28147295909002423
12,3,2,1,260,0.29447176633402705
12,3,2,1,270,0.3608605111949146
12,3,2,1,280,0.3155492525547743
12,3,2,1,290,0.32827116595581174
12,3,2,1,300,0.3389784302562475
12,3,2,1,310,0.3508228990249336
12,3,2,1,320,0.36212227726355195
12,3,2,1,330,0.37290637381374836
12,3,2,1,340,0.3837093128822744
12,3,2,1,350,0.39765497017651796
12,3,2,1,360,0.4052524291910231
12,3,2,1,370,0.41721191303804517
12,3,2,1,380,0.42915778094902635
12,3,2,1,390,0.4413000508211553
12,3,2,1,400,0.45215006778016686
12,3,2,1,410,0.46284667821601033
12,3,2,1,420,0.4738580477423966
12,3,2,1,430,0.4856592621654272
12,3,2,1,440,0.49782854691147804
12,3,2,1,450,0.5077008479274809
12,3,2,1,460,0.5195691091939807
12,3,2,1,470,0.5316582270897925
12,3,2,1,480,0.5416136840358377
12,3,2,1,490,0.5523442658595741
12,3,2,1,500,0.563032129779458
12,3,2,1,510,0.5748568950220942
12,3,2,1,520,0.5851311380974948
12,3,2,1,530,0.5994968991726637
12,3,2,1,540,0.6083571868948638
12,3,2,1,550,0.6212099283002317
12,3,2,1,560,0.6328108520247042
12,3,2,1,570,0.6439167968928814
12,3,2,1,580,0.654459061101079
12,3,2,1,590,0.6670835227705538
12,3,2,2,20,0.022614742629230022
12,3,2,2,30,0.033935282845050097
12,3,2,2,40,0.045092054177075624
12,3,2,2,50,0.05646734172478318
12,3,2,2,60,0.06760092405602336
12,3,2,2,70,0.07913730293512344
12,3,2,2,80,0.09035027725622058
12,3,2,2,90,0.10189395397901535
12,3,2,2,100,0.11331494990736246
12,3,2,2,110,0.12463846430182457
12,3,2,2,120,0.13568681897595525
12,3,2,2,130,0.1468242877162993
12,3,2,2,140,0.15818636631593108
12,3,2,2,150,0.16957157058641315
12,3,2,2,160,0.18019375624135137
12,3,2,2,170,0.19208153802901506
12,3,2,2,180,0.20319039607420564
12,3,2,2,190,0.21487327618524432
12,3,2,2,200,0.22598389303311706
12,3,2,2,210,0.23748099384829402
12,3,2,2,220,0.24821677105501294
12,3,2,2,230,0.26045454712584615
12,3,2,2,240,0.27086820686236024
12,3,2,2,250,0.2830928429029882
12,3,2,2,260,0.29380123084411025
12,3,2,2,270,0.30520436307415366
12,3,2,2,280,0.31647257786244154
12,3,2,2,290,0.32830399507656693
12,3,2,2,300,0.33878575917333364
12,3,2,2,310,0.3506331108510494
12,3,2,2,320,0.3618656420148909
12,3,2,2,330,0.3735108179971576
12,3,2,2,340,0.3832253897562623
12,3,2,2,350,0.3961750562302768
12,3,2,2,360,0.4068498839624226
12,3,2,2,370,0.41806884622201324
12,3,2,2,380,0.4293940863572061
12,3,2,2,390,0.44235032703727484
12,3,2,2,400,0.4534526541829109
12,3,2,2,410,0.5198033712804317
12,3,2,2,420,0.4745684969238937
12,3,2,2,430,0.485619256272912
12,3,2,2,440,0.49772057496011257
12,3,2,2,450,0.5075120613910258
12,3,2,2,460,0.5187542578205466
12,3,2,2,470,0.5309726092964411
12,3,2,2,480,0.5421726489439607
12,3,2,2,490,0.5539478901773691
12,3,2,2,500,0.5655709439888597
12,3,2,2,510,0.576391464099288
12,3,2,2,520,0.5875784158706665
12,3,2,2,530,0.5988530530594289
12,3,2,2,540,0.6078655435703695
12,3,2,2,550,0.6218664827756584
12,3,2,2,560,0.6321324398741126
12,3,2,2,570,0.6450971262529492
12,3,2,2,580,0.6550726741552353
12,3,2,2,590,0.6661968939006329
12,3,4,1,20,0.022646109107881784
12,3,4,1,30,0.03373056882992387
12,3,4,1,40,0.0451279659755528
12,3,4,1,50,0.05673951609060168
12,3,4,1,60,0.0675392160192132
12,3,4,1,70,0.07917601568624377
12,3,4,1,80,0.0905198403634131
12,3,4,1,90,0.10219715815037489
12,3,4,1,100,0.1131402119062841
12,3,4,1,110,0.12457256065681577
12,3,4,1,120,0.13540792977437377
12,3,4,1,130,0.14688120502978563
12,3,4,1,140,0.15823718486353755
12,3,4,1,150,0.17023469507694244
12,3,4,1,160,0.1812016791664064
12,3,4,1,170,0.19265561131760478
12,3,4,1,180,0.2039155988022685
12,3,4,1,190,0.21436017891392112
12,3,4,1,200,0.22531703719869256
12,3,4,1,210,0.23711631866171956
12,3,4,1,220,0.2479158267378807
12,3,4,1,230,0.26001358684152365
12,3,4,1,240,0.2706768340431154
12,3,4,1,250,0.2822037166915834
12,3,4,1,260,0.2924457988701761
12,3,4,1,270,0.3052501711063087
12,3,4,1,280,0.3157938690856099
12,3,4,1,290,0.32766434038057923
12,3,4,1,300,0.3382116788998246
12,3,4,1,310,0.34940452594310045
12,3,4,1,320,0.36141985189169645
12,3,4,1,330,0.37257156893610954
12,3,4,1,340,0.3841868410818279
12,3,4,1,350,0.39468024065718055
12,3,4,1,360,0.406185117084533
12,3,4,1,370,0.4174194079823792
12,3,4,1,380,0.42853725189343095
12,3,4,1,390,0.44135254994034767
12,3,4,1,400,0.45272104488685727
12,3,4,1,410,0.46500139962881804
12,3,4,1,420,0.4752414198592305
12,3,4,1,430,0.4856373551301658
12,3,4,1,440,0.4972695177420974
12,3,4,1,450,0.5099238744005561
12,3,4,1,460,0.5191133921034634
12,3,4,1,470,0.5329896020703018
12,3,4,1,480,0.5415356778539717
12,3,4,1,490,0.5567017667926848
12,3,4,1,500,0.5652861222624779
12,3,4,1,510,0.5784988547675312
12,3,4,1,520,0.5873276200145483
12,3,4,1,530,0.6001935908570886
12,3,4,1,540,0.6112560201436281
12,3,4,1,550,0.6215867269784212
12,3,4,1,560,0.6341824689880013
12,3,4,1,570,0.6454545659944415
12,3,4,1,580,0.6553238071501255
12,3,4,1,590,0.6689758948050439
12,3,4,2,20,0.022661287803202868
12,3,4,2,30,0.03407428786158562
12,3,4,2,40,0.045466807670891285
12,3,4,2,50,0.05670978408306837
12,3,4,2,60,0.067992621101439
12,3,4,2,70,0.07925674598664045
12,3,4,2,80,0.09027799172326922
12,3,4,2,90,0.10162822203710675
12,3,4,2,100,0.1134556126780808
12,3,4,2,110,0.1247100979089737
12,3,4,2,120,0.13590546417981386
12,3,4,2,130,0.1474825688637793
12,3,4,2,140,0.15898526133969426
12,3,4,2,150,0.16977642104029655
12,3,4,2,160,0.17988439090549946
12,3,4,2,170,0.192631334066391
12,3,4,2,180,0.20339125813916326
12,3,4,2,190,0.21475692000240088
12,3,4,2,200,0.22543288441374898
12,3,4,2,210,0.23720932472497225
12,3,4,2,220,0.24848391208797693
12,3,4,2,230,0.25937544321641326
12,3,4,2,240,0.27086441218852997
12,3,4,2,250,0.30780025105923414
12,3,4,2,260,0.32306289160624146
12,3,4,2,270,0.30549059715121984
12,3,4,2,280,0.31721812300384045
12,3,4,2,290,0.3284010849893093
12,3,4,2,300,0.33845276990905404
12,3,4,2,310,0.35203438019379973
12,3,4,2,320,0.36201128317043185
12,3,4,2,330,0.37227469217032194
12,3,4,2,340,0.3845196859911084
12,3,4,2,350,0.39568392001092434
12,3,4,2,360,0.4073522100225091
12,3,4,2,370,0.4201645031571388
12,3,4,2,380,0.4301152019761503
12,3,4,2,390,0.44214841816574335
12,3,4,2,400,0.45319556212052703
12,3,4,2,410,0.4650183501653373
12,3,4,2,420,0.47627950878813863
12,3,4,2,430,0.48765132389962673
12,3,4,2,440,0.4987189220264554
12,3,4,2,450,0.5106121711432934
12,3,4,2,460,0.5211884090676904
12,3,4,2,470,0.532477221917361
12,3,4,2,480,0.5444240658544004
12,3,4,2,490,0.5545631167478859
12,3,4,2,500,0.5663563059642911
12,3,4,2,510,0.5778852687217295
12,3,4,2,520,0.5888857017271221
12,3,4,2,530,0.6012319047003984
12,3,4,2,540,0.6105214152485132
12,3,4,2,550,0.6229665372520685
12,3,4,2,560,0.6343328417278826
12,3,4,2,570,0.6461751461029053
12,3,4,2,580,0.656553060747683
12,3,4,2,590,0.6672520311549306
12,3,6,1,20,0.022587480954825878
12,3,6,1,30,0.0340297631919384
12,3,6,1,40,0.04513892997056246
12,3,6,1,50,0.05651640705764294
12,3,6,1,60,0.06754487799480557
12,3,6,1,70,0.07903057616204023
12,3,6,1,80,0.09033726807683706
12,3,6,1,90,0.10179322026669979
12,3,6,1,100,0.11286350013688207
12,3,6,1,110,0.12423353409394622
12,3,6,1,120,0.13532590866088867
12,3,6,1,130,0.1466023251414299
12,3,6,1,140,0.15783608285710216
12,3,6,1,150,0.16936037270352244
12,3,6,1,160,0.18025334598496556
12,3,6,1,170,0.19221175089478493
12,3,6,1,180,0.20376178994774818
12,3,6,1,190,0.21502232505008578
12,3,6,1,200,0.22609835769981146
12,3,6,1,210,0.2377013904042542
12,3,6,1,220,0.24861496733501554
12,3,6,1,230,0.2602494708262384
12,3,6,1,240,0.2712088539265096
12,3,6,1,250,0.2823675158433616
12,3,6,1,260,0.2940923860296607
12,3,6,1,270,0.3057338190265
12,3,6,1,280,0.3158437767997384
12,3,6,1,290,0.3287169788964093
12,3,6,1,300,0.33886191295459867
12,3,6,1,310,0.3520882991142571
12,3,6,1,320,0.3613575901836157
12,3,6,1,330,0.3741333051584661
12,3,6,1,340,0.43992946669459343
12,3,6,1,350,0.3950126236304641
12,3,6,1,360,0.4058964201249182
12,3,6,1,370,0.41669666627421975
12,3,6,1,380,0.42809575609862804
12,3,6,1,390,0.4405531142838299
12,3,6,1,400,0.4500840362161398
12,3,6,1,410,0.46236492274329066
12,3,6,1,420,0.4738473640754819
12,3,6,1,430,0.4863163707777858
12,3,6,1,440,0.4970844709314406
12,3,6,1,450,0.5084487176500261
12,3,6,1,460,0.5194744598120451
12,3,6,1,470,0.5299789197742939
12,3,6,1,480,0.5427547949366271
12,3,6,1,490,0.5542091000825167
12,3,6,1,500,0.5667984499596059
12,3,6,1,510,0.5780506082810462
12,3,6,1,520,0.589141724165529
12,3,6,1,530,0.6012564231641591
12,3,6,1,540,0.6126223620958626
12,3,6,1,550,0.6248124842531979
12,3,6,1,560,0.6366348029114306
12,3,6,1,570,0.6480491668917239
12,3,6,1,580,0.6567856878973544
12,3,6,1,590,0.6697163032367826
12,3,6,2,20,0.02276141894981265
12,3,6,2,30,0.03424642514437437
12,3,6,2,40,0.04543791385367513
12,3,6,2,50,0.05681800516322255
12,3,6,2,60,0.06807179190218449
12,3,6,2,70,0.07940610963851213
12,3,6,2,80,0.0911294100806117
12,3,6,2,90,0.10232425900176167
12,3,6,2,100,0.11346175475046039
12,3,6,2,110,0.12555451830849051
12,3,6,2,120,0.13601037813350558
12,3,6,2,130,0.14736260985955596
12,3,6,2,140,0.15819839527830482
12,3,6,2,150,0.1700375727377832
12,3,6,2,160,0.1813260279595852
12,3,6,2,170,0.19269823608919978
12,3,6,2,180,0.2040253048762679
12,3,6,2,190,0.21638005785644054
12,3,6,2,200,0.22663326608017087
12,3,6,2,210,0.23884881287813187
12,3,6,2,220,0.24939524894580245
12,3,6,2,230,0.26124644884839654
12,3,6,2,240,0.27099263528361917
12,3,6,2,250,0.28276334004476666
12,3,6,2,260,0.29426801670342684
12,3,6,2,270,0.305720220785588
12,3,6,2,280,0.31713341316208243
12,3,6,2,290,0.32870171731337905
12,3,6,2,300,0.3394869868643582
12,3,6,2,310,0.35232796519994736
12,3,6,2,320,0.36268326733261347
12,3,6,2,330,0.3746306956745684
12,3,6,2,340,0.3854307080619037
12,3,6,2,350,0.39749749517068267
12,3,6,2,360,0.4078629049472511
12,3,6,2,370,0.4186275629326701
12,3,6,2,380,0.4287019479088485
12,3,6,2,390,0.4408019920811057
12,3,6,2,400,0.45187985710799694
12,3,6,2,410,0.4633207260631025
12,3,6,2,420,0.47445265483111143
12,3,6,2,430,0.48605566285550594
12,3,6,2,440,0.4965569181367755
12,3,6,2,450,0.5114556611515582
12,3,6,2,460,0.520217377692461
12,3,6,2,470,0.5327196610160172
12,3,6,2,480,0.5432718368247151
12,3,6,2,490,0.5554144359193742
12,3,6,2,500,0.5659187203273177
12,3,6,2,510,0.5785343968309462
12,3,6,2,520,0.587184963747859
12,3,6,2,530,0.5992995300330222
12,3,6,2,540,0.6105547496117651
12,3,6,2,550,0.6247309539467096
12,3,6,2,560,0.6350290472619236
12,3,6,2,570,0.6462613041512668
12,3,6,2,580,0.6562172309495509
12,3,6,2,590,0.6695511848665774
12,3,8,1,20,0.022581160999834538
12,3,8,1,30,0.03423256706446409
12,3,8,1,40,0.045371314976364374
12,3,8,1,50,0.0566601580940187
12,3,8,1,60,0.06831472786143422
12,3,8,1,70,0.07987461891025305
12,3,8,1,80,0.09082225104793906
12,3,8,1,90,0.10181529680266976
12,3,8,1,100,0.11240258114412427
12,3,8,1,110,0.12479789787903428
12,3,8,1,120,0.13538170885294676
12,3,8,1,130,0.14709385484457016
12,3,8,1,140,0.15848790621384978
12,3,8,1,150,0.16943030199036002
12,3,8,1,160,0.18091189209371805
12,3,8,1,170,0.19301388785243034
12,3,8,1,180,0.20385090121999383
12,3,8,1,190,0.2154408902861178
12,3,8,1,200,0.22673659212887287
12,3,8,1,210,0.23775734705850482
12,3,8,1,220,0.2487132316455245
12,3,8,1,230,0.27080667624250054
12,3,8,1,240,0.3164969990029931
12,3,8,1,250,0.2833595620468259
12,3,8,1,260,0.29437489900738
12,3,8,1,270,0.30621851189062
12,3,8,1,280,0.3163967840373516
12,3,8,1,290,0.3285576971247792
12,3,8,1,300,0.338814424816519
12,3,8,1,310,0.35068101342767477
12,3,8,1,320,0.3614991409704089
12,3,8,1,330,0.3729441910982132
12,3,8,1,340,0.38599430164322257
12,3,8,1,350,0.395825217012316
12,3,8,1,360,0.40805028285831213
12,3,8,1,370,0.41958402609452605
12,3,8,1,380,0.4306642268784344
12,3,8,1,390,0.44198102876544
12,3,8,1,400,0.45352604193612933
12,3,8,1,410,0.46447034925222397
12,3,8,1,420,0.4757513916119933
12,3,8,1,430,0.4879973749630153
12,3,8,1,440,0.4981959140859544
12,3,8,1,450,0.5098578305914998
12,3,8,1,460,0.5205120048485696
12,3,8,1,470,0.5329302377067506
12,3,8,1,480,0.5427728346548975
12,3,8,1,490,0.5551285231485963
12,3,8,1,500,0.5669896649196744
12,3,8,1,510,0.5787070663645864
12,3,8,1,520,0.5898330803029239
12,3,8,1,530,0.6017993590794504
12,3,8,1,540,0.610061164945364
12,3,8,1,550,0.6233206717297435
12,3,8,1,560,0.6337863961234689
12,3,8,1,570,0.6438574898056686
12,3,8,1,580,0.6547703137621284
12,3,8,1,590,0.6651108469814062
12,3,8,2,20,0.022623840253800154
12,3,8,2,30,0.034053775016218424
12,3,8,2,40,0.04525633109733462
12,3,8,2,50,0.0566862472333014
12,3,8,2,60,0.06796313589438796
12,3,8,2,70,0.07942376984283328
12,3,8,2,80,0.09071946004405618
12,3,8,2,90,0.10217868071049452
12,3,8,2,100,0.113576449919492
12,3,8,2,110,0.12475299881771207
12,3,8,2,120,0.13626104220747948
12,3,8,2,130,0.147684870287776
12,3,8,2,140,0.15833458490669727
12,3,8,2,150,0.17005561711266637
12,3,8,2,160,0.1805408587679267
12,3,8,2,170,0.19270835304632783
12,3,8,2,180,0.20379361184313893
12,3,8,2,190,0.21602307679131627
12,3,8,2,200,0.22610684391111135
12,3,8,2,210,0.23824832495301962
12,3,8,2,220,0.24920445075258613
12,3,8,2,230,0.261049069929868
12,3,8,2,240,0.2719680075533688
12,3,8,2,250,0.28367657167837024
12,3,8,2,260,0.2947559980675578
12,3,8,2,270,0.306770661380142
12,3,8,2,280,0.3175930785946548
12,3,8,2,290,0.32821407774463296
12,3,8,2,300,0.33915946912020445
12,3,8,2,310,0.35184040386229753
12,3,8,2,320,0.3677717070095241
12,3,8,2,330,0.4238550839945674
12,3,8,2,340,0.38531616516411304
12,3,8,2,350,0.39607346476987004
12,3,8,2,360,0.40852273907512426
12,3,8,2,370,0.418826577719301
12,3,8,2,380,0.42968369321897626
12,3,8,2,390,0.4415246252901852
12,3,8,2,400,0.45301269832998514
12,3,8,2,410,0.46507998183369637
12,3,8,2,420,0.4752838760614395
12,3,8,2,430,0.48748473497107625
12,3,8,2,440,0.49806704092770815
12,3,8,2,450,0.5103678284212947
12,3,8,2,460,0.5194397447630763
12,3,8,2,470,0.5324221812188625
12,3,8,2,480,0.5424774391576648
12,3,8,2,490,0.5539815318770707
12,3,8,2,500,0.5650018127635121
12,3,8,2,510,0.5789672280661762
12,3,8,2,520,0.5886198119260371
12,3,8,2,530,0.6008927887305617
12,3,8,2,540,0.6101294890977442
12,3,8,2,550,0.6226688413880765
12,3,8,2,560,0.6347708092071116
12,3,8,2,570,0.6453849631361663
12,3,8,2,580,0.6564234709367156
12,3,8,2,590,0.6702881068922579
12,3,10,1,20,0.022778576239943504
12,3,10,1,30,0.03428869880735874
12,3,10,1,40,0.04543677531182766
12,3,10,1,50,0.05692846700549126
12,3,10,1,60,0.06832406111061573
12,3,10,1,70,0.08005713997408748
12,3,10,1,80,0.09113252628594637
12,3,10,1,90,0.10281529510393739
12,3,10,1,100,0.11418427480384707
12,3,10,1,110,0.12560622161254287
12,3,10,1,120,0.13682014402002096
12,3,10,1,130,0.1482852278277278
12,3,10,1,140,0.15955841494724154
12,3,10,1,150,0.17113464837893844
12,3,10,1,160,0.18226856784895062
12,3,10,1,170,0.19405328761786222
12,3,10,1,180,0.20519683370366693
12,3,10,1,190,0.21630903892219067
12,3,10,1,200,0.22798975836485624
12,3,10,1,210,0.2393640768714249
12,3,10,1,220,0.25064464192837477
12,3,10,1,230,0.2623037048615515
12,3,10,1,240,0.27283182786777616
12,3,10,1,250,0.28491483675315976
12,3,10,1,260,0.2957469583489001
12,3,10,1,270,0.3074894999153912
12,3,10,1,280,0.31836304999887943
12,3,10,1,290,0.33091608667746186
12,3,10,1,300,0.3410132909193635
12,3,10,1,310,0.3530826852656901
12,3,10,1,320,0.36411665193736553
12,3,10,1,330,0.37581753684207797
12,3,10,1,340,0.3870851891115308
12,3,10,1,350,0.3996136370114982
12,3,10,1,360,0.4091056869365275
12,3,10,1,370,0.4214470530860126
12,3,10,1,380,0.4328225222416222
12,3,10,1,390,0.4446195000782609
12,3,10,1,400,0.45610024500638247
12,3,10,1,410,0.4676338122226298
12,3,10,1,420,0.4790253872051835
12,3,10,1,430,0.4912015227600932
12,3,10,1,440,0.5018107546493411
12,3,10,1,450,0.513099486939609
12,3,10,1,460,0.5251208329573274
12,3,10,1,470,0.5347922840155661
12,3,10,1,480,0.5459598461166024
12,3,10,1,490,0.5579192521981895
12,3,10,1,500,0.5701876319944859
12,3,10,1,510,0.5804137522354722
12,3,10,1,520,0.5929576917551458
12,3,10,1,530,0.6047838069498539
12,3,10,1,540,0.6160710449330509
12,3,10,1,550,0.6262995097786188
12,3,10,1,560,0.6371666607446969
12,3,10,1,570,0.649816261138767
12,3,10,1,580,0.6581734353676438
12,3,10,1,590,0.6699026790447533
12,3,10,2,20,0.022864559199661016
12,3,10,2,30,0.03434591181576252
12,3,10,2,40,0.0454827188514173
12,3,10,2,50,0.05710657639428973
12,3,10,2,60,0.06846673088148236
12,3,10,2,70,0.07975988369435072
12,3,10,2,80,0.09101236006245017
12,3,10,2,90,0.10313277877867222
12,3,10,2,100,0.11426383862271905
12,3,10,2,110,0.12618388701230288
12,3,10,2,120,0.13737510796636343
12,3,10,2,130,0.1490978030487895
12,3,10,2,140,0.1595817799679935
12,3,10,2,150,0.1713192081078887
12,3,10,2,160,0.18236077995970845
12,3,10,2,170,0.19347771629691124
12,3,10,2,180,0.2046826472505927
12,3,10,2,190,0.21661060908809304
12,3,10,2,200,0.22799125406891108
12,3,10,2,210,0.2679708320647478
12,3,10,2,220,0.2505910568870604
12,3,10,2,230,0.26231158897280693
12,3,10,2,240,0.2727411347441375
12,3,10,2,250,0.2851580772548914
12,3,10,2,260,0.29649065202102065
12,3,10,2,270,0.30691478308290243
12,3,10,2,280,0.31761663500219584
12,3,10,2,290,0.3307921080850065
12,3,10,2,300,0.34107300685718656
12,3,10,2,310,0.35302503826096654
12,3,10,2,320,0.3645406221039593
12,3,10,2,330,0.37526192702353
12,3,10,2,340,0.3875326467677951
12,3,10,2,350,0.39927369821816683
12,3,10,2,360,0.4089905861765146
12,3,10,2,370,0.42106688395142555
12,3,10,2,380,0.4319362142123282
12,3,10,2,390,0.44410600094124675
12,3,10,2,400,0.45470970030874014
12,3,10,2,410,0.4658576687797904
12,3,10,2,420,0.47703049005940557
12,3,10,2,430,0.4878506939858198
12,3,10,2,440,0.49928862089291215
12,3,10,2,450,0.5106892301701009
12,3,10,2,460,0.5216962522827089
12,3,10,2,470,0.533073429018259
12,3,10,2,480,0.5438040629960597
12,3,10,2,490,0.5581741207279265
12,3,10,2,500,0.5657422207295895
12,3,10,2,510,0.5786104826256633
12,3,10,2,520,0.5923721469007432
12,3,10,2,530,0.6037080530077219
12,3,10,2,540,0.6143152597360313
12,3,10,2,550,0.6271830187179148
12,3,10,2,560,0.6374990819022059
12,3,10,2,570,0.6483211149461567
12,3,10,2,580,0.6592064378783107
12,3,10,2,590,0.672187299001962
12,3,12,1,20,0.02304108999669552
12,3,12,1,30,0.03449599910527468
12,3,12,1,40,0.04584435699507594
12,3,12,1,50,0.05753246182575822
12,3,12,1,60,0.0687334961257875
12,3,12,1,70,0.0806031278334558
12,3,12,1,80,0.09243078297004104
12,3,12,1,90,0.10384446801617742
12,3,12,1,100,0.11495149601250887
12,3,12,1,110,0.12663161708042026
12,3,12,1,120,0.13813856104388833
12,3,12,1,130,0.14963208977133036
12,3,12,1,140,0.1604140978306532
12,3,12,1,150,0.17202564608305693
12,3,12,1,160,0.18413482792675495
12,3,12,1,170,0.19641060708090663
12,3,12,1,180,0.20707016298547387
12,3,12,1,190,0.21892422623932362
12,3,12,1,200,0.22986558498814702
12,3,12,1,210,0.24108255468308926
12,3,12,1,220,0.25222101574763656
12,3,12,1,230,0.2639089501462877
12,3,12,1,240,0.2755612311884761
12,3,12,1,250,0.2865643915720284
12,3,12,1,260,0.29913586378097534
12,3,12,1,270,0.3099652659147978
12,3,12,1,280,0.3221353366971016
12,3,12,1,290,0.38977949507534504
12,3,12,1,300,0.3441459140740335
12,3,12,1,310,0.3562628007493913
12,3,12,1,320,0.36844931868836284
12,3,12,1,330,0.3785446691326797
12,3,12,1,340,0.38976609893143177
12,3,12,1,350,0.40331354597583413
12,3,12,1,360,0.4126561488956213
12,3,12,1,370,0.4243163298815489
12,3,12,1,380,0.4357049069367349
12,3,12,1,390,0.44770140619948506
12,3,12,1,400,0.4598782090470195
12,3,12,1,410,0.4698611809872091
12,3,12,1,420,0.4824693650007248
12,3,12,1,430,0.4948505931533873
12,3,12,1,440,0.5078952959738672
12,3,12,1,450,0.5175420236773789
12,3,12,1,460,0.5282480330206454
12,3,12,1,470,0.5413257163017988
12,3,12,1,480,0.5510320952162147
12,3,12,1,490,0.5638672271743417
12,3,12,1,500,0.574296991340816
12,3,12,1,510,0.5880157719366252
12,3,12,1,520,0.5981770870275795
12,3,12,1,530,0.6117386072874069
12,3,12,1,540,0.6197811239399016
12,3,12,1,550,0.6324899750761688
12,3,12,1,560,0.6428560018539429
12,3,12,1,570,0.6553492099046707
12,3,12,1,580,0.6665864470414817
12,3,12,1,590,0.6791174407117069
12,3,12,2,20,0.0229172152467072
12,3,12,2,30,0.034706433303654194
12,3,12,2,40,0.04574110405519605
12,3,12,2,50,0.05787638295441866
12,3,12,2,60,0.06914163986220956
12,3,12,2,70,0.08074307581409812
12,3,12,2,80,0.09224105486646295
12,3,12,2,90,0.10398187814280391
12,3,12,2,100,0.115708502009511
12,3,12,2,110,0.12690329737961292
12,3,12,2,120,0.13835880113765597
12,3,12,2,130,0.14999296702444553
12,3,12,2,140,0.1603844747878611
12,3,12,2,150,0.17281847586855292
12,3,12,2,160,0.18437152821570635
12,3,12,2,170,0.1956302272155881
12,3,12,2,180,0.20724295498803258
12,3,12,2,190,0.21871842304244637
12,3,12,2,200,0.22995003266260028
12,3,12,2,210,0.24152692407369614
12,3,12,2,220,0.25288326665759087
12,3,12,2,230,0.26474286476150155
12,3,12,2,240,0.276132439263165
12,3,12,2,250,0.28783346619457006
12,3,12,2,260,0.29848603904247284
12,3,12,2,270,0.31003627786412835
12,3,12,2,280,0.32116396678611636
12,3,12,2,290,0.33316387375816703
12,3,12,2,300,0.3438453571870923
12,3,12,2,310,0.35482991905882955
12,3,12,2,320,0.366614346858114
12,3,12,2,330,0.3792926901951432
12,3,12,2,340,0.39103879779577255
12,3,12,2,350,0.40173004008829594
12,3,12,2,360,0.4133973401039839
12,3,12,2,370,0.4249864830635488
12,3,12,2,380,0.4355749129317701
12,3,12,2,390,0.4472998809069395
12,3,12,2,400,0.4583967486396432
12,3,12,2,410,0.4708575648255646
12,3,12,2,420,0.48174997605383396
12,3,12,2,430,0.4933538408949971
12,3,12,2,440,0.5059984480030835
12,3,12,2,450,0.5178146930411458
12,3,12,2,460,0.529099334962666
12,3,12,2,470,0.5403730468824506
12,3,12,2,480,0.5509642180986702
12,3,12,2,490,0.563482069876045
12,3,12,2,500,0.5721413888968527
12,3,12,2,510,0.5844588200561702
12,3,12,2,520,0.5948962010443211
12,3,12,2,530,0.6092624100856483
12,3,12,2,540,0.6201771041378379
12,3,12,2,550,0.6322385449893773
12,3,12,2,560,0.642537628300488
12,3,12,2,570,0.6563878040760756
12,3,12,2,580,0.666007683146745
12,3,12,2,590,0.6779894391074777
12,4,2,1,20,0.022519561927765608
12,4,2,1,30,0.03389397216960788
12,4,2,1,40,0.04548960831016302
12,4,2,1,50,0.056514158844947815
12,4,2,1,60,0.06765719875693321
12,4,2,1,70,0.07901164796203375
12,4,2,1,80,0.09039221378043294
12,4,2,1,90,0.10195058025419712
12,4,2,1,100,0.11285700788721442
12,4,2,1,110,0.12448289524763823
12,4,2,1,120,0.13577285781502724
12,4,2,1,130,0.14754726877436042
12,4,2,1,140,0.15829338086768985
12,4,2,1,150,0.18753705034032464
12,4,2,1,160,0.2191298669204116
12,4,2,1,170,0.19219475891441107
12,4,2,1,180,0.2040244177915156
12,4,2,1,190,0.21519971080124378
12,4,2,1,200,0.22692654002457857
12,4,2,1,210,0.23680679220706224
12,4,2,1,220,0.2488472810946405
12,4,2,1,230,0.26044755009934306
12,4,2,1,240,0.27183100720867515
12,4,2,1,250,0.2835211721248925
12,4,2,1,260,0.29472091514617205
12,4,2,1,270,0.30656446795910597
12,4,2,1,280,0.3178913127630949
12,4,2,1,290,0.328867819160223
12,4,2,1,300,0.33948469534516335
12,4,2,1,310,0.3508030059747398
12,4,2,1,320,0.36212445003911853
12,4,2,1,330,0.3730953219346702
12,4,2,1,340,0.3842939897440374
12,4,2,1,350,0.39635338727384806
12,4,2,1,360,0.4076625690795481
12,4,2,1,370,0.41761068999767303
12,4,2,1,380,0.4304225570522249
12,4,2,1,390,0.440729430411011
12,4,2,1,400,0.45201173378154635
12,4,2,1,410,0.4651589789427817
12,4,2,1,420,0.4748396622017026
12,4,2,1,430,0.487676823977381
12,4,2,1,440,0.4981353119947016
12,4,2,1,450,0.510222143959254
12,4,2,1,460,0.52123739477247
12,4,2,1,470,0.5336256879381835
12,4,2,1,480,0.5450962171889842
12,4,2,1,490,0.5571871548891068
12,4,2,1,500,0.5667041931301355
12,4,2,1,510,0.5787373227067292
12,4,2,1,520,0.5884350258857012
12,4,2,1,530,0.6006665849126875
12,4,2,1,540,0.6115632560104132
12,4,2,1,550,0.623610386159271
12,4,2,1,560,0.633593806065619
12,4,2,1,570,0.6459268927574158
12,4,2,1,580,0.6557803456671536
12,4,2,1,590,0.6689656041562557
12,4,2,2,20,0.022631620056927204
12,4,2,2,30,0.033810481894761324
12,4,2,2,40,0.04522453714162111
12,4,2,2,50,0.05655333399772644
12,4,2,2,60,0.06784653756767511
12,4,2,2,70,0.07930351793766022
12,4,2,2,80,0.09034812403842807
12,4,2,2,90,0.10210357792675495
12,4,2,2,100,0.11273018596693873
12,4,2,2,110,0.12439134297892451
12,4,2,2,120,0.1350274640135467
12,4,2,2,130,0.1469388660043478
12,4,2,2,140,0.15829140041023493
12,4,2,2,150,0.1696560550481081
12,4,2,2,160,0.1810286482796073
12,4,2,2,170,0.19274698989465833
12,4,2,2,180,0.20398471923545003
12,4,2,2,190,0.2150932950899005
12,4,2,2,200,0.22670524707064033
12,4,2,2,210,0.23817432904615998
12,4,2,2,220,0.24889730662107468
12,4,2,2,230,0.260526567697525
12,4,2,2,240,0.2712329300120473
12,4,2,2,250,0.2840451900847256
12,4,2,2,260,0.2951895338483155
12,4,2,2,270,0.3384528369642794
12,4,2,2,280,0.3388948240317404
12,4,2,2,290,0.328113442286849
12,4,2,2,300,0.33889102237299085
12,4,2,2,310,0.3522223196923733
12,4,2,2,320,0.3626425852999091
12,4,2,2,330,0.37379972729831934
12,4,2,2,340,0.38518837839365005
12,4,2,2,350,0.39645287999883294
12,4,2,2,360,0.40678964415565133
12,4,2,2,370,0.41903635021299124
12,4,2,2,380,0.43016638001427054
12,4,2,2,390,0.4419675311073661
12,4,2,2,400,0.45352948596701026
12,4,2,2,410,0.46558787440881133
12,4,2,2,420,0.4754261909984052
12,4,2,2,430,0.4869714379310608
12,4,2,2,440,0.4986302978359163
12,4,2,2,450,0.5100093982182443
12,4,2,2,460,0.520929416641593
12,4,2,2,470,0.5321493269875646
12,4,2,2,480,0.5423355889506638
12,4,2,2,490,0.5547382635995746
12,4,2,2,500,0.5680743819102645
12,4,2,2,510,0.57757658790797
12,4,2,2,520,0.5881999973207712
12,4,2,2,530,0.5985586899332702
12,4,2,2,540,0.61055704113096
12,4,2,2,550,0.6222821432165802
12,4,2,2,560,0.6329938960261643
12,4,2,2,570,0.6451249960809946
12,4,2,2,580,0.6554253827780485
12,4,2,2,590,0.6683774283155799
12,4,4,1,20,0.022748137824237347
12,4,4,1,30,0.03422335488721728
12,4,4,1,40,0.045582236256450415
12,4,4,1,50,0.056964056100696325
12,4,4,1,60,0.06813362706452608
12,4,4,1,70,0.07950172713026404
12,4,4,1,80,0.09076237212866545
12,4,4,1,90,0.10260806884616613
12,4,4,1,100,0.11332680098712444
12,4,4,1,110,0.12486646324396133
12,4,4,1,120,0.13623859314247966
12,4,4,1,130,0.14793671108782291
12,4,4,1,140,0.1589564848691225
12,4,4,1,150,0.17041660007089376
12,4,4,1,160,0.18136742059141397
12,4,4,1,170,0.19321778370067477
12,4,4,1,180,0.20379409193992615
12,4,4,1,190,0.21561188576743007
12,4,4,1,200,0.22652083588764071
12,4,4,1,210,0.23853780003264546
12,4,4,1,220,0.24914026400074363
12,4,4,1,230,0.2610204629600048
12,4,4,1,240,0.2739109839312732
12,4,4,1,250,0.2851980356499553
12,4,4,1,260,0.2961694849655032
12,4,4,1,270,0.3085868111811578
12,4,4,1,280,0.31946532567963004
12,4,4,1,290,0.33103837026283145
12,4,4,1,300,0.3413618318736553
12,4,4,1,310,0.35083278408274055
12,4,4,1,320,0.36297889007255435
12,4,4,1,330,0.3747518677264452
12,4,4,1,340,0.3849312849342823
12,4,4,1,350,0.3965381495654583
12,4,4,1,360,0.40782462107017636
12,4,4,1,370,0.42101452127099037
12,4,4,1,380,0.4309540390968323
12,4,4,1,390,0.4422742980532348
12,4,4,1,400,0.4537157481536269
12,4,4,1,410,0.46327321603894234
12,4,4,1,420,0.47749579092487693
12,4,4,1,430,0.48873791098594666
12,4,4,1,440,0.49983438290655613
12,4,4,1,450,0.5123903769999743
12,4,4,1,460,0.5226788548752666
12,4,4,1,470,0.5332523616962135
12,4,4,1,480,0.5443258350715041
12,4,4,1,490,0.5560770039446652
12,4,4,1,500,0.5664609088562429
12,4,4,1,510,0.5793878259137273
12,4,4,1,520,0.5907556982710958
12,4,4,1,530,0.6034201541915536
12,4,4,1,540,0.613493197131902
12,4,4,1,550,0.6262027611956
12,4,4,1,560,0.6359698101878166
12,4,4,1,570,0.647514495998621
12,4,4,1,580,0.6564010651782155
12,4,4,1,590,0.6704629310406744
12,4,4,2,20,0.022708997130393982
12,4,4,2,30,0.034125966019928455
12,4,4,2,40,0.045446841046214104
12,4,4,2,50,0.056787111796438694
12,4,4,2,60,0.06806407775729895
12,4,4,2,70,0.07955060992389917
12,4,4,2,80,0.09094561589881778
12,4,4,2,90,0.10215910570695996
12,4,4,2,100,0.11336412513628602
12,4,4,2,110,0.12495099194347858
12,4,4,2,120,0.1357851242646575
12,4,4,2,130,0.14715554378926754
12,4,4,2,140,0.15810430515557528
12,4,4,2,150,0.20381346391513944
12,4,4,2,160,0.20372620271518826
12,4,4,2,170,0.1920710690319538
12,4,4,2,180,0.20367917930707335
12,4,4,2,190,0.21651931293308735
12,4,4,2,200,0.22689877776429057
12,4,4,2,210,0.23798999283462763
12,4,4,2,220,0.2493331478908658
12,4,4,2,230,0.2608165377750993
12,4,4,2,240,0.27241627871990204
12,4,4,2,250,0.28448148677125573
12,4,4,2,260,0.2953520049341023
12,4,4,2,270,0.3067685067653656
12,4,4,2,280,0.31777122989296913
12,4,4,2,290,0.3290872359648347
12,4,4,2,300,0.33928636414930224
12,4,4,2,310,0.3512254301458597
12,4,4,2,320,0.36336044734343886
12,4,4,2,330,0.3751345877535641
12,4,4,2,340,0.38585834577679634
12,4,4,2,350,0.3963321028277278
12,4,4,2,360,0.4077026480808854
12,4,4,2,370,0.4203321021050215
12,4,4,2,380,0.4296266590245068
12,4,4,2,390,0.4413342997431755
12,4,4,2,400,0.45240456564351916
12,4,4,2,410,0.46516325091943145
12,4,4,2,420,0.4761030301451683
12,4,4,2,430,0.48701810324564576
12,4,4,2,440,0.49985986575484276
12,4,4,2,450,0.5116777368821204
12,4,4,2,460,0.5226900298148394
12,4,4,2,470,0.5337288239970803
12,4,4,2,480,0.5441356301307678
12,4,4,2,490,0.5551109658554196
12,4,4,2,500,0.5678683849982917
12,4,4,2,510,0.5788890277035534
12,4,4,2,520,0.5883313911035657
12,4,4,2,530,0.6015915386378765
12,4,4,2,540,0.6113891322165728
12,4,4,2,550,0.6238016346469522
12,4,4,2,560,0.6332677989266813
12,4,4,2,570,0.6443884568288922
12,4,4,2,580,0.6547315819188952
12,4,4,2,590,0.667842052411288
12,4,6,1,20,0.022814823780208826
12,4,6,1,30,0.03439817298203707
12,4,6,1,40,0.04560409998521209
12,4,6,1,50,0.05703360587358475
12,4,6,1,60,0.06837242981418967
12,4,6,1,70,0.0801008171401918
12,4,6,1,80,0.0912907849997282
12,4,6,1,90,0.10249574342742562
12,4,6,1,100,0.11418393300846219
12,4,6,1,110,0.12533850083127618
12,4,6,1,120,0.13698306400328875
12,4,6,1,130,0.1480823801830411
12,4,6,1,140,0.15931264497339725
12,4,6,1,150,0.1710150591097772
12,4,6,1,160,0.18192505091428757
12,4,6,1,170,0.19389035599306226
12,4,6,1,180,0.20549768023192883
12,4,6,1,190,0.21694204583764076
12,4,6,1,200,0.22840920370072126
12,4,6,1,210,0.240086339879781
12,4,6,1,220,0.2508566239848733
12,4,6,1,230,0.26278854068368673
12,4,6,1,240,0.27310573495924473
12,4,6,1,250,0.28494389494881034
12,4,6,1,260,0.29529830487444997
12,4,6,1,270,0.36238313699141145
12,4,6,1,280,0.31858761981129646
12,4,6,1,290,0.3307465389370918
12,4,6,1,300,0.3411892941221595
12,4,6,1,310,0.35339462012052536
12,4,6,1,320,0.3634409341029823
12,4,6,1,330,0.374878931324929
12,4,6,1,340,0.3888506172224879
12,4,6,1,350,0.3987368857488036
12,4,6,1,360,0.41047665337100625
12,4,6,1,370,0.4215045953169465
12,4,6,1,380,0.4327924191020429
12,4,6,1,390,0.4456242290325463
12,4,6,1,400,0.4562225458212197
12,4,6,1,410,0.4674299848265946
12,4,6,1,420,0.4789134110324085
12,4,6,1,430,0.49071321496739984
12,4,6,1,440,0.5016609188169241
12,4,6,1,450,0.5138116087764502
12,4,6,1,460,0.5248205279931426
12,4,6,1,470,0.5360320275649428
12,4,6,1,480,0.5459030633792281
12,4,6,1,490,0.5598377361893654
12,4,6,1,500,0.569870799779892
12,4,6,1,510,0.5814000968821347
12,4,6,1,520,0.591001205611974
12,4,6,1,530,0.6061004232615232
12,4,6,1,540,0.6176794627681375
12,4,6,1,550,0.6287069907411933
12,4,6,1,560,0.6391539350152016
12,4,6,1,570,0.6510974396951497
12,4,6,1,580,0.6665269159711897
12,4,6,1,590,0.6752677708864212
12,4,6,2,20,0.022844231221824884
12,4,6,2,30,0.03447264991700649
12,4,6,2,40,0.04568866407498717
12,4,6,2,50,0.05732842301949859
12,4,6,2,60,0.06881499104201794
12,4,6,2,70,0.07991605624556541
12,4,6,2,80,0.09107798570767045
12,4,6,2,90,0.10265530366450548
12,4,6,2,100,0.1138808922842145
12,4,6,2,110,0.12586311716586351
12,4,6,2,120,0.1367831532843411
12,4,6,2,130,0.14909946592524648
12,4,6,2,140,0.15799528872594237
12,4,6,2,150,0.16970549011602998
12,4,6,2,160,0.1806273809634149
12,4,6,2,170,0.19461674336344004
12,4,6,2,180,0.20533981500193477
12,4,6,2,190,0.2170352702960372
12,4,6,2,200,0.2283506658859551
12,4,6,2,210,0.2404552842490375
12,4,6,2,220,0.25071399472653866
12,4,6,2,230,0.2620549751445651
12,4,6,2,240,0.27256074314936996
12,4,6,2,250,0.2842391557060182
12,4,6,2,260,0.2958982060663402
12,4,6,2,270,0.3078197347931564
12,4,6,2,280,0.3187817339785397
12,4,6,2,290,0.3313530180603266
12,4,6,2,300,0.34301602514460683
12,4,6,2,310,0.35262127919122577
12,4,6,2,320,0.3637477671727538
12,4,6,2,330,0.37565899826586246
12,4,6,2,340,0.3857078477740288
12,4,6,2,350,0.3990252697840333
12,4,6,2,360,0.4081575679592788
12,4,6,2,370,0.4210118572227657
12,4,6,2,380,0.4324995572678745
12,4,6,2,390,0.44433490512892604
12,4,6,2,400,0.45838302420452237
12,4,6,2,410,0.46687527699396014
12,4,6,2,420,0.47728808177635074
12,4,6,2,430,0.48940620897337794
12,4,6,2,440,0.5006855810061097
12,4,6,2,450,0.5107062179595232
12,4,6,2,460,0.5208981418982148
12,4,6,2,470,0.5328506478108466
12,4,6,2,480,0.5440545529127121
12,4,6,2,490,0.5556815899908543
12,4,6,2,500,0.5668024360202253
12,4,6,2,510,0.5798312327824533
12,4,6,2,520,0.5891718468628824
12,4,6,2,530,0.6029074038378894
12,4,6,2,540,0.613185006659478
12,4,6,2,550,0.624323477037251
12,4,6,2,560,0.6355367847718298
12,4,6,2,570,0.647439741063863
12,4,6,2,580,0.6600578101351857
12,4,6,2,590,0.6724698841571808
12,4,8,1,20,0.023333386052399874
12,4,8,1,30,0.035014177206903696
12,4,8,1,40,0.046683790162205696
12,4,8,1,50,0.05837292782962322
12,4,8,1,60,0.06956814602017403
12,4,8,1,70,0.08142026094719768
12,4,8,1,80,0.09294624906033278
12,4,8,1,90,0.12020298093557358
12,4,8,1,100,0.1435351250693202
12,4,8,1,110,0.13836334273219109
12,4,8,1,120,0.13905610423535109
12,4,8,1,130,0.15101306000724435
12,4,8,1,140,0.16237908601760864
12,4,8,1,150,0.17403701087459922
12,4,8,1,160,0.18501685792580247
12,4,8,1,170,0.19740680838003755
12,4,8,1,180,0.20930760214105248
12,4,8,1,190,0.22114374302327633
12,4,8,1,200,0.23196468083187938
12,4,8,1,210,0.24331297678872943
12,4,8,1,220,0.2546864477917552
12,4,8,1,230,0.2672084649093449
12,4,8,1,240,0.27794809360057116
12,4,8,1,250,0.2902539800852537
12,4,8,1,260,0.301624046638608
12,4,8,1,270,0.31264685606583953
12,4,8,1,280,0.3237023949623108
12,4,8,1,290,0.33626113180071115
12,4,8,1,300,0.3470924901776016
12,4,8,1,310,0.35956652695313096
12,4,8,1,320,0.3707462684251368
12,4,8,1,330,0.38207116909325123
12,4,8,1,340,0.3926181229762733
12,4,8,1,350,0.4055146421305835
12,4,8,1,360,0.4170433459803462
12,4,8,1,370,0.428218815010041
12,4,8,1,380,0.4396085008047521
12,4,8,1,390,0.45130952494218946
12,4,8,1,400,0.4624476549215615
12,4,8,1,410,0.47393378615379333
12,4,8,1,420,0.48515461990609765
12,4,8,1,430,0.49767341185361147
12,4,8,1,440,0.5088176457211375
12,4,8,1,450,0.5196895697154105
12,4,8,1,460,0.5310094319283962
12,4,8,1,470,0.5432276767678559
12,4,8,1,480,0.5545652331784368
12,4,8,1,490,0.566138599999249
12,4,8,1,500,0.5764115760102868
12,4,8,1,510,0.5891892001964152
12,4,8,1,520,0.5994581361301243
12,4,8,1,530,0.6124566970393062
12,4,8,1,540,0.6231868132017553
12,4,8,1,550,0.6358526423573494
12,4,8,1,560,0.6460370980203152
12,4,8,1,570,0.6588136120699346
12,4,8,1,580,0.6701912730932236
12,4,8,1,590,0.6831610798835754
12,4,8,2,20,0.023000353947281837
12,4,8,2,30,0.034424667712301016
12,4,8,2,40,0.04597148997709155
12,4,8,2,50,0.0574220041744411
12,4,8,2,60,0.06888922303915024
12,4,8,2,70,0.08061746507883072
12,4,8,2,80,0.09166564093902707
12,4,8,2,90,0.10363784804940224
12,4,8,2,100,0.11466359812766314
12,4,8,2,110,0.1267518699169159
12,4,8,2,120,0.13774206629022956
12,4,8,2,130,0.15008075023069978
12,4,8,2,140,0.1609648922458291
12,4,8,2,150,0.17273842683061957
12,4,8,2,160,0.18390530813485384
12,4,8,2,170,0.19514912879094481
12,4,8,2,180,0.2060398212634027
12,4,8,2,190,0.2174385441467166
12,4,8,2,200,0.2293400103226304
12,4,8,2,210,0.24129174510017037
12,4,8,2,220,0.2567720809020102
12,4,8,2,230,0.31424719793722034
12,4,8,2,240,0.2752503198571503
12,4,8,2,250,0.2865924150682986
12,4,8,2,260,0.29808997036889195
12,4,8,2,270,0.30975261982530355
12,4,8,2,280,0.32029082626104355
12,4,8,2,290,0.3318387661129236
12,4,8,2,300,0.3430876713246107
12,4,8,2,310,0.35606279503554106
12,4,8,2,320,0.3673695782199502
12,4,8,2,330,0.3777051786892116
12,4,8,2,340,0.38955042278394103
12,4,8,2,350,0.40139739215373993
12,4,8,2,360,0.4128205208107829
12,4,8,2,370,0.425488349981606
12,4,8,2,380,0.4351233276538551
12,4,8,2,390,0.4462664988823235
12,4,8,2,400,0.458302753046155
12,4,8,2,410,0.46954671619459987
12,4,8,2,420,0.48071834491565824
12,4,8,2,430,0.4923155019059777
12,4,8,2,440,0.5033326069824398
12,4,8,2,450,0.5165055547840893
12,4,8,2,460,0.527126969769597
12,4,8,2,470,0.5385709861293435
12,4,8,2,480,0.5494469068944454
12,4,8,2,490,0.5633314279839396
12,4,8,2,500,0.5732185528613627
12,4,8,2,510,0.5851981132291257
12,4,8,2,520,0.5940488153137267
12,4,8,2,530,0.6072774562053382
12,4,8,2,540,0.6182276499457657
12,4,8,2,550,0.62984764482826
12,4,8,2,560,0.6417799605987966
12,4,8,2,570,0.6526006562635303
12,4,8,2,580,0.6632729787379503
12,4,8,2,590,0.6747563923709095
12,4,10,1,20,0.024380201939493418
12,4,10,1,30,0.036562146153301
12,4,10,1,40,0.04890572465956211
12,4,10,1,50,0.06065501272678375
12,4,10,1,60,0.07268192898482084
12,4,10,1,70,0.08490750472992659
12,4,10,1,80,0.09696055669337511
12,4,10,1,90,0.10889048734679818
12,4,10,1,100,0.12081344705075026
12,4,10,1,110,0.1329599511809647
12,4,10,1,120,0.1449749763123691
12,4,10,1,130,0.15725973527878523
12,4,10,1,140,0.1697007487528026
12,4,10,1,150,0.18160157091915607
12,4,10,1,160,0.19365623593330383
12,4,10,1,170,0.2067620139569044
12,4,10,1,180,0.21722759073600173
12,4,10,1,190,0.2301724818535149
12,4,10,1,200,0.24164499575272202
12,4,10,1,210,0.25413244403898716
12,4,10,1,220,0.2662962111644447
12,4,10,1,230,0.27804622892290354
12,4,10,1,240,0.28987881587818265
12,4,10,1,250,0.30172860296443105
12,4,10,1,260,0.3139463891275227
12,4,10,1,270,0.32617052271962166
12,4,10,1,280,0.33786181174218655
12,4,10,1,290,0.35116247134283185
12,4,10,1,300,0.3620807258412242
12,4,10,1,310,0.37382145086303353
12,4,10,1,320,0.38570390827953815
12,4,10,1,330,0.3993977280333638
12,4,10,1,340,0.4106789422221482
12,4,10,1,350,0.4244034131988883
12,4,10,1,360,0.4339205948635936
12,4,10,1,370,0.44664565194398165
12,4,10,1,380,0.45724801113829017
12,4,10,1,390,0.4706165408715606
12,4,10,1,400,0.4822983630001545
12,4,10,1,410,0.4951892476528883
12,4,10,1,420,0.5061364653520286
12,4,10,1,430,0.5192955811508
12,4,10,1,440,0.531677276827395
12,4,10,1,450,0.5429298132658005
12,4,10,1,460,0.5541495573706925
12,4,10,1,470,0.5661702710203826
12,4,10,1,480,0.5780152748338878
12,4,10,1,490,0.5904950760304928
12,4,10,1,500,0.6015757299028337
12,4,10,1,510,0.6145064900629222
12,4,10,1,520,0.6255562389269471
12,4,10,1,530,0.6401296253316104
12,4,10,1,540,0.6496039847843349
12,4,10,1,550,0.6630531526170671
12,4,10,1,560,0.6726327040232718
12,4,10,1,570,0.7393736452795565
12,4,10,1,580,0.6969009968452156
12,4,10,1,590,0.7092943689785898
12,4,10,2,20,0.023466746788471937
12,4,10,2,30,0.035293388180434704
12,4,10,2,40,0.04723896784707904
12,4,10,2,50,0.05878326902166009
12,4,10,2,60,0.07033491786569357
12,4,10,2,70,0.0822705109603703
12,4,10,2,80,0.09391142567619681
12,4,10,2,90,0.10623687226325274
12,4,10,2,100,0.11766338022425771
12,4,10,2,110,0.12984396889805794
12,4,10,2,120,0.14078724291175604
12,4,10,2,130,0.15293258102610707
12,4,10,2,140,0.16385497385635972
12,4,10,2,150,0.17584078898653388
12,4,10,2,160,0.18754986161366105
12,4,10,2,170,0.19902438204735518
12,4,10,2,180,0.21034051291644573
12,4,10,2,190,0.22267819195985794
12,4,10,2,200,0.2333764908835292
12,4,10,2,210,0.2458593910560012
12,4,10,2,220,0.2563595878891647
12,4,10,2,230,0.2689738874323666
12,4,10,2,240,0.2809041659347713
12,4,10,2,250,0.2918402669019997
12,4,10,2,260,0.30414965422824025
12,4,10,2,270,0.31603647815063596
12,4,10,2,280,0.3266345467418432
12,4,10,2,290,0.3384279031306505
12,4,10,2,300,0.3488498628139496
12,4,10,2,310,0.3623130558989942
12,4,10,2,320,0.37351866718381643
12,4,10,2,330,0.38508338388055563
12,4,10,2,340,0.39694988913834095
12,4,10,2,350,0.40831497916951776
12,4,10,2,360,0.41865785187110305
12,4,10,2,370,0.43163577374070883
12,4,10,2,380,0.44140501599758863
12,4,10,2,390,0.4554423550143838
12,4,10,2,400,0.46483972296118736
12,4,10,2,410,0.47697067772969604
12,4,10,2,420,0.48804205982014537
12,4,10,2,430,0.5010137530043721
12,4,10,2,440,0.5126814297400415
12,4,10,2,450,0.5250099962577224
12,4,10,2,460,0.5357383619993925
12,4,10,2,470,0.5500801289454103
12,4,10,2,480,0.5580555587075651
12,4,10,2,490,0.5714714312925935
12,4,10,2,500,0.5823583779856563
12,4,10,2,510,0.5938888629898429
12,4,10,2,520,0.606365192681551
12,4,10,2,530,0.6185271581634879
12,4,10,2,540,0.6285207560285926
12,4,10,2,550,0.6398759195581079
12,4,10,2,560,0.6509017767384648
12,4,10,2,570,0.6641450729221106
12,4,10,2,580,0.675617708824575
12,4,10,2,590,0.6888488931581378
12,4,12,1,20,0.027264715172350407
12,4,12,1,30,0.040552050806581974
12,4,12,1,40,0.05408219899982214
12,4,12,1,50,0.0675375978462398
12,4,12,1,60,0.08079385198652744
12,4,12,1,70,0.0945281139574945
12,4,12,1,80,0.10748330317437649
12,4,12,1,90,0.1208025231026113
12,4,12,1,100,0.13391298428177834
12,4,12,1,110,0.14782547717913985
12,4,12,1,120,0.16106352396309376
12,4,12,1,130,0.17480249563232064
12,4,12,1,140,0.18774362932890654
12,4,12,1,150,0.20236065005883574
12,4,12,1,160,0.21468137623742223
12,4,12,1,170,0.22796686924993992
12,4,12,1,180,0.24128353781998158
12,4,12,1,190,0.2551557100377977
12,4,12,1,200,0.26819642586633563
12,4,12,1,210,0.2817028407007456
12,4,12,1,220,0.29472808027639985
12,4,12,1,230,0.30870898766443133
12,4,12,1,240,0.3709651008248329
12,4,12,1,250,0.33419962925836444
12,4,12,1,260,0.34628489799797535
12,4,12,1,270,0.360805110540241
12,4,12,1,280,0.3740089531056583
12,4,12,1,290,0.38739587320014834
12,4,12,1,300,0.4007492233067751
12,4,12,1,310,0.4147038897499442
12,4,12,1,320,0.42780172312632203
12,4,12,1,330,0.4403658132068813
12,4,12,1,340,0.45350424107164145
12,4,12,1,350,0.4672249057330191
12,4,12,1,360,0.4808299131691456
12,4,12,1,370,0.49580775387585163
12,4,12,1,380,0.5072848568670452
12,4,12,1,390,0.5220849420875311
12,4,12,1,400,0.5353762931190431
12,4,12,1,410,0.5485058980993927
12,4,12,1,420,0.5605588709004223
12,4,12,1,430,0.5739332609809935
12,4,12,1,440,0.5878679319284856
12,4,12,1,450,0.6012194212526083
12,4,12,1,460,0.6132080121897161
12,4,12,1,470,0.6270714560523629
12,4,12,1,480,0.6389587200246751
12,4,12,1,490,0.6539474679157138
12,4,12,1,500,0.6668459922075272
12,4,12,1,510,0.6800148356705904
12,4,12,1,520,0.6917007188312709
12,4,12,1,530,0.7043441752903163
12,4,12,1,540,0.7172821727581322
12,4,12,1,550,0.7315911799669266
12,4,12,1,560,0.7441250141710043
12,4,12,1,570,0.7588202217593789
12,4,12,1,580,0.770443347748369
12,4,12,1,590,0.784107306972146
12,4,12,2,20,0.02504457300528884
12,4,12,2,30,0.03747874218970537
12,4,12,2,40,0.04996471991762519
12,4,12,2,50,0.06245602574199438
12,4,12,2,60,0.0746863093227148
12,4,12,2,70,0.08763000974431634
12,4,12,2,80,0.09949155105277896
12,4,12,2,90,0.11180763598531485
12,4,12,2,100,0.1243396196514368
12,4,12,2,110,0.13647804269567132
12,4,12,2,120,0.1486511849798262
12,4,12,2,130,0.16128017706796527
12,4,12,2,140,0.1740312073379755
12,4,12,2,150,0.18573743989691138
12,4,12,2,160,0.1977611929178238
12,4,12,2,170,0.21072365203872323
12,4,12,2,180,0.22336940886452794
12,4,12,2,190,0.23567392211407423
12,4,12,2,200,0.24781036470085382
12,4,12,2,210,0.2606343268416822
12,4,12,2,220,0.2724203015677631
12,4,12,2,230,0.2845733775757253
12,4,12,2,240,0.2968734069727361
12,4,12,2,250,0.3103015283122659
12,4,12,2,260,0.321470286231488
12,4,12,2,270,0.33452945901080966
12,4,12,2,280,0.3454792504198849
12,4,12,2,290,0.3596033020876348
12,4,12,2,300,0.37119084503501654
12,4,12,2,310,0.384640843141824
12,4,12,2,320,0.3951824242249131
12,4,12,2,330,0.4076492041349411
12,4,12,2,340,0.41864656191319227
12,4,12,2,350,0.43248611874878407
12,4,12,2,360,0.44482351699844
12,4,12,2,370,0.456136513967067
12,4,12,2,380,0.46881288988515735
12,4,12,2,390,0.48221123684197664
12,4,12,2,400,0.49319293815642595
12,4,12,2,410,0.505748372990638
12,4,12,2,420,0.5183909093029797
12,4,12,2,430,0.5307215456850827
12,4,12,2,440,0.5429530907422304
12,4,12,2,450,0.5557004190050066
12,4,12,2,460,0.5813745311461389
12,4,12,2,470,0.6177912270650268
12,4,12,2,480,0.5913146948441863
12,4,12,2,490,0.6043804679065943
12,4,12,2,500,0.6179205700755119
12,4,12,2,510,0.629161564167589
12,4,12,2,520,0.6393464901484549
12,4,12,2,530,0.6533410414122045
12,4,12,2,540,0.6648922893218696
12,4,12,2,550,0.6785821728408337
12,4,12,2,560,0.6905634538270533
12,4,12,2,570,0.7028273548930883
12,4,12,2,580,0.7146983249112964
12,4,12,2,590,0.7251711757853627
